INTERVAL_DATETIME,REGIONID,ROOFTOP_PV_POWER_MW,PV_TYPE,PV_QUALITY_INDICATOR,OPERATIONAL_DEMAND_MW,OPERATIONAL_DEMAND_ADJUSTMENT_MW,WDR_ESTIMATE_MW,PV_LASTCHANGED,DEMAND_LASTCHANGED
1/07/2026 0:30,NSW1,0,MEASUREMENT,1,8297,0,0,1/07/2026 0:49,1/07/2026 0:30
1/07/2026 1:00,NSW1,0,MEASUREMENT,1,8098,0,0,1/07/2026 1:19,1/07/2026 1:00
1/07/2026 1:30,NSW1,0,MEASUREMENT,1,7852,0,0,1/07/2026 1:49,1/07/2026 1:30
1/07/2026 2:00,NSW1,0,MEASUREMENT,1,7624,0,0,1/07/2026 2:19,1/07/2026 2:00
1/07/2026 2:30,NSW1,0,MEASUREMENT,1,7420,0,0,1/07/2026 2:49,1/07/2026 2:30
1/07/2026 3:00,NSW1,0,MEASUREMENT,1,7268,0,0,1/07/2026 3:19,1/07/2026 3:00
1/07/2026 3:30,NSW1,0,MEASUREMENT,1,7110,0,0,1/07/2026 3:49,1/07/2026 3:30
1/07/2026 4:00,NSW1,0,MEASUREMENT,1,7075,0,0,1/07/2026 4:19,1/07/2026 4:00
1/07/2026 4:30,NSW1,0,MEASUREMENT,1,7135,0,0,1/07/2026 4:49,1/07/2026 4:30
1/07/2026 5:00,NSW1,0,MEASUREMENT,1,7200,0,0,1/07/2026 5:19,1/07/2026 5:00
1/07/2026 5:30,NSW1,0,MEASUREMENT,1,7462,0,0,1/07/2026 5:49,1/07/2026 5:30
1/07/2026 6:00,NSW1,0,MEASUREMENT,1,7747,0,0,1/07/2026 6:18,1/07/2026 6:00
1/07/2026 6:30,NSW1,0,MEASUREMENT,1,8277,0,0,1/07/2026 6:49,1/07/2026 6:30
1/07/2026 7:00,NSW1,1.244,MEASUREMENT,1,8850,0,0,1/07/2026 7:18,1/07/2026 7:00
1/07/2026 7:30,NSW1,63.319,MEASUREMENT,1,9327,0,0,1/07/2026 7:49,1/07/2026 7:30
1/07/2026 8:00,NSW1,313.621,MEASUREMENT,1,9552,0,0,1/07/2026 8:19,1/07/2026 8:00
1/07/2026 8:30,NSW1,663.186,MEASUREMENT,1,9464,0,0,1/07/2026 8:49,1/07/2026 8:30
1/07/2026 9:00,NSW1,1082.094,MEASUREMENT,1,9095,0,0,1/07/2026 9:19,1/07/2026 9:00
1/07/2026 9:30,NSW1,1423.187,MEASUREMENT,1,8876,0,0,1/07/2026 9:48,1/07/2026 9:30
1/07/2026 10:00,NSW1,1827.985,MEASUREMENT,1,8659,0,0,1/07/2026 10:19,1/07/2026 10:00
1/07/2026 10:30,NSW1,2207.539,MEASUREMENT,1,8361,0,0,1/07/2026 10:48,1/07/2026 10:30
1/07/2026 11:00,NSW1,2499.42,MEASUREMENT,1,8095,0,0,1/07/2026 11:18,1/07/2026 11:00
1/07/2026 11:30,NSW1,2701.371,MEASUREMENT,1,7949,0,0,1/07/2026 11:48,1/07/2026 11:30
1/07/2026 12:00,NSW1,2776.658,MEASUREMENT,1,7798,0,0,1/07/2026 12:18,1/07/2026 12:00
1/07/2026 12:30,NSW1,2883.361,MEASUREMENT,1,7610,0,0,1/07/2026 12:48,1/07/2026 12:30
1/07/2026 13:00,NSW1,2933.713,MEASUREMENT,1,7417,0,0,1/07/2026 13:18,1/07/2026 13:00
1/07/2026 13:30,NSW1,2772.962,MEASUREMENT,1,7396,0,0,1/07/2026 13:48,1/07/2026 13:30
1/07/2026 14:00,NSW1,2244.495,MEASUREMENT,1,7628,0,0,1/07/2026 14:18,1/07/2026 14:00
1/07/2026 14:30,NSW1,1684.467,MEASUREMENT,1,7921,0,0,1/07/2026 14:49,1/07/2026 14:30
1/07/2026 15:00,NSW1,1057.45,MEASUREMENT,1,8350,0,0,1/07/2026 15:18,1/07/2026 15:00
1/07/2026 15:30,NSW1,773.233,MEASUREMENT,1,8571,0,0,1/07/2026 15:49,1/07/2026 15:30
1/07/2026 16:00,NSW1,543.308,MEASUREMENT,1,8776,0,0,1/07/2026 16:18,1/07/2026 16:00
1/07/2026 16:30,NSW1,300.885,MEASUREMENT,1,8923,0,0,1/07/2026 16:49,1/07/2026 16:30
1/07/2026 17:00,NSW1,36.672,MEASUREMENT,1,9386,0,0,1/07/2026 17:19,1/07/2026 17:00
1/07/2026 17:30,NSW1,0.076,MEASUREMENT,1,9820,0,0,1/07/2026 17:49,1/07/2026 17:30
1/07/2026 18:00,NSW1,0,MEASUREMENT,1,10154,0,0,1/07/2026 18:18,1/07/2026 18:00
1/07/2026 18:30,NSW1,0,MEASUREMENT,1,10126,0,0,1/07/2026 18:49,1/07/2026 18:30
1/07/2026 19:00,NSW1,0,MEASUREMENT,1,10057,0,0,1/07/2026 19:19,1/07/2026 19:00
1/07/2026 19:30,NSW1,0,MEASUREMENT,1,9866,0,0,1/07/2026 19:48,1/07/2026 19:30
1/07/2026 20:00,NSW1,0,MEASUREMENT,1,9723,0,0,1/07/2026 20:19,1/07/2026 20:00
1/07/2026 20:30,NSW1,0,MEASUREMENT,1,9539,0,0,1/07/2026 20:49,1/07/2026 20:30
1/07/2026 21:00,NSW1,0,MEASUREMENT,1,9367,0,0,1/07/2026 21:18,1/07/2026 21:00
1/07/2026 21:30,NSW1,0,MEASUREMENT,1,9168,0,0,1/07/2026 21:49,1/07/2026 21:30
1/07/2026 22:00,NSW1,0,MEASUREMENT,1,8837,0,0,1/07/2026 22:19,1/07/2026 22:00
1/07/2026 22:30,NSW1,0,MEASUREMENT,1,8705,0,0,1/07/2026 22:48,1/07/2026 22:30
1/07/2026 23:00,NSW1,0,MEASUREMENT,1,8500,0,0,1/07/2026 23:19,1/07/2026 23:00
1/07/2026 23:30,NSW1,0,MEASUREMENT,1,8283,0,0,1/07/2026 23:49,1/07/2026 23:30
2/07/2026 0:00,NSW1,0,MEASUREMENT,1,8023,0,0,2/07/2026 0:18,2/07/2026 0:00
2/07/2026 0:30,NSW1,0,MEASUREMENT,1,8019,0,0,2/07/2026 0:49,2/07/2026 0:30
2/07/2026 1:00,NSW1,0,MEASUREMENT,1,7894,0,0,2/07/2026 1:19,2/07/2026 1:00
2/07/2026 1:30,NSW1,0,MEASUREMENT,1,7694,0,0,2/07/2026 1:48,2/07/2026 1:30
2/07/2026 2:00,NSW1,0,MEASUREMENT,1,7437,0,0,2/07/2026 2:18,2/07/2026 2:00
2/07/2026 2:30,NSW1,0,MEASUREMENT,1,7239,0,0,2/07/2026 2:48,2/07/2026 2:30
2/07/2026 3:00,NSW1,0,MEASUREMENT,1,7070,0,0,2/07/2026 3:19,2/07/2026 3:00
2/07/2026 3:30,NSW1,0,MEASUREMENT,1,7000,0,0,2/07/2026 3:49,2/07/2026 3:30
2/07/2026 4:00,NSW1,0,MEASUREMENT,1,6955,0,0,2/07/2026 4:18,2/07/2026 4:00
2/07/2026 4:30,NSW1,0,MEASUREMENT,1,6946,0,0,2/07/2026 4:49,2/07/2026 4:30
2/07/2026 5:00,NSW1,0,MEASUREMENT,1,7060,0,0,2/07/2026 5:19,2/07/2026 5:00
2/07/2026 5:30,NSW1,0,MEASUREMENT,1,7351,0,0,2/07/2026 5:49,2/07/2026 5:30
2/07/2026 6:00,NSW1,0,MEASUREMENT,1,7619,0,0,2/07/2026 6:19,2/07/2026 6:00
2/07/2026 6:30,NSW1,0,MEASUREMENT,1,8097,0,0,2/07/2026 6:49,2/07/2026 6:30
2/07/2026 7:00,NSW1,1.144,MEASUREMENT,1,8630,0,0,2/07/2026 7:19,2/07/2026 7:00
2/07/2026 7:30,NSW1,45.196,MEASUREMENT,1,9043,0,0,2/07/2026 7:49,2/07/2026 7:30
2/07/2026 8:00,NSW1,289.564,MEASUREMENT,1,9231,0,0,2/07/2026 8:19,2/07/2026 8:00
2/07/2026 8:30,NSW1,736.024,MEASUREMENT,1,8932,0,0,2/07/2026 8:48,2/07/2026 8:30
2/07/2026 9:00,NSW1,1282.391,MEASUREMENT,1,8386,0,0,2/07/2026 9:19,2/07/2026 9:00
2/07/2026 9:30,NSW1,1833.45,MEASUREMENT,1,8091,0,0,2/07/2026 9:49,2/07/2026 9:30
2/07/2026 10:00,NSW1,2336.389,MEASUREMENT,1,7788,0,0,2/07/2026 10:19,2/07/2026 10:00
2/07/2026 10:30,NSW1,2787.108,MEASUREMENT,1,7492,0,0,2/07/2026 10:48,2/07/2026 10:30
2/07/2026 11:00,NSW1,3143.895,MEASUREMENT,1,7182,0,0,2/07/2026 11:18,2/07/2026 11:00
2/07/2026 11:30,NSW1,3305.167,MEASUREMENT,1,7015,0,0,2/07/2026 11:48,2/07/2026 11:30
2/07/2026 12:00,NSW1,3480.845,MEASUREMENT,1,6907,0,0,2/07/2026 12:18,2/07/2026 12:00
2/07/2026 12:30,NSW1,3561.948,MEASUREMENT,1,6769,0,0,2/07/2026 12:48,2/07/2026 12:30
2/07/2026 13:00,NSW1,3496.995,MEASUREMENT,1,6566,0,0,2/07/2026 13:18,2/07/2026 13:00
2/07/2026 13:30,NSW1,3259.527,MEASUREMENT,1,6677,0,0,2/07/2026 13:48,2/07/2026 13:30
2/07/2026 14:00,NSW1,3001.043,MEASUREMENT,1,6689,0,0,2/07/2026 14:18,2/07/2026 14:00
2/07/2026 14:30,NSW1,2687.357,MEASUREMENT,1,6786,0,0,2/07/2026 14:48,2/07/2026 14:30
2/07/2026 15:00,NSW1,2132.598,MEASUREMENT,1,7075,0,0,2/07/2026 15:19,2/07/2026 15:00
2/07/2026 15:30,NSW1,1520.957,MEASUREMENT,1,7494,0,0,2/07/2026 15:48,2/07/2026 15:30
2/07/2026 16:00,NSW1,921.308,MEASUREMENT,1,7996,0,0,2/07/2026 16:18,2/07/2026 16:00
2/07/2026 16:30,NSW1,379.166,MEASUREMENT,1,8547,0,0,2/07/2026 16:48,2/07/2026 16:30
2/07/2026 17:00,NSW1,56.073,MEASUREMENT,1,9048,0,0,2/07/2026 17:19,2/07/2026 17:00
2/07/2026 17:30,NSW1,0.146,MEASUREMENT,1,9448,0,0,2/07/2026 17:48,2/07/2026 17:30
2/07/2026 18:00,NSW1,0,MEASUREMENT,1,9806,0,0,2/07/2026 18:19,2/07/2026 18:00
2/07/2026 18:30,NSW1,0,MEASUREMENT,1,9837,0,0,2/07/2026 18:48,2/07/2026 18:30
2/07/2026 19:00,NSW1,0,MEASUREMENT,1,9840,0,0,2/07/2026 19:19,2/07/2026 19:00
2/07/2026 19:30,NSW1,0,MEASUREMENT,1,9711,0,0,2/07/2026 19:49,2/07/2026 19:30
2/07/2026 20:00,NSW1,0,MEASUREMENT,1,9585,0,0,2/07/2026 20:18,2/07/2026 20:00
2/07/2026 20:30,NSW1,0,MEASUREMENT,1,9481,0,0,2/07/2026 20:48,2/07/2026 20:30
2/07/2026 21:00,NSW1,0,MEASUREMENT,1,9345,0,0,2/07/2026 21:19,2/07/2026 21:00
2/07/2026 21:30,NSW1,0,MEASUREMENT,1,9104,0,0,2/07/2026 21:48,2/07/2026 21:30
2/07/2026 22:00,NSW1,0,MEASUREMENT,1,8822,0,0,2/07/2026 22:18,2/07/2026 22:00
2/07/2026 22:30,NSW1,0,MEASUREMENT,1,8684,0,0,2/07/2026 22:48,2/07/2026 22:30
2/07/2026 23:00,NSW1,0,MEASUREMENT,1,8464,0,0,2/07/2026 23:18,2/07/2026 23:00
2/07/2026 23:30,NSW1,0,MEASUREMENT,1,8236,0,0,2/07/2026 23:48,2/07/2026 23:30
3/07/2026 0:00,NSW1,0,MEASUREMENT,1,7994,0,0,3/07/2026 0:19,3/07/2026 0:00
3/07/2026 0:30,NSW1,0,MEASUREMENT,1,7946,0,0,3/07/2026 0:49,3/07/2026 0:30
3/07/2026 1:00,NSW1,0,MEASUREMENT,1,7870,0,0,3/07/2026 1:19,3/07/2026 1:00
3/07/2026 1:30,NSW1,0,MEASUREMENT,1,7647,0,0,3/07/2026 1:49,3/07/2026 1:30
3/07/2026 2:00,NSW1,0,MEASUREMENT,1,7425,0,0,3/07/2026 2:18,3/07/2026 2:00
3/07/2026 2:30,NSW1,0,MEASUREMENT,1,7290,0,0,3/07/2026 2:48,3/07/2026 2:30
3/07/2026 3:00,NSW1,0,MEASUREMENT,1,7137,0,0,3/07/2026 3:18,3/07/2026 3:00
3/07/2026 3:30,NSW1,0,MEASUREMENT,1,7083,0,0,3/07/2026 3:49,3/07/2026 3:30
3/07/2026 4:00,NSW1,0,MEASUREMENT,1,6978,0,0,3/07/2026 4:18,3/07/2026 4:00
3/07/2026 4:30,NSW1,0,MEASUREMENT,1,7011,0,0,3/07/2026 4:48,3/07/2026 4:30
3/07/2026 5:00,NSW1,0,MEASUREMENT,1,7036,0,0,3/07/2026 5:19,3/07/2026 5:00
3/07/2026 5:30,NSW1,0,MEASUREMENT,1,7284,0,0,3/07/2026 5:48,3/07/2026 5:30
3/07/2026 6:00,NSW1,0,MEASUREMENT,1,7589,0,0,3/07/2026 6:19,3/07/2026 6:00
3/07/2026 6:30,NSW1,0,MEASUREMENT,1,8130,0,0,3/07/2026 6:48,3/07/2026 6:30
3/07/2026 7:00,NSW1,1.306,MEASUREMENT,1,8675,0,0,3/07/2026 7:18,3/07/2026 7:00
3/07/2026 7:30,NSW1,60.95,MEASUREMENT,1,9169,0,0,3/07/2026 7:48,3/07/2026 7:30
3/07/2026 8:00,NSW1,369.8,MEASUREMENT,1,9310,0,0,3/07/2026 8:19,3/07/2026 8:00
3/07/2026 8:30,NSW1,864.164,MEASUREMENT,1,9109,0,0,3/07/2026 8:49,3/07/2026 8:30
3/07/2026 9:00,NSW1,1438.705,MEASUREMENT,1,8717,0,0,3/07/2026 9:19,3/07/2026 9:00
3/07/2026 9:30,NSW1,1981.783,MEASUREMENT,1,8366,0,0,3/07/2026 9:49,3/07/2026 9:30
3/07/2026 10:00,NSW1,2379.536,MEASUREMENT,1,8172,0,0,3/07/2026 10:19,3/07/2026 10:00
3/07/2026 10:30,NSW1,2620.263,MEASUREMENT,1,8002,0,0,3/07/2026 10:48,3/07/2026 10:30
3/07/2026 11:00,NSW1,2928.162,MEASUREMENT,1,7812,0,0,3/07/2026 11:18,3/07/2026 11:00
3/07/2026 11:30,NSW1,2983.967,MEASUREMENT,1,7858,0,0,3/07/2026 11:48,3/07/2026 11:30
3/07/2026 12:00,NSW1,3079.828,MEASUREMENT,1,7769,0,0,3/07/2026 12:18,3/07/2026 12:00
3/07/2026 12:30,NSW1,3524.963,MEASUREMENT,1,7263,0,0,3/07/2026 12:48,3/07/2026 12:30
3/07/2026 13:00,NSW1,3582.346,MEASUREMENT,1,7065,0,0,3/07/2026 13:18,3/07/2026 13:00
3/07/2026 13:30,NSW1,3424.444,MEASUREMENT,1,6933,0,0,3/07/2026 13:48,3/07/2026 13:30
3/07/2026 14:00,NSW1,3094.702,MEASUREMENT,1,6949,0,0,3/07/2026 14:18,3/07/2026 14:00
3/07/2026 14:30,NSW1,2666.498,MEASUREMENT,1,7071,0,0,3/07/2026 14:48,3/07/2026 14:30
3/07/2026 15:00,NSW1,2173.292,MEASUREMENT,1,7367,0,0,3/07/2026 15:19,3/07/2026 15:00
3/07/2026 15:30,NSW1,1584.445,MEASUREMENT,1,7760,0,0,3/07/2026 15:48,3/07/2026 15:30
3/07/2026 16:00,NSW1,946.876,MEASUREMENT,1,8283,0,0,3/07/2026 16:18,3/07/2026 16:00
3/07/2026 16:30,NSW1,385.264,MEASUREMENT,1,8885,0,0,3/07/2026 16:48,3/07/2026 16:30
3/07/2026 17:00,NSW1,54.905,MEASUREMENT,1,9506,0,0,3/07/2026 17:19,3/07/2026 17:00
3/07/2026 17:30,NSW1,0.223,MEASUREMENT,1,9970,0,0,3/07/2026 17:48,3/07/2026 17:30
3/07/2026 18:00,NSW1,0,MEASUREMENT,1,10366,0,0,3/07/2026 18:18,3/07/2026 18:00
3/07/2026 18:30,NSW1,0,MEASUREMENT,1,10336,0,0,3/07/2026 18:48,3/07/2026 18:30
3/07/2026 19:00,NSW1,0,MEASUREMENT,1,10291,0,0,3/07/2026 19:18,3/07/2026 19:00
3/07/2026 19:30,NSW1,0,MEASUREMENT,1,10133,0,0,3/07/2026 19:48,3/07/2026 19:30
3/07/2026 20:00,NSW1,0,MEASUREMENT,1,10014,0,0,3/07/2026 20:18,3/07/2026 20:00
3/07/2026 20:30,NSW1,0,MEASUREMENT,1,9918,0,0,3/07/2026 20:49,3/07/2026 20:30
3/07/2026 21:00,NSW1,0,MEASUREMENT,1,9772,0,0,3/07/2026 21:19,3/07/2026 21:00
3/07/2026 21:30,NSW1,0,MEASUREMENT,1,9586,0,0,3/07/2026 21:48,3/07/2026 21:30
3/07/2026 22:00,NSW1,0,MEASUREMENT,1,9356,0,0,3/07/2026 22:19,3/07/2026 22:00
3/07/2026 22:30,NSW1,0,MEASUREMENT,1,9151,0,0,3/07/2026 22:48,3/07/2026 22:30
3/07/2026 23:00,NSW1,0,MEASUREMENT,1,8960,0,0,3/07/2026 23:18,3/07/2026 23:00
3/07/2026 23:30,NSW1,0,MEASUREMENT,1,8703,0,0,3/07/2026 23:48,3/07/2026 23:30
4/07/2026 0:00,NSW1,0,MEASUREMENT,1,8451,0,0,4/07/2026 0:18,4/07/2026 0:00
4/07/2026 0:30,NSW1,0,MEASUREMENT,1,8468,0,0,4/07/2026 0:49,4/07/2026 0:30
4/07/2026 1:00,NSW1,0,MEASUREMENT,1,8219,0,0,4/07/2026 1:18,4/07/2026 1:00
4/07/2026 1:30,NSW1,0,MEASUREMENT,1,7970,0,0,4/07/2026 1:48,4/07/2026 1:30
4/07/2026 2:00,NSW1,0,MEASUREMENT,1,7785,0,0,4/07/2026 2:19,4/07/2026 2:00
4/07/2026 2:30,NSW1,0,MEASUREMENT,1,7541,0,0,4/07/2026 2:48,4/07/2026 2:30
4/07/2026 3:00,NSW1,0,MEASUREMENT,1,7361,0,0,4/07/2026 3:19,4/07/2026 3:00
4/07/2026 3:30,NSW1,0,MEASUREMENT,1,7246,0,0,4/07/2026 3:48,4/07/2026 3:30
4/07/2026 4:00,NSW1,0,MEASUREMENT,1,7224,0,0,4/07/2026 4:18,4/07/2026 4:00
4/07/2026 4:30,NSW1,0,MEASUREMENT,1,7378,0,0,4/07/2026 4:48,4/07/2026 4:30
4/07/2026 5:00,NSW1,0,MEASUREMENT,1,7370,0,0,4/07/2026 5:19,4/07/2026 5:00
4/07/2026 5:30,NSW1,0,MEASUREMENT,1,7502,0,0,4/07/2026 5:49,4/07/2026 5:30
4/07/2026 6:00,NSW1,0,MEASUREMENT,1,7656,0,0,4/07/2026 6:19,4/07/2026 6:00
4/07/2026 6:30,NSW1,0,MEASUREMENT,1,7942,0,0,4/07/2026 6:48,4/07/2026 6:30
4/07/2026 7:00,NSW1,1.472,MEASUREMENT,1,8233,0,0,4/07/2026 7:19,4/07/2026 7:00
4/07/2026 7:30,NSW1,70.149,MEASUREMENT,1,8633,0,0,4/07/2026 7:48,4/07/2026 7:30
4/07/2026 8:00,NSW1,420.748,MEASUREMENT,1,8766,0,0,4/07/2026 8:19,4/07/2026 8:00
4/07/2026 8:30,NSW1,968.687,MEASUREMENT,1,8695,0,0,4/07/2026 8:48,4/07/2026 8:30
4/07/2026 9:00,NSW1,1615.372,MEASUREMENT,1,8303,0,0,4/07/2026 9:19,4/07/2026 9:00
4/07/2026 9:30,NSW1,2259.703,MEASUREMENT,1,7874,0,0,4/07/2026 9:48,4/07/2026 9:30
4/07/2026 10:00,NSW1,2838.529,MEASUREMENT,1,7436,0,0,4/07/2026 10:19,4/07/2026 10:00
4/07/2026 10:30,NSW1,3285.415,MEASUREMENT,1,7024,0,0,4/07/2026 10:48,4/07/2026 10:30
4/07/2026 11:00,NSW1,3613.435,MEASUREMENT,1,6595,0,0,4/07/2026 11:18,4/07/2026 11:00
4/07/2026 11:30,NSW1,3857.667,MEASUREMENT,1,6366,0,0,4/07/2026 11:48,4/07/2026 11:30
4/07/2026 12:00,NSW1,3977.393,MEASUREMENT,1,6184,0,0,4/07/2026 12:18,4/07/2026 12:00
4/07/2026 12:30,NSW1,3948.083,MEASUREMENT,1,6077,0,0,4/07/2026 12:48,4/07/2026 12:30
4/07/2026 13:00,NSW1,3818.949,MEASUREMENT,1,5948,0,0,4/07/2026 13:18,4/07/2026 13:00
4/07/2026 13:30,NSW1,3600.707,MEASUREMENT,1,5924,0,0,4/07/2026 13:48,4/07/2026 13:30
4/07/2026 14:00,NSW1,3242.418,MEASUREMENT,1,6019,0,0,4/07/2026 14:18,4/07/2026 14:00
4/07/2026 14:30,NSW1,2802.411,MEASUREMENT,1,6164,0,0,4/07/2026 14:49,4/07/2026 14:30
4/07/2026 15:00,NSW1,2285.573,MEASUREMENT,1,6488,0,0,4/07/2026 15:18,4/07/2026 15:00
4/07/2026 15:30,NSW1,1648.246,MEASUREMENT,1,6986,0,0,4/07/2026 15:48,4/07/2026 15:30
4/07/2026 16:00,NSW1,982.498,MEASUREMENT,1,7555,0,0,4/07/2026 16:19,4/07/2026 16:00
4/07/2026 16:30,NSW1,403.969,MEASUREMENT,1,8214,0,0,4/07/2026 16:48,4/07/2026 16:30
4/07/2026 17:00,NSW1,58.964,MEASUREMENT,1,8853,0,0,4/07/2026 17:19,4/07/2026 17:00
4/07/2026 17:30,NSW1,0.187,MEASUREMENT,1,9378,0,0,4/07/2026 17:48,4/07/2026 17:30
4/07/2026 18:00,NSW1,0,MEASUREMENT,1,9812,0,0,4/07/2026 18:18,4/07/2026 18:00
4/07/2026 18:30,NSW1,0,MEASUREMENT,1,9901,0,0,4/07/2026 18:49,4/07/2026 18:30
4/07/2026 19:00,NSW1,0,MEASUREMENT,1,9900,0,0,4/07/2026 19:18,4/07/2026 19:00
4/07/2026 19:30,NSW1,0,MEASUREMENT,1,9756,0,0,4/07/2026 19:49,4/07/2026 19:30
4/07/2026 20:00,NSW1,0,MEASUREMENT,1,9702,0,0,4/07/2026 20:18,4/07/2026 20:00
4/07/2026 20:30,NSW1,0,MEASUREMENT,1,9662,0,0,4/07/2026 20:48,4/07/2026 20:30
4/07/2026 21:00,NSW1,0,MEASUREMENT,1,9578,0,0,4/07/2026 21:19,4/07/2026 21:00
4/07/2026 21:30,NSW1,0,MEASUREMENT,1,9405,0,0,4/07/2026 21:49,4/07/2026 21:30
4/07/2026 22:00,NSW1,0,MEASUREMENT,1,9179,0,0,4/07/2026 22:19,4/07/2026 22:00
4/07/2026 22:30,NSW1,0,MEASUREMENT,1,9025,0,0,4/07/2026 22:48,4/07/2026 22:30
4/07/2026 23:00,NSW1,0,MEASUREMENT,1,8836,0,0,4/07/2026 23:18,4/07/2026 23:00
4/07/2026 23:30,NSW1,0,MEASUREMENT,1,8572,0,0,4/07/2026 23:49,4/07/2026 23:30
5/07/2026 0:00,NSW1,0,MEASUREMENT,1,8350,0,0,5/07/2026 0:18,5/07/2026 0:00
5/07/2026 0:30,NSW1,0,MEASUREMENT,1,8261,0,0,5/07/2026 0:49,5/07/2026 0:30
5/07/2026 1:00,NSW1,0,MEASUREMENT,1,8080,0,0,5/07/2026 1:19,5/07/2026 1:00
5/07/2026 1:30,NSW1,0,MEASUREMENT,1,7832,0,0,5/07/2026 1:48,5/07/2026 1:30
5/07/2026 2:00,NSW1,0,MEASUREMENT,1,7619,0,0,5/07/2026 2:19,5/07/2026 2:00
5/07/2026 2:30,NSW1,0,MEASUREMENT,1,7473,0,0,5/07/2026 2:48,5/07/2026 2:30
5/07/2026 3:00,NSW1,0,MEASUREMENT,1,7312,0,0,5/07/2026 3:19,5/07/2026 3:00
5/07/2026 3:30,NSW1,0,MEASUREMENT,1,7219,0,0,5/07/2026 3:49,5/07/2026 3:30
5/07/2026 4:00,NSW1,0,MEASUREMENT,1,7175,0,0,5/07/2026 4:18,5/07/2026 4:00
5/07/2026 4:30,NSW1,0,MEASUREMENT,1,7206,0,0,5/07/2026 4:49,5/07/2026 4:30
5/07/2026 5:00,NSW1,0,MEASUREMENT,1,7209,0,0,5/07/2026 5:19,5/07/2026 5:00
5/07/2026 5:30,NSW1,0,MEASUREMENT,1,7318,0,0,5/07/2026 5:48,5/07/2026 5:30
5/07/2026 6:00,NSW1,0,MEASUREMENT,1,7394,0,0,5/07/2026 6:18,5/07/2026 6:00
5/07/2026 6:30,NSW1,0,MEASUREMENT,1,7619,0,0,5/07/2026 6:48,5/07/2026 6:30
5/07/2026 7:00,NSW1,1.007,MEASUREMENT,1,7919,0,0,5/07/2026 7:18,5/07/2026 7:00
5/07/2026 7:30,NSW1,50.984,MEASUREMENT,1,8314,0,0,5/07/2026 7:48,5/07/2026 7:30
5/07/2026 8:00,NSW1,309.958,MEASUREMENT,1,8627,0,0,5/07/2026 8:19,5/07/2026 8:00
5/07/2026 8:30,NSW1,712.551,MEASUREMENT,1,8681,0,0,5/07/2026 8:48,5/07/2026 8:30
5/07/2026 9:00,NSW1,1277.436,MEASUREMENT,1,8468,0,0,5/07/2026 9:19,5/07/2026 9:00
5/07/2026 9:30,NSW1,1689.496,MEASUREMENT,1,8337,0,0,5/07/2026 9:48,5/07/2026 9:30
5/07/2026 10:00,NSW1,2133.603,MEASUREMENT,1,8155,0,0,5/07/2026 10:19,5/07/2026 10:00
5/07/2026 10:30,NSW1,2551.734,MEASUREMENT,1,7915,0,0,5/07/2026 10:48,5/07/2026 10:30
5/07/2026 11:00,NSW1,2893.344,MEASUREMENT,1,7511,0,0,5/07/2026 11:18,5/07/2026 11:00
5/07/2026 11:30,NSW1,3158.546,MEASUREMENT,1,7367,0,0,5/07/2026 11:48,5/07/2026 11:30
5/07/2026 12:00,NSW1,2937.436,MEASUREMENT,1,7355,0,0,5/07/2026 12:18,5/07/2026 12:00
5/07/2026 12:30,NSW1,2667.271,MEASUREMENT,1,7598,0,0,5/07/2026 12:48,5/07/2026 12:30
5/07/2026 13:00,NSW1,2400.471,MEASUREMENT,1,7731,0,0,5/07/2026 13:18,5/07/2026 13:00
5/07/2026 13:30,NSW1,2318.411,MEASUREMENT,1,7692,0,0,5/07/2026 13:48,5/07/2026 13:30
5/07/2026 14:00,NSW1,2250.659,MEASUREMENT,1,7722,0,0,5/07/2026 14:18,5/07/2026 14:00
5/07/2026 14:30,NSW1,2004.506,MEASUREMENT,1,7797,0,0,5/07/2026 14:48,5/07/2026 14:30
5/07/2026 15:00,NSW1,1671.432,MEASUREMENT,1,8041,0,0,5/07/2026 15:18,5/07/2026 15:00
5/07/2026 15:30,NSW1,1224.951,MEASUREMENT,1,8320,0,0,5/07/2026 15:48,5/07/2026 15:30
5/07/2026 16:00,NSW1,755.93,MEASUREMENT,1,8818,0,0,5/07/2026 16:18,5/07/2026 16:00
5/07/2026 16:30,NSW1,341.749,MEASUREMENT,1,9406,0,0,5/07/2026 16:48,5/07/2026 16:30
5/07/2026 17:00,NSW1,60.325,MEASUREMENT,1,10003,0,0,5/07/2026 17:18,5/07/2026 17:00
5/07/2026 17:30,NSW1,0.265,MEASUREMENT,1,10495,0,0,5/07/2026 17:48,5/07/2026 17:30
5/07/2026 18:00,NSW1,0,MEASUREMENT,1,10858,0,0,5/07/2026 18:18,5/07/2026 18:00
5/07/2026 18:30,NSW1,0,MEASUREMENT,1,10869,0,0,5/07/2026 18:48,5/07/2026 18:30
5/07/2026 19:00,NSW1,0,MEASUREMENT,1,10786,0,0,5/07/2026 19:19,5/07/2026 19:00
5/07/2026 19:30,NSW1,0,MEASUREMENT,1,10625,0,0,5/07/2026 19:48,5/07/2026 19:30
5/07/2026 20:00,NSW1,0,MEASUREMENT,1,10431,0,0,5/07/2026 20:19,5/07/2026 20:00
5/07/2026 20:30,NSW1,0,MEASUREMENT,1,10258,0,0,5/07/2026 20:49,5/07/2026 20:30
5/07/2026 21:00,NSW1,0,MEASUREMENT,1,9983,0,0,5/07/2026 21:18,5/07/2026 21:00
5/07/2026 21:30,NSW1,0,MEASUREMENT,1,9709,0,0,5/07/2026 21:48,5/07/2026 21:30
5/07/2026 22:00,NSW1,0,MEASUREMENT,1,9352,0,0,5/07/2026 22:18,5/07/2026 22:00
5/07/2026 22:30,NSW1,0,MEASUREMENT,1,9062,0,0,5/07/2026 22:48,5/07/2026 22:30
5/07/2026 23:00,NSW1,0,MEASUREMENT,1,8742,0,0,5/07/2026 23:18,5/07/2026 23:00
5/07/2026 23:30,NSW1,0,MEASUREMENT,1,8481,0,0,5/07/2026 23:49,5/07/2026 23:30
6/07/2026 0:00,NSW1,0,MEASUREMENT,1,8196,0,0,6/07/2026 0:18,6/07/2026 0:00
6/07/2026 0:30,NSW1,0,MEASUREMENT,1,8242,0,0,6/07/2026 0:48,6/07/2026 0:30
6/07/2026 1:00,NSW1,0,MEASUREMENT,1,7999,0,0,6/07/2026 1:18,6/07/2026 1:00
6/07/2026 1:30,NSW1,0,MEASUREMENT,1,7740,0,0,6/07/2026 1:48,6/07/2026 1:30
6/07/2026 2:00,NSW1,0,MEASUREMENT,1,7517,0,0,6/07/2026 2:19,6/07/2026 2:00
6/07/2026 2:30,NSW1,0,MEASUREMENT,1,7361,0,0,6/07/2026 2:48,6/07/2026 2:30
6/07/2026 3:00,NSW1,0,MEASUREMENT,1,7197,0,0,6/07/2026 3:19,6/07/2026 3:00
6/07/2026 3:30,NSW1,0,MEASUREMENT,1,7139,0,0,6/07/2026 3:48,6/07/2026 3:30
6/07/2026 4:00,NSW1,0,MEASUREMENT,1,7082,0,0,6/07/2026 4:18,6/07/2026 4:00
6/07/2026 4:30,NSW1,0,MEASUREMENT,1,7125,0,0,6/07/2026 4:49,6/07/2026 4:30
6/07/2026 5:00,NSW1,0,MEASUREMENT,1,7248,0,0,6/07/2026 5:18,6/07/2026 5:00
6/07/2026 5:30,NSW1,0,MEASUREMENT,1,7522,0,0,6/07/2026 5:48,6/07/2026 5:30
6/07/2026 6:00,NSW1,0,MEASUREMENT,1,7881,0,0,6/07/2026 6:19,6/07/2026 6:00
6/07/2026 6:30,NSW1,0,MEASUREMENT,1,8479,0,0,6/07/2026 6:49,6/07/2026 6:30
6/07/2026 7:00,NSW1,0.807,MEASUREMENT,1,9056,0,0,6/07/2026 7:19,6/07/2026 7:00
6/07/2026 7:30,NSW1,45.348,MEASUREMENT,1,9606,0,0,6/07/2026 7:48,6/07/2026 7:30
6/07/2026 8:00,NSW1,272.967,MEASUREMENT,1,9895,0,0,6/07/2026 8:19,6/07/2026 8:00
6/07/2026 8:30,NSW1,655,MEASUREMENT,1,9932,0,0,6/07/2026 8:49,6/07/2026 8:30
6/07/2026 9:00,NSW1,1159.09,MEASUREMENT,1,9648,0,0,6/07/2026 9:19,6/07/2026 9:00
6/07/2026 9:30,NSW1,1638.473,MEASUREMENT,1,9453,0,0,6/07/2026 9:49,6/07/2026 9:30
6/07/2026 10:00,NSW1,1996.074,MEASUREMENT,1,9268,0,0,6/07/2026 10:19,6/07/2026 10:00
6/07/2026 10:30,NSW1,2265.324,MEASUREMENT,1,9127,0,0,6/07/2026 10:48,6/07/2026 10:30
6/07/2026 11:00,NSW1,2316.373,MEASUREMENT,1,9016,0,0,6/07/2026 11:18,6/07/2026 11:00
6/07/2026 11:30,NSW1,2625.217,MEASUREMENT,1,8903,0,0,6/07/2026 11:48,6/07/2026 11:30
6/07/2026 12:00,NSW1,2648.137,MEASUREMENT,1,8837,0,0,6/07/2026 12:18,6/07/2026 12:00
6/07/2026 12:30,NSW1,2479.558,MEASUREMENT,1,8777,0,0,6/07/2026 12:48,6/07/2026 12:30
6/07/2026 13:00,NSW1,2474.925,MEASUREMENT,1,8717,0,0,6/07/2026 13:18,6/07/2026 13:00
6/07/2026 13:30,NSW1,2295.431,MEASUREMENT,1,8573,0,0,6/07/2026 13:48,6/07/2026 13:30
6/07/2026 14:00,NSW1,2003.973,MEASUREMENT,1,8628,0,0,6/07/2026 14:18,6/07/2026 14:00
6/07/2026 14:30,NSW1,1840.243,MEASUREMENT,1,8606,0,0,6/07/2026 14:48,6/07/2026 14:30
6/07/2026 15:00,NSW1,1678.646,MEASUREMENT,1,8642,0,0,6/07/2026 15:19,6/07/2026 15:00
6/07/2026 15:30,NSW1,1205.061,MEASUREMENT,1,8936,0,0,6/07/2026 15:48,6/07/2026 15:30
6/07/2026 16:00,NSW1,717.425,MEASUREMENT,1,9408,0,0,6/07/2026 16:18,6/07/2026 16:00
6/07/2026 16:30,NSW1,323.143,MEASUREMENT,1,9927,0,0,6/07/2026 16:49,6/07/2026 16:30
6/07/2026 17:00,NSW1,57.777,MEASUREMENT,1,10458,0,0,6/07/2026 17:18,6/07/2026 17:00
6/07/2026 17:30,NSW1,0.17,MEASUREMENT,1,10950,0,0,6/07/2026 17:48,6/07/2026 17:30
6/07/2026 18:00,NSW1,0,MEASUREMENT,1,11376,0,0,6/07/2026 18:18,6/07/2026 18:00
6/07/2026 18:30,NSW1,0,MEASUREMENT,1,11347,0,0,6/07/2026 18:48,6/07/2026 18:30
6/07/2026 19:00,NSW1,0,MEASUREMENT,1,11265,0,0,6/07/2026 19:19,6/07/2026 19:00
6/07/2026 19:30,NSW1,0,MEASUREMENT,1,11017,0,0,6/07/2026 19:48,6/07/2026 19:30
6/07/2026 20:00,NSW1,0,MEASUREMENT,1,10800,0,0,6/07/2026 20:18,6/07/2026 20:00
6/07/2026 20:30,NSW1,0,MEASUREMENT,1,10605,0,0,6/07/2026 20:48,6/07/2026 20:30
6/07/2026 21:00,NSW1,0,MEASUREMENT,1,10325,0,0,6/07/2026 21:19,6/07/2026 21:00
6/07/2026 21:30,NSW1,0,MEASUREMENT,1,10040,0,0,6/07/2026 21:48,6/07/2026 21:30
6/07/2026 22:00,NSW1,0,MEASUREMENT,1,9643,0,0,6/07/2026 22:18,6/07/2026 22:00
6/07/2026 22:30,NSW1,0,MEASUREMENT,1,9336,0,0,6/07/2026 22:49,6/07/2026 22:30
6/07/2026 23:00,NSW1,0,MEASUREMENT,1,9070,0,0,6/07/2026 23:18,6/07/2026 23:00
6/07/2026 23:30,NSW1,0,MEASUREMENT,1,8777,0,0,6/07/2026 23:49,6/07/2026 23:30
7/07/2026 0:00,NSW1,0,MEASUREMENT,1,8539,0,0,7/07/2026 0:18,7/07/2026 0:00
7/07/2026 0:30,NSW1,0,MEASUREMENT,1,8465,0,0,7/07/2026 0:48,7/07/2026 0:30
7/07/2026 1:00,NSW1,0,MEASUREMENT,1,8292,0,0,7/07/2026 1:19,7/07/2026 1:00
7/07/2026 1:30,NSW1,0,MEASUREMENT,1,7990,0,0,7/07/2026 1:48,7/07/2026 1:30
7/07/2026 2:00,NSW1,0,MEASUREMENT,1,7780,0,0,7/07/2026 2:19,7/07/2026 2:00
7/07/2026 2:30,NSW1,0,MEASUREMENT,1,7620,0,0,7/07/2026 2:49,7/07/2026 2:30
7/07/2026 3:00,NSW1,0,MEASUREMENT,1,7452,0,0,7/07/2026 3:19,7/07/2026 3:00
7/07/2026 3:30,NSW1,0,MEASUREMENT,1,7379,0,0,7/07/2026 3:49,7/07/2026 3:30
7/07/2026 4:00,NSW1,0,MEASUREMENT,1,7391,0,0,7/07/2026 4:18,7/07/2026 4:00
7/07/2026 4:30,NSW1,0,MEASUREMENT,1,7451,0,0,7/07/2026 4:49,7/07/2026 4:30
7/07/2026 5:00,NSW1,0,MEASUREMENT,1,7607,0,0,7/07/2026 5:19,7/07/2026 5:00
7/07/2026 5:30,NSW1,0,MEASUREMENT,1,7836,0,0,7/07/2026 5:48,7/07/2026 5:30
7/07/2026 6:00,NSW1,0,MEASUREMENT,1,8127,0,0,7/07/2026 6:19,7/07/2026 6:00
7/07/2026 6:30,NSW1,0,MEASUREMENT,1,8686,0,0,7/07/2026 6:48,7/07/2026 6:30
7/07/2026 7:00,NSW1,1.147,MEASUREMENT,1,9308,0,0,7/07/2026 7:18,7/07/2026 7:00
7/07/2026 7:30,NSW1,50.731,MEASUREMENT,1,9787,0,0,7/07/2026 7:48,7/07/2026 7:30
7/07/2026 8:00,NSW1,309.479,MEASUREMENT,1,10089,0,0,7/07/2026 8:19,7/07/2026 8:00
7/07/2026 8:30,NSW1,722.158,MEASUREMENT,1,9981,0,0,7/07/2026 8:49,7/07/2026 8:30
7/07/2026 9:00,NSW1,1223.574,MEASUREMENT,1,9619,0,0,7/07/2026 9:19,7/07/2026 9:00
7/07/2026 9:30,NSW1,1693.37,MEASUREMENT,1,9427,0,0,7/07/2026 9:48,7/07/2026 9:30
7/07/2026 10:00,NSW1,2121.042,MEASUREMENT,1,9143,0,0,7/07/2026 10:19,7/07/2026 10:00
7/07/2026 10:30,NSW1,2449.425,MEASUREMENT,1,8712,0,0,7/07/2026 10:48,7/07/2026 10:30
7/07/2026 11:00,NSW1,2726.806,MEASUREMENT,1,8420,0,0,7/07/2026 11:18,7/07/2026 11:00
7/07/2026 11:30,NSW1,2722.809,MEASUREMENT,1,8529,0,0,7/07/2026 11:48,7/07/2026 11:30
7/07/2026 12:00,NSW1,2478.793,MEASUREMENT,1,8605,0,0,7/07/2026 12:18,7/07/2026 12:00
7/07/2026 12:30,NSW1,2292.473,MEASUREMENT,1,8715,0,0,7/07/2026 12:48,7/07/2026 12:30
7/07/2026 13:00,NSW1,2239.398,MEASUREMENT,1,8492,0,0,7/07/2026 13:18,7/07/2026 13:00
7/07/2026 13:30,NSW1,2168.413,MEASUREMENT,1,8504,0,0,7/07/2026 13:48,7/07/2026 13:30
7/07/2026 14:00,NSW1,1824.619,MEASUREMENT,1,8641,0,0,7/07/2026 14:18,7/07/2026 14:00
7/07/2026 14:30,NSW1,1576.632,MEASUREMENT,1,8486,0,0,7/07/2026 14:48,7/07/2026 14:30
7/07/2026 15:00,NSW1,1240.619,MEASUREMENT,1,8521,0,0,7/07/2026 15:18,7/07/2026 15:00
7/07/2026 15:30,NSW1,925.782,MEASUREMENT,1,8991,0,0,7/07/2026 15:49,7/07/2026 15:30
7/07/2026 16:00,NSW1,643.518,MEASUREMENT,1,9390,0,0,7/07/2026 16:18,7/07/2026 16:00
7/07/2026 16:30,NSW1,315.492,MEASUREMENT,1,9783,0,0,7/07/2026 16:48,7/07/2026 16:30
7/07/2026 17:00,NSW1,58.051,MEASUREMENT,1,10379,0,0,7/07/2026 17:18,7/07/2026 17:00
7/07/2026 17:30,NSW1,0.19,MEASUREMENT,1,10802,0,0,7/07/2026 17:48,7/07/2026 17:30
7/07/2026 18:00,NSW1,0,MEASUREMENT,1,11220,0,0,7/07/2026 18:18,7/07/2026 18:00
7/07/2026 18:30,NSW1,0,MEASUREMENT,1,11228,0,0,7/07/2026 18:48,7/07/2026 18:30
7/07/2026 19:00,NSW1,0,MEASUREMENT,1,11136,0,0,7/07/2026 19:19,7/07/2026 19:00
7/07/2026 19:30,NSW1,0,MEASUREMENT,1,10967,0,0,7/07/2026 19:48,7/07/2026 19:30
7/07/2026 20:00,NSW1,0,MEASUREMENT,1,10713,0,0,7/07/2026 20:18,7/07/2026 20:00
7/07/2026 20:30,NSW1,0,MEASUREMENT,1,10530,0,0,7/07/2026 20:48,7/07/2026 20:30
7/07/2026 21:00,NSW1,0,MEASUREMENT,1,10318,0,0,7/07/2026 21:19,7/07/2026 21:00
7/07/2026 21:30,NSW1,0,MEASUREMENT,1,10038,0,0,7/07/2026 21:48,7/07/2026 21:30
7/07/2026 22:00,NSW1,0,MEASUREMENT,1,9650,0,0,7/07/2026 22:18,7/07/2026 22:00
7/07/2026 22:30,NSW1,0,MEASUREMENT,1,9364,0,0,7/07/2026 22:48,7/07/2026 22:30
7/07/2026 23:00,NSW1,0,MEASUREMENT,1,9090,0,0,7/07/2026 23:19,7/07/2026 23:00
7/07/2026 23:30,NSW1,0,MEASUREMENT,1,8821,0,0,7/07/2026 23:48,7/07/2026 23:30
8/07/2026 0:00,NSW1,0,MEASUREMENT,1,8551,0,0,8/07/2026 0:18,8/07/2026 0:00
8/07/2026 0:30,NSW1,0,MEASUREMENT,1,8497,0,0,8/07/2026 0:48,8/07/2026 0:30
8/07/2026 1:00,NSW1,0,MEASUREMENT,1,8341,0,0,8/07/2026 1:18,8/07/2026 1:00
8/07/2026 1:30,NSW1,0,MEASUREMENT,1,8074,0,0,8/07/2026 1:49,8/07/2026 1:30
8/07/2026 2:00,NSW1,0,MEASUREMENT,1,7869,0,0,8/07/2026 2:18,8/07/2026 2:00
8/07/2026 2:30,NSW1,0,MEASUREMENT,1,7649,0,0,8/07/2026 2:48,8/07/2026 2:30
8/07/2026 3:00,NSW1,0,MEASUREMENT,1,7550,0,0,8/07/2026 3:19,8/07/2026 3:00
8/07/2026 3:30,NSW1,0,MEASUREMENT,1,7523,0,0,8/07/2026 3:48,8/07/2026 3:30
8/07/2026 4:00,NSW1,0,MEASUREMENT,1,7485,0,0,8/07/2026 4:19,8/07/2026 4:00
8/07/2026 4:30,NSW1,0,MEASUREMENT,1,7516,0,0,8/07/2026 4:48,8/07/2026 4:30
8/07/2026 5:00,NSW1,0,MEASUREMENT,1,7647,0,0,8/07/2026 5:18,8/07/2026 5:00
8/07/2026 5:30,NSW1,0,MEASUREMENT,1,7912,0,0,8/07/2026 5:49,8/07/2026 5:30
8/07/2026 6:00,NSW1,0,MEASUREMENT,1,8162,0,0,8/07/2026 6:18,8/07/2026 6:00
8/07/2026 6:30,NSW1,0,MEASUREMENT,1,8726,0,0,8/07/2026 6:48,8/07/2026 6:30
8/07/2026 7:00,NSW1,1.237,MEASUREMENT,1,9366,0,0,8/07/2026 7:19,8/07/2026 7:00
8/07/2026 7:30,NSW1,59.615,MEASUREMENT,1,9801,0,0,8/07/2026 7:49,8/07/2026 7:30
8/07/2026 8:00,NSW1,339.139,MEASUREMENT,1,10045,0,0,8/07/2026 8:19,8/07/2026 8:00
8/07/2026 8:30,NSW1,738.199,MEASUREMENT,1,9924,0,0,8/07/2026 8:49,8/07/2026 8:30
8/07/2026 9:00,NSW1,1276.043,MEASUREMENT,1,9532,0,0,8/07/2026 9:19,8/07/2026 9:00
8/07/2026 9:30,NSW1,1852.974,MEASUREMENT,1,9099,0,0,8/07/2026 9:49,8/07/2026 9:30
8/07/2026 10:00,NSW1,2319.057,MEASUREMENT,1,8743,0,0,8/07/2026 10:19,8/07/2026 10:00
8/07/2026 10:30,NSW1,2892.781,MEASUREMENT,1,8373,0,0,8/07/2026 10:49,8/07/2026 10:30
8/07/2026 11:00,NSW1,3190.057,MEASUREMENT,1,7970,0,0,8/07/2026 11:18,8/07/2026 11:00
8/07/2026 11:30,NSW1,3237.366,MEASUREMENT,1,7906,0,0,8/07/2026 11:48,8/07/2026 11:30
8/07/2026 12:00,NSW1,3029.294,MEASUREMENT,1,8001,0,0,8/07/2026 12:18,8/07/2026 12:00
8/07/2026 12:30,NSW1,2770.517,MEASUREMENT,1,8090,0,0,8/07/2026 12:48,8/07/2026 12:30
8/07/2026 13:00,NSW1,2625.889,MEASUREMENT,1,8005,0,0,8/07/2026 13:18,8/07/2026 13:00
8/07/2026 13:30,NSW1,2581.928,MEASUREMENT,1,7962,0,0,8/07/2026 13:48,8/07/2026 13:30
8/07/2026 14:00,NSW1,2336.081,MEASUREMENT,1,7864,0,0,8/07/2026 14:18,8/07/2026 14:00
8/07/2026 14:30,NSW1,2162.943,MEASUREMENT,1,7835,0,0,8/07/2026 14:48,8/07/2026 14:30
8/07/2026 15:00,NSW1,1663.32,MEASUREMENT,1,8202,0,0,8/07/2026 15:18,8/07/2026 15:00
8/07/2026 15:30,NSW1,1286.807,MEASUREMENT,1,8424,0,0,8/07/2026 15:48,8/07/2026 15:30
8/07/2026 16:00,NSW1,791.295,MEASUREMENT,1,8846,0,0,8/07/2026 16:18,8/07/2026 16:00
8/07/2026 16:30,NSW1,354.195,MEASUREMENT,1,9381,0,0,8/07/2026 16:49,8/07/2026 16:30
8/07/2026 17:00,NSW1,64.089,MEASUREMENT,1,9963,0,0,8/07/2026 17:18,8/07/2026 17:00
8/07/2026 17:30,NSW1,0.342,MEASUREMENT,1,10496,0,0,8/07/2026 17:48,8/07/2026 17:30
8/07/2026 18:00,NSW1,0,MEASUREMENT,1,10914,0,0,8/07/2026 18:18,8/07/2026 18:00
8/07/2026 18:30,NSW1,0,MEASUREMENT,1,10963,0,0,8/07/2026 18:48,8/07/2026 18:30
8/07/2026 19:00,NSW1,0,MEASUREMENT,1,10981,0,0,8/07/2026 19:18,8/07/2026 19:00
8/07/2026 19:30,NSW1,0,MEASUREMENT,1,10845,0,0,8/07/2026 19:48,8/07/2026 19:30
8/07/2026 20:00,NSW1,0,MEASUREMENT,1,10661,0,0,8/07/2026 20:18,8/07/2026 20:00
8/07/2026 20:30,NSW1,0,MEASUREMENT,1,10513,0,0,8/07/2026 20:49,8/07/2026 20:30
8/07/2026 21:00,NSW1,0,MEASUREMENT,1,10326,0,0,8/07/2026 21:18,8/07/2026 21:00
8/07/2026 21:30,NSW1,0,MEASUREMENT,1,10118,0,0,8/07/2026 21:48,8/07/2026 21:30
8/07/2026 22:00,NSW1,0,MEASUREMENT,1,9847,0,0,8/07/2026 22:19,8/07/2026 22:00
8/07/2026 22:30,NSW1,0,MEASUREMENT,1,9658,0,0,8/07/2026 22:48,8/07/2026 22:30
8/07/2026 23:00,NSW1,0,MEASUREMENT,1,9380,0,0,8/07/2026 23:19,8/07/2026 23:00
8/07/2026 23:30,NSW1,0,MEASUREMENT,1,9052,0,0,8/07/2026 23:48,8/07/2026 23:30
9/07/2026 0:00,NSW1,0,MEASUREMENT,1,8821,0,0,9/07/2026 0:19,9/07/2026 0:00
9/07/2026 0:30,NSW1,0,MEASUREMENT,1,8733,0,0,9/07/2026 0:48,9/07/2026 0:30
9/07/2026 1:00,NSW1,0,MEASUREMENT,1,8491,0,0,9/07/2026 1:18,9/07/2026 1:00
9/07/2026 1:30,NSW1,0,MEASUREMENT,1,8243,0,0,9/07/2026 1:48,9/07/2026 1:30
9/07/2026 2:00,NSW1,0,MEASUREMENT,1,7951,0,0,9/07/2026 2:18,9/07/2026 2:00
9/07/2026 2:30,NSW1,0,MEASUREMENT,1,7798,0,0,9/07/2026 2:48,9/07/2026 2:30
9/07/2026 3:00,NSW1,0,MEASUREMENT,1,7673,0,0,9/07/2026 3:18,9/07/2026 3:00
9/07/2026 3:30,NSW1,0,MEASUREMENT,1,7601,0,0,9/07/2026 3:48,9/07/2026 3:30
9/07/2026 4:00,NSW1,0,MEASUREMENT,1,7536,0,0,9/07/2026 4:19,9/07/2026 4:00
9/07/2026 4:30,NSW1,0,MEASUREMENT,1,7558,0,0,9/07/2026 4:48,9/07/2026 4:30
9/07/2026 5:00,NSW1,0,MEASUREMENT,1,7722,0,0,9/07/2026 5:18,9/07/2026 5:00
9/07/2026 5:30,NSW1,0,MEASUREMENT,1,7927,0,0,9/07/2026 5:48,9/07/2026 5:30
9/07/2026 6:00,NSW1,0,MEASUREMENT,1,8144,0,0,9/07/2026 6:18,9/07/2026 6:00
9/07/2026 6:30,NSW1,0,MEASUREMENT,1,8662,0,0,9/07/2026 6:49,9/07/2026 6:30
9/07/2026 7:00,NSW1,1.003,MEASUREMENT,1,9277,0,0,9/07/2026 7:19,9/07/2026 7:00
9/07/2026 7:30,NSW1,46.395,MEASUREMENT,1,9782,0,0,9/07/2026 7:48,9/07/2026 7:30
9/07/2026 8:00,NSW1,317.028,MEASUREMENT,1,10007,0,0,9/07/2026 8:18,9/07/2026 8:00
9/07/2026 8:30,NSW1,752.331,MEASUREMENT,0.7,9959,0,0,9/07/2026 8:48,9/07/2026 8:30
9/07/2026 9:00,NSW1,1319.193,MEASUREMENT,0.7,9614,0,0,9/07/2026 9:19,9/07/2026 9:00
9/07/2026 9:30,NSW1,1917.225,MEASUREMENT,0.7,9200,0,0,9/07/2026 9:49,9/07/2026 9:30
9/07/2026 10:00,NSW1,2377.636,MEASUREMENT,0.7,8728,0,0,9/07/2026 10:19,9/07/2026 10:00
9/07/2026 10:30,NSW1,2734.583,MEASUREMENT,0.7,8337,0,0,9/07/2026 10:48,9/07/2026 10:30
9/07/2026 11:00,NSW1,2935.481,MEASUREMENT,1,8073,0,0,9/07/2026 11:18,9/07/2026 11:00
9/07/2026 11:30,NSW1,3072.433,MEASUREMENT,1,7984,0,0,9/07/2026 11:48,9/07/2026 11:30
9/07/2026 12:00,NSW1,2983.318,MEASUREMENT,1,7969,0,0,9/07/2026 12:18,9/07/2026 12:00
9/07/2026 12:30,NSW1,2907.028,MEASUREMENT,1,7938,0,0,9/07/2026 12:48,9/07/2026 12:30
9/07/2026 13:00,NSW1,3048.001,MEASUREMENT,1,7825,0,0,9/07/2026 13:18,9/07/2026 13:00
9/07/2026 13:30,NSW1,2948.978,MEASUREMENT,1,7632,0,0,9/07/2026 13:48,9/07/2026 13:30
9/07/2026 14:00,NSW1,2585.282,MEASUREMENT,1,7536,0,0,9/07/2026 14:18,9/07/2026 14:00
9/07/2026 14:30,NSW1,2287.242,MEASUREMENT,1,7642,0,0,9/07/2026 14:48,9/07/2026 14:30
9/07/2026 15:00,NSW1,1811.642,MEASUREMENT,1,7895,0,0,9/07/2026 15:19,9/07/2026 15:00
9/07/2026 15:30,NSW1,1435.22,MEASUREMENT,1,8194,0,0,9/07/2026 15:48,9/07/2026 15:30
9/07/2026 16:00,NSW1,945.543,MEASUREMENT,1,8669,0,0,9/07/2026 16:18,9/07/2026 16:00
9/07/2026 16:30,NSW1,427.176,MEASUREMENT,1,9165,0,0,9/07/2026 16:49,9/07/2026 16:30
9/07/2026 17:00,NSW1,73.796,MEASUREMENT,1,9857,0,0,9/07/2026 17:18,9/07/2026 17:00
9/07/2026 17:30,NSW1,0.455,MEASUREMENT,1,10432,0,0,9/07/2026 17:48,9/07/2026 17:30
9/07/2026 18:00,NSW1,0,MEASUREMENT,1,10822,0,0,9/07/2026 18:18,9/07/2026 18:00
9/07/2026 18:30,NSW1,0,MEASUREMENT,1,10905,0,0,9/07/2026 18:48,9/07/2026 18:30
9/07/2026 19:00,NSW1,0,MEASUREMENT,1,10989,0,0,9/07/2026 19:19,9/07/2026 19:00
9/07/2026 19:30,NSW1,0,MEASUREMENT,1,10858,0,0,9/07/2026 19:48,9/07/2026 19:30
9/07/2026 20:00,NSW1,0,MEASUREMENT,1,10729,0,0,9/07/2026 20:18,9/07/2026 20:00
9/07/2026 20:30,NSW1,0,MEASUREMENT,1,10637,0,0,9/07/2026 20:48,9/07/2026 20:30
9/07/2026 21:00,NSW1,0,MEASUREMENT,1,10460,0,0,9/07/2026 21:18,9/07/2026 21:00
9/07/2026 21:30,NSW1,0,MEASUREMENT,1,10168,0,0,9/07/2026 21:48,9/07/2026 21:30
9/07/2026 22:00,NSW1,0,MEASUREMENT,1,9843,0,0,9/07/2026 22:19,9/07/2026 22:00
9/07/2026 22:30,NSW1,0,MEASUREMENT,1,9590,0,0,9/07/2026 22:49,9/07/2026 22:30
9/07/2026 23:00,NSW1,0,MEASUREMENT,1,9315,0,0,9/07/2026 23:19,9/07/2026 23:00
9/07/2026 23:30,NSW1,0,MEASUREMENT,1,9027,0,0,9/07/2026 23:48,9/07/2026 23:30
10/07/2026 0:00,NSW1,0,MEASUREMENT,1,8807,0,0,10/07/2026 0:18,10/07/2026 0:00
10/07/2026 0:30,NSW1,0,MEASUREMENT,1,8866,0,0,10/07/2026 0:49,10/07/2026 0:30
10/07/2026 1:00,NSW1,0,MEASUREMENT,1,8615,0,0,10/07/2026 1:18,10/07/2026 1:00
10/07/2026 1:30,NSW1,0,MEASUREMENT,1,8330,0,0,10/07/2026 1:49,10/07/2026 1:30
10/07/2026 2:00,NSW1,0,MEASUREMENT,1,8082,0,0,10/07/2026 2:19,10/07/2026 2:00
10/07/2026 2:30,NSW1,0,MEASUREMENT,1,7888,0,0,10/07/2026 2:48,10/07/2026 2:30
10/07/2026 3:00,NSW1,0,MEASUREMENT,1,7732,0,0,10/07/2026 3:19,10/07/2026 3:00
10/07/2026 3:30,NSW1,0,MEASUREMENT,1,7641,0,0,10/07/2026 3:48,10/07/2026 3:30
10/07/2026 4:00,NSW1,0,MEASUREMENT,1,7590,0,0,10/07/2026 4:19,10/07/2026 4:00
10/07/2026 4:30,NSW1,0,MEASUREMENT,1,7643,0,0,10/07/2026 4:49,10/07/2026 4:30
10/07/2026 5:00,NSW1,0,MEASUREMENT,1,7747,0,0,10/07/2026 5:18,10/07/2026 5:00
10/07/2026 5:30,NSW1,0,MEASUREMENT,1,8090,0,0,10/07/2026 5:48,10/07/2026 5:30
10/07/2026 6:00,NSW1,0,MEASUREMENT,1,8382,0,0,10/07/2026 6:19,10/07/2026 6:00
10/07/2026 6:30,NSW1,0,MEASUREMENT,1,8932,0,0,10/07/2026 6:48,10/07/2026 6:30
10/07/2026 7:00,NSW1,1.349,MEASUREMENT,1,9528,0,0,10/07/2026 7:18,10/07/2026 7:00
10/07/2026 7:30,NSW1,65.427,MEASUREMENT,1,10026,0,0,10/07/2026 7:49,10/07/2026 7:30
10/07/2026 8:00,NSW1,398.344,MEASUREMENT,1,10255,0,0,10/07/2026 8:19,10/07/2026 8:00
10/07/2026 8:30,NSW1,851.311,MEASUREMENT,1,10175,0,0,10/07/2026 8:48,10/07/2026 8:30
10/07/2026 9:00,NSW1,1383.977,MEASUREMENT,1,9824,0,0,10/07/2026 9:19,10/07/2026 9:00
10/07/2026 9:30,NSW1,1797.833,MEASUREMENT,1,9614,0,0,10/07/2026 9:49,10/07/2026 9:30
10/07/2026 10:00,NSW1,2225.046,MEASUREMENT,1,9232,0,0,10/07/2026 10:19,10/07/2026 10:00
10/07/2026 10:30,NSW1,2813.409,MEASUREMENT,1,8812,0,0,10/07/2026 10:48,10/07/2026 10:30
10/07/2026 11:00,NSW1,3235.331,MEASUREMENT,1,8345,0,0,10/07/2026 11:18,10/07/2026 11:00
10/07/2026 11:30,NSW1,3374.77,MEASUREMENT,1,8146,0,0,10/07/2026 11:48,10/07/2026 11:30
10/07/2026 12:00,NSW1,3168.959,MEASUREMENT,1,8115,0,0,10/07/2026 12:18,10/07/2026 12:00
10/07/2026 12:30,NSW1,2884.933,MEASUREMENT,1,8052,0,0,10/07/2026 12:48,10/07/2026 12:30
10/07/2026 13:00,NSW1,2535.975,MEASUREMENT,1,8214,0,0,10/07/2026 13:19,10/07/2026 13:00
10/07/2026 13:30,NSW1,2221.16,MEASUREMENT,1,8265,0,0,10/07/2026 13:48,10/07/2026 13:30
10/07/2026 14:00,NSW1,2057.213,MEASUREMENT,1,8302,0,0,10/07/2026 14:19,10/07/2026 14:00
10/07/2026 14:30,NSW1,1667.425,MEASUREMENT,1,8356,0,0,10/07/2026 14:48,10/07/2026 14:30
10/07/2026 15:00,NSW1,1298.296,MEASUREMENT,1,8609,0,0,10/07/2026 15:18,10/07/2026 15:00
10/07/2026 15:30,NSW1,1045.736,MEASUREMENT,1,8850,0,0,10/07/2026 15:49,10/07/2026 15:30
10/07/2026 16:00,NSW1,642.895,MEASUREMENT,1,9216,0,0,10/07/2026 16:18,10/07/2026 16:00
10/07/2026 16:30,NSW1,346.527,MEASUREMENT,1,9643,0,0,10/07/2026 16:48,10/07/2026 16:30
10/07/2026 17:00,NSW1,74.738,MEASUREMENT,1,10172,0,0,10/07/2026 17:18,10/07/2026 17:00
10/07/2026 17:30,NSW1,0.873,MEASUREMENT,1,10643,0,0,10/07/2026 17:49,10/07/2026 17:30
10/07/2026 18:00,NSW1,0,MEASUREMENT,1,10945,0,0,10/07/2026 18:18,10/07/2026 18:00
10/07/2026 18:30,NSW1,0,MEASUREMENT,1,10962,0,0,10/07/2026 18:49,10/07/2026 18:30
10/07/2026 19:00,NSW1,0,MEASUREMENT,1,10842,0,0,10/07/2026 19:19,10/07/2026 19:00
10/07/2026 19:30,NSW1,0,MEASUREMENT,1,10713,0,0,10/07/2026 19:48,10/07/2026 19:30
10/07/2026 20:00,NSW1,0,MEASUREMENT,1,10599,0,0,10/07/2026 20:19,10/07/2026 20:00
10/07/2026 20:30,NSW1,0,MEASUREMENT,1,10498,0,0,10/07/2026 20:48,10/07/2026 20:30
10/07/2026 21:00,NSW1,0,MEASUREMENT,1,10369,0,0,10/07/2026 21:19,10/07/2026 21:00
10/07/2026 21:30,NSW1,0,MEASUREMENT,1,10171,0,0,10/07/2026 21:48,10/07/2026 21:30
10/07/2026 22:00,NSW1,0,MEASUREMENT,1,9895,0,0,10/07/2026 22:19,10/07/2026 22:00
10/07/2026 22:30,NSW1,0,MEASUREMENT,1,9708,0,0,10/07/2026 22:48,10/07/2026 22:30
10/07/2026 23:00,NSW1,0,MEASUREMENT,1,9490,0,0,10/07/2026 23:18,10/07/2026 23:00
10/07/2026 23:30,NSW1,0,MEASUREMENT,1,9194,0,0,10/07/2026 23:49,10/07/2026 23:30
11/07/2026 0:00,NSW1,0,MEASUREMENT,1,8955,0,0,11/07/2026 0:18,11/07/2026 0:00
11/07/2026 0:30,NSW1,0,MEASUREMENT,1,8863,0,0,11/07/2026 0:49,11/07/2026 0:30
11/07/2026 1:00,NSW1,0,MEASUREMENT,1,8638,0,0,11/07/2026 1:18,11/07/2026 1:00
11/07/2026 1:30,NSW1,0,MEASUREMENT,1,8369,0,0,11/07/2026 1:48,11/07/2026 1:30
11/07/2026 2:00,NSW1,0,MEASUREMENT,1,8115,0,0,11/07/2026 2:18,11/07/2026 2:00
11/07/2026 2:30,NSW1,0,MEASUREMENT,1,7880,0,0,11/07/2026 2:48,11/07/2026 2:30
11/07/2026 3:00,NSW1,0,MEASUREMENT,1,7859,0,0,11/07/2026 3:19,11/07/2026 3:00
11/07/2026 3:30,NSW1,0,MEASUREMENT,1,7692,0,0,11/07/2026 3:48,11/07/2026 3:30
11/07/2026 4:00,NSW1,0,MEASUREMENT,1,7573,0,0,11/07/2026 4:18,11/07/2026 4:00
11/07/2026 4:30,NSW1,0,MEASUREMENT,1,7497,0,0,11/07/2026 4:49,11/07/2026 4:30
11/07/2026 5:00,NSW1,0,MEASUREMENT,1,7516,0,0,11/07/2026 5:18,11/07/2026 5:00
11/07/2026 5:30,NSW1,0,MEASUREMENT,1,7671,0,0,11/07/2026 5:49,11/07/2026 5:30
11/07/2026 6:00,NSW1,0,MEASUREMENT,1,7822,0,0,11/07/2026 6:18,11/07/2026 6:00
11/07/2026 6:30,NSW1,0,MEASUREMENT,1,8140,0,0,11/07/2026 6:48,11/07/2026 6:30
11/07/2026 7:00,NSW1,1.857,MEASUREMENT,1,8543,0,0,11/07/2026 7:19,11/07/2026 7:00
11/07/2026 7:30,NSW1,74.717,MEASUREMENT,1,8940,0,0,11/07/2026 7:49,11/07/2026 7:30
11/07/2026 8:00,NSW1,408.003,MEASUREMENT,1,9154,0,0,11/07/2026 8:19,11/07/2026 8:00
11/07/2026 8:30,NSW1,819.233,MEASUREMENT,1,9169,0,0,11/07/2026 8:49,11/07/2026 8:30
11/07/2026 9:00,NSW1,1316.111,MEASUREMENT,1,9049,0,0,11/07/2026 9:19,11/07/2026 9:00
11/07/2026 9:30,NSW1,1859.493,MEASUREMENT,1,8842,0,0,11/07/2026 9:49,11/07/2026 9:30
11/07/2026 10:00,NSW1,2335.596,MEASUREMENT,1,8584,0,0,11/07/2026 10:19,11/07/2026 10:00
11/07/2026 10:30,NSW1,2750.095,MEASUREMENT,1,8233,0,0,11/07/2026 10:48,11/07/2026 10:30
11/07/2026 11:00,NSW1,3117.545,MEASUREMENT,1,7739,0,0,11/07/2026 11:19,11/07/2026 11:00
11/07/2026 11:30,NSW1,3584.473,MEASUREMENT,1,7251,0,0,11/07/2026 11:48,11/07/2026 11:30
11/07/2026 12:00,NSW1,3812.16,MEASUREMENT,1,6858,0,0,11/07/2026 12:19,11/07/2026 12:00
11/07/2026 12:30,NSW1,3872.187,MEASUREMENT,1,6716,0,0,11/07/2026 12:48,11/07/2026 12:30
11/07/2026 13:00,NSW1,3768.576,MEASUREMENT,1,6550,0,0,11/07/2026 13:18,11/07/2026 13:00
11/07/2026 13:30,NSW1,3589.962,MEASUREMENT,1,6409,0,0,11/07/2026 13:49,11/07/2026 13:30
11/07/2026 14:00,NSW1,3190.413,MEASUREMENT,1,6437,0,0,11/07/2026 14:18,11/07/2026 14:00
11/07/2026 14:30,NSW1,2613.456,MEASUREMENT,1,6572,0,0,11/07/2026 14:48,11/07/2026 14:30
11/07/2026 15:00,NSW1,2090.346,MEASUREMENT,1,6955,0,0,11/07/2026 15:19,11/07/2026 15:00
11/07/2026 15:30,NSW1,1448.3,MEASUREMENT,1,7516,0,0,11/07/2026 15:49,11/07/2026 15:30
11/07/2026 16:00,NSW1,872.524,MEASUREMENT,1,8048,0,0,11/07/2026 16:18,11/07/2026 16:00
11/07/2026 16:30,NSW1,426.227,MEASUREMENT,1,8599,0,0,11/07/2026 16:49,11/07/2026 16:30
11/07/2026 17:00,NSW1,78.499,MEASUREMENT,1,9213,0,0,11/07/2026 17:18,11/07/2026 17:00
11/07/2026 17:30,NSW1,0.702,MEASUREMENT,1,9763,0,0,11/07/2026 17:48,11/07/2026 17:30
11/07/2026 18:00,NSW1,0,MEASUREMENT,1,10169,0,0,11/07/2026 18:19,11/07/2026 18:00
11/07/2026 18:30,NSW1,0,MEASUREMENT,1,10221,0,0,11/07/2026 18:48,11/07/2026 18:30
11/07/2026 19:00,NSW1,0,MEASUREMENT,1,10166,0,0,11/07/2026 19:19,11/07/2026 19:00
11/07/2026 19:30,NSW1,0,MEASUREMENT,1,10086,0,0,11/07/2026 19:48,11/07/2026 19:30
11/07/2026 20:00,NSW1,0,MEASUREMENT,1,10050,0,0,11/07/2026 20:18,11/07/2026 20:00
11/07/2026 20:30,NSW1,0,MEASUREMENT,1,9935,0,0,11/07/2026 20:48,11/07/2026 20:30
11/07/2026 21:00,NSW1,0,MEASUREMENT,1,9840,0,0,11/07/2026 21:18,11/07/2026 21:00
11/07/2026 21:30,NSW1,0,MEASUREMENT,1,9673,0,0,11/07/2026 21:49,11/07/2026 21:30
11/07/2026 22:00,NSW1,0,MEASUREMENT,1,9446,0,0,11/07/2026 22:19,11/07/2026 22:00
11/07/2026 22:30,NSW1,0,MEASUREMENT,1,9298,0,0,11/07/2026 22:48,11/07/2026 22:30
11/07/2026 23:00,NSW1,0,MEASUREMENT,1,9057,0,0,11/07/2026 23:19,11/07/2026 23:00
11/07/2026 23:30,NSW1,0,MEASUREMENT,1,8786,0,0,11/07/2026 23:49,11/07/2026 23:30
12/07/2026 0:00,NSW1,0,MEASUREMENT,1,8465,0,0,12/07/2026 0:18,12/07/2026 0:00
12/07/2026 0:30,NSW1,0,MEASUREMENT,1,8424,0,0,12/07/2026 0:49,12/07/2026 0:30
12/07/2026 1:00,NSW1,0,MEASUREMENT,1,8219,0,0,12/07/2026 1:18,12/07/2026 1:00
12/07/2026 1:30,NSW1,0,MEASUREMENT,1,7975,0,0,12/07/2026 1:48,12/07/2026 1:30
12/07/2026 2:00,NSW1,0,MEASUREMENT,1,7698,0,0,12/07/2026 2:19,12/07/2026 2:00
12/07/2026 2:30,NSW1,0,MEASUREMENT,1,7592,0,0,12/07/2026 2:48,12/07/2026 2:30
12/07/2026 3:00,NSW1,0,MEASUREMENT,1,7437,0,0,12/07/2026 3:19,12/07/2026 3:00
12/07/2026 3:30,NSW1,0,MEASUREMENT,1,7275,0,0,12/07/2026 3:49,12/07/2026 3:30
12/07/2026 4:00,NSW1,0,MEASUREMENT,1,7211,0,0,12/07/2026 4:18,12/07/2026 4:00
12/07/2026 4:30,NSW1,0,MEASUREMENT,1,7158,0,0,12/07/2026 4:49,12/07/2026 4:30
12/07/2026 5:00,NSW1,0,MEASUREMENT,1,7150,0,0,12/07/2026 5:18,12/07/2026 5:00
12/07/2026 5:30,NSW1,0,MEASUREMENT,1,7247,0,0,12/07/2026 5:48,12/07/2026 5:30
12/07/2026 6:00,NSW1,0,MEASUREMENT,1,7392,0,0,12/07/2026 6:19,12/07/2026 6:00
12/07/2026 6:30,NSW1,0,MEASUREMENT,1,7549,0,0,12/07/2026 6:48,12/07/2026 6:30
12/07/2026 7:00,NSW1,1.444,MEASUREMENT,1,7955,0,0,12/07/2026 7:19,12/07/2026 7:00
12/07/2026 7:30,NSW1,56.196,MEASUREMENT,1,8302,0,0,12/07/2026 7:48,12/07/2026 7:30
12/07/2026 8:00,NSW1,318.52,MEASUREMENT,1,8528,0,0,12/07/2026 8:18,12/07/2026 8:00
12/07/2026 8:30,NSW1,851.088,MEASUREMENT,1,8530,0,0,12/07/2026 8:49,12/07/2026 8:30
12/07/2026 9:00,NSW1,1513.474,MEASUREMENT,1,8178,0,0,12/07/2026 9:19,12/07/2026 9:00
12/07/2026 9:30,NSW1,2159.525,MEASUREMENT,1,7907,0,0,12/07/2026 9:48,12/07/2026 9:30
12/07/2026 10:00,NSW1,2771.702,MEASUREMENT,1,7541,0,0,12/07/2026 10:19,12/07/2026 10:00
12/07/2026 10:30,NSW1,3234.974,MEASUREMENT,1,7323,0,0,12/07/2026 10:48,12/07/2026 10:30
12/07/2026 11:00,NSW1,3610.548,MEASUREMENT,1,6977,0,0,12/07/2026 11:18,12/07/2026 11:00
12/07/2026 11:30,NSW1,3860.153,MEASUREMENT,1,6713,0,0,12/07/2026 11:48,12/07/2026 11:30
12/07/2026 12:00,NSW1,3936.091,MEASUREMENT,1,6600,0,0,12/07/2026 12:18,12/07/2026 12:00
12/07/2026 12:30,NSW1,3926.992,MEASUREMENT,1,6497,0,0,12/07/2026 12:48,12/07/2026 12:30
12/07/2026 13:00,NSW1,3792.772,MEASUREMENT,1,6401,0,0,12/07/2026 13:18,12/07/2026 13:00
12/07/2026 13:30,NSW1,3596.192,MEASUREMENT,1,6363,0,0,12/07/2026 13:48,12/07/2026 13:30
12/07/2026 14:00,NSW1,3275.878,MEASUREMENT,1,6375,0,0,12/07/2026 14:18,12/07/2026 14:00
12/07/2026 14:30,NSW1,2811.836,MEASUREMENT,1,6576,0,0,12/07/2026 14:48,12/07/2026 14:30
12/07/2026 15:00,NSW1,2333.736,MEASUREMENT,1,6952,0,0,12/07/2026 15:18,12/07/2026 15:00
12/07/2026 15:30,NSW1,1720.839,MEASUREMENT,1,7474,0,0,12/07/2026 15:49,12/07/2026 15:30
12/07/2026 16:00,NSW1,1060.293,MEASUREMENT,1,8071,0,0,12/07/2026 16:18,12/07/2026 16:00
12/07/2026 16:30,NSW1,480.865,MEASUREMENT,1,8722,0,0,12/07/2026 16:49,12/07/2026 16:30
12/07/2026 17:00,NSW1,86.104,MEASUREMENT,1,9479,0,0,12/07/2026 17:18,12/07/2026 17:00
12/07/2026 17:30,NSW1,0.875,MEASUREMENT,1,10060,0,0,12/07/2026 17:48,12/07/2026 17:30
12/07/2026 18:00,NSW1,0,MEASUREMENT,1,10645,0,0,12/07/2026 18:18,12/07/2026 18:00
12/07/2026 18:30,NSW1,0,MEASUREMENT,1,10749,0,0,12/07/2026 18:48,12/07/2026 18:30
12/07/2026 19:00,NSW1,0,MEASUREMENT,1,10740,0,0,12/07/2026 19:18,12/07/2026 19:00
12/07/2026 19:30,NSW1,0,MEASUREMENT,1,10587,0,0,12/07/2026 19:49,12/07/2026 19:30
12/07/2026 20:00,NSW1,0,MEASUREMENT,1,10447,0,0,12/07/2026 20:18,12/07/2026 20:00
12/07/2026 20:30,NSW1,0,MEASUREMENT,1,10316,0,0,12/07/2026 20:49,12/07/2026 20:30
12/07/2026 21:00,NSW1,0,MEASUREMENT,1,10141,0,0,12/07/2026 21:18,12/07/2026 21:00
12/07/2026 21:30,NSW1,0,MEASUREMENT,1,9904,0,0,12/07/2026 21:48,12/07/2026 21:30
12/07/2026 22:00,NSW1,0,MEASUREMENT,1,9580,0,0,12/07/2026 22:18,12/07/2026 22:00
12/07/2026 22:30,NSW1,0,MEASUREMENT,1,9297,0,0,12/07/2026 22:48,12/07/2026 22:30
12/07/2026 23:00,NSW1,0,MEASUREMENT,1,9027,0,0,12/07/2026 23:18,12/07/2026 23:00
12/07/2026 23:30,NSW1,0,MEASUREMENT,1,8730,0,0,12/07/2026 23:48,12/07/2026 23:30
13/07/2026 0:00,NSW1,0,MEASUREMENT,1,8447,0,0,13/07/2026 0:18,13/07/2026 0:00
13/07/2026 0:30,NSW1,0,MEASUREMENT,1,8375,0,0,13/07/2026 0:49,13/07/2026 0:30
13/07/2026 1:00,NSW1,0,MEASUREMENT,1,8164,0,0,13/07/2026 1:18,13/07/2026 1:00
13/07/2026 1:30,NSW1,0,MEASUREMENT,1,7983,0,0,13/07/2026 1:49,13/07/2026 1:30
13/07/2026 2:00,NSW1,0,MEASUREMENT,1,7884,0,0,13/07/2026 2:18,13/07/2026 2:00
13/07/2026 2:30,NSW1,0,MEASUREMENT,1,7633,0,0,13/07/2026 2:48,13/07/2026 2:30
13/07/2026 3:00,NSW1,0,MEASUREMENT,1,7498,0,0,13/07/2026 3:19,13/07/2026 3:00
13/07/2026 3:30,NSW1,0,MEASUREMENT,1,7404,0,0,13/07/2026 3:49,13/07/2026 3:30
13/07/2026 4:00,NSW1,0,MEASUREMENT,1,7346,0,0,13/07/2026 4:18,13/07/2026 4:00
13/07/2026 4:30,NSW1,0,MEASUREMENT,1,7385,0,0,13/07/2026 4:48,13/07/2026 4:30
13/07/2026 5:00,NSW1,0,MEASUREMENT,1,7481,0,0,13/07/2026 5:18,13/07/2026 5:00
13/07/2026 5:30,NSW1,0,MEASUREMENT,1,7830,0,0,13/07/2026 5:49,13/07/2026 5:30
13/07/2026 6:00,NSW1,0,MEASUREMENT,1,8193,0,0,13/07/2026 6:19,13/07/2026 6:00
13/07/2026 6:30,NSW1,0,MEASUREMENT,1,8815,0,0,13/07/2026 6:49,13/07/2026 6:30
13/07/2026 7:00,NSW1,1.728,MEASUREMENT,1,9432,0,0,13/07/2026 7:18,13/07/2026 7:00
13/07/2026 7:30,NSW1,82.118,MEASUREMENT,1,9896,0,0,13/07/2026 7:48,13/07/2026 7:30
13/07/2026 8:00,NSW1,446.748,MEASUREMENT,1,10088,0,0,13/07/2026 8:18,13/07/2026 8:00
13/07/2026 8:30,NSW1,996.468,MEASUREMENT,1,10017,0,0,13/07/2026 8:49,13/07/2026 8:30
13/07/2026 9:00,NSW1,1615.531,MEASUREMENT,1,9571,0,0,13/07/2026 9:19,13/07/2026 9:00
13/07/2026 9:30,NSW1,2188.409,MEASUREMENT,1,9119,0,0,13/07/2026 9:49,13/07/2026 9:30
13/07/2026 10:00,NSW1,2672.517,MEASUREMENT,1,8729,0,0,13/07/2026 10:19,13/07/2026 10:00
13/07/2026 10:30,NSW1,3097.937,MEASUREMENT,1,8377,0,0,13/07/2026 10:48,13/07/2026 10:30
13/07/2026 11:00,NSW1,3465.203,MEASUREMENT,1,7890,0,0,13/07/2026 11:19,13/07/2026 11:00
13/07/2026 11:30,NSW1,3683.24,MEASUREMENT,1,7687,0,0,13/07/2026 11:48,13/07/2026 11:30
13/07/2026 12:00,NSW1,3817.192,MEASUREMENT,1,7479,0,0,13/07/2026 12:18,13/07/2026 12:00
13/07/2026 12:30,NSW1,3857.433,MEASUREMENT,1,7309,0,0,13/07/2026 12:48,13/07/2026 12:30
13/07/2026 13:00,NSW1,3766.325,MEASUREMENT,1,7167,0,0,13/07/2026 13:18,13/07/2026 13:00
13/07/2026 13:30,NSW1,3512.692,MEASUREMENT,1,7165,0,0,13/07/2026 13:48,13/07/2026 13:30
13/07/2026 14:00,NSW1,3225.718,MEASUREMENT,1,7253,0,0,13/07/2026 14:18,13/07/2026 14:00
13/07/2026 14:30,NSW1,2796.693,MEASUREMENT,1,7424,0,0,13/07/2026 14:48,13/07/2026 14:30
13/07/2026 15:00,NSW1,2308.977,MEASUREMENT,1,7703,0,0,13/07/2026 15:18,13/07/2026 15:00
13/07/2026 15:30,NSW1,1690.571,MEASUREMENT,1,8088,0,0,13/07/2026 15:48,13/07/2026 15:30
13/07/2026 16:00,NSW1,1046.163,MEASUREMENT,1,8582,0,0,13/07/2026 16:18,13/07/2026 16:00
13/07/2026 16:30,NSW1,485.439,MEASUREMENT,1,9140,0,0,13/07/2026 16:48,13/07/2026 16:30
13/07/2026 17:00,NSW1,87.675,MEASUREMENT,1,9790,0,0,13/07/2026 17:18,13/07/2026 17:00
13/07/2026 17:30,NSW1,0.81,MEASUREMENT,1,10398,0,0,13/07/2026 17:48,13/07/2026 17:30
13/07/2026 18:00,NSW1,0,MEASUREMENT,1,10936,0,0,13/07/2026 18:18,13/07/2026 18:00
13/07/2026 18:30,NSW1,0,MEASUREMENT,1,11046,0,0,13/07/2026 18:48,13/07/2026 18:30
13/07/2026 19:00,NSW1,0,MEASUREMENT,1,11099,0,0,13/07/2026 19:18,13/07/2026 19:00
13/07/2026 19:30,NSW1,0,MEASUREMENT,1,10952,0,0,13/07/2026 19:48,13/07/2026 19:30
13/07/2026 20:00,NSW1,0,MEASUREMENT,1,10751,0,0,13/07/2026 20:19,13/07/2026 20:00
13/07/2026 20:30,NSW1,0,MEASUREMENT,1,10606,0,0,13/07/2026 20:48,13/07/2026 20:30
13/07/2026 21:00,NSW1,0,MEASUREMENT,1,10445,0,0,13/07/2026 21:19,13/07/2026 21:00
13/07/2026 21:30,NSW1,0,MEASUREMENT,1,10146,0,0,13/07/2026 21:48,13/07/2026 21:30
13/07/2026 22:00,NSW1,0,MEASUREMENT,1,9788,0,0,13/07/2026 22:19,13/07/2026 22:00
13/07/2026 22:30,NSW1,0,MEASUREMENT,1,9497,0,0,13/07/2026 22:48,13/07/2026 22:30
13/07/2026 23:00,NSW1,0,MEASUREMENT,1,9258,0,0,13/07/2026 23:18,13/07/2026 23:00
13/07/2026 23:30,NSW1,0,MEASUREMENT,1,8946,0,0,13/07/2026 23:49,13/07/2026 23:30
14/07/2026 0:00,NSW1,0,MEASUREMENT,1,8664,0,0,14/07/2026 0:18,14/07/2026 0:00
14/07/2026 0:30,NSW1,0,MEASUREMENT,1,8617,0,0,14/07/2026 0:48,14/07/2026 0:30
14/07/2026 1:00,NSW1,0,MEASUREMENT,1,8456,0,0,14/07/2026 1:18,14/07/2026 1:00
14/07/2026 1:30,NSW1,0,MEASUREMENT,1,8168,0,0,14/07/2026 1:48,14/07/2026 1:30
14/07/2026 2:00,NSW1,0,MEASUREMENT,1,7965,0,0,14/07/2026 2:18,14/07/2026 2:00
14/07/2026 2:30,NSW1,0,MEASUREMENT,1,7834,0,0,14/07/2026 2:48,14/07/2026 2:30
14/07/2026 3:00,NSW1,0,MEASUREMENT,1,7687,0,0,14/07/2026 3:19,14/07/2026 3:00
14/07/2026 3:30,NSW1,0,MEASUREMENT,1,7570,0,0,14/07/2026 3:48,14/07/2026 3:30
14/07/2026 4:00,NSW1,0,MEASUREMENT,1,7515,0,0,14/07/2026 4:18,14/07/2026 4:00
14/07/2026 4:30,NSW1,0,MEASUREMENT,1,7488,0,0,14/07/2026 4:48,14/07/2026 4:30
14/07/2026 5:00,NSW1,0,MEASUREMENT,1,7608,0,0,14/07/2026 5:18,14/07/2026 5:00
14/07/2026 5:30,NSW1,0,MEASUREMENT,1,7931,0,0,14/07/2026 5:48,14/07/2026 5:30
14/07/2026 6:00,NSW1,0,MEASUREMENT,1,8335,0,0,14/07/2026 6:18,14/07/2026 6:00
14/07/2026 6:30,NSW1,0,MEASUREMENT,1,8964,0,0,14/07/2026 6:48,14/07/2026 6:30
14/07/2026 7:00,NSW1,2.086,MEASUREMENT,1,9621,0,0,14/07/2026 7:18,14/07/2026 7:00
14/07/2026 7:30,NSW1,91.432,MEASUREMENT,1,10113,0,0,14/07/2026 7:49,14/07/2026 7:30
14/07/2026 8:00,NSW1,466.773,MEASUREMENT,1,10230,0,0,14/07/2026 8:18,14/07/2026 8:00
14/07/2026 8:30,NSW1,1008.055,MEASUREMENT,1,10020,0,0,14/07/2026 8:49,14/07/2026 8:30
14/07/2026 9:00,NSW1,1630.498,MEASUREMENT,1,9495,0,0,14/07/2026 9:19,14/07/2026 9:00
14/07/2026 9:30,NSW1,2242.005,MEASUREMENT,1,9036,0,0,14/07/2026 9:49,14/07/2026 9:30
14/07/2026 10:00,NSW1,2768.366,MEASUREMENT,1,8580,0,0,14/07/2026 10:19,14/07/2026 10:00
14/07/2026 10:30,NSW1,3122.006,MEASUREMENT,1,8218,0,0,14/07/2026 10:48,14/07/2026 10:30
14/07/2026 11:00,NSW1,3463.251,MEASUREMENT,1,7861,0,0,14/07/2026 11:18,14/07/2026 11:00
14/07/2026 11:30,NSW1,3654.966,MEASUREMENT,1,7799,0,0,14/07/2026 11:48,14/07/2026 11:30
14/07/2026 12:00,NSW1,3799.933,MEASUREMENT,1,7524,0,0,14/07/2026 12:18,14/07/2026 12:00
14/07/2026 12:30,NSW1,3809.495,MEASUREMENT,1,7316,0,0,14/07/2026 12:48,14/07/2026 12:30
14/07/2026 13:00,NSW1,3753.855,MEASUREMENT,1,7116,0,0,14/07/2026 13:18,14/07/2026 13:00
14/07/2026 13:30,NSW1,3465.324,MEASUREMENT,1,7101,0,0,14/07/2026 13:48,14/07/2026 13:30
14/07/2026 14:00,NSW1,3102.225,MEASUREMENT,1,7115,0,0,14/07/2026 14:18,14/07/2026 14:00
14/07/2026 14:30,NSW1,2653.235,MEASUREMENT,1,7210,0,0,14/07/2026 14:49,14/07/2026 14:30
14/07/2026 15:00,NSW1,2101.315,MEASUREMENT,1,7477,0,0,14/07/2026 15:18,14/07/2026 15:00
14/07/2026 15:30,NSW1,1538.442,MEASUREMENT,1,7901,0,0,14/07/2026 15:48,14/07/2026 15:30
14/07/2026 16:00,NSW1,1030.596,MEASUREMENT,1,8396,0,0,14/07/2026 16:18,14/07/2026 16:00
14/07/2026 16:30,NSW1,512.013,MEASUREMENT,1,8963,0,0,14/07/2026 16:48,14/07/2026 16:30
14/07/2026 17:00,NSW1,103.02,MEASUREMENT,1,9626,0,0,14/07/2026 17:18,14/07/2026 17:00
14/07/2026 17:30,NSW1,0.95,MEASUREMENT,1,10224,0,0,14/07/2026 17:48,14/07/2026 17:30
14/07/2026 18:00,NSW1,0,MEASUREMENT,1,10767,0,0,14/07/2026 18:19,14/07/2026 18:00
14/07/2026 18:30,NSW1,0,MEASUREMENT,1,10851,0,0,14/07/2026 18:48,14/07/2026 18:30
14/07/2026 19:00,NSW1,0,MEASUREMENT,1,10821,0,0,14/07/2026 19:18,14/07/2026 19:00
14/07/2026 19:30,NSW1,0,MEASUREMENT,1,10684,0,0,14/07/2026 19:48,14/07/2026 19:30
14/07/2026 20:00,NSW1,0,MEASUREMENT,1,10541,0,0,14/07/2026 20:18,14/07/2026 20:00
14/07/2026 20:30,NSW1,0,MEASUREMENT,1,10367,0,0,14/07/2026 20:49,14/07/2026 20:30
14/07/2026 21:00,NSW1,0,MEASUREMENT,1,10167,0,0,14/07/2026 21:19,14/07/2026 21:00
14/07/2026 21:30,NSW1,0,MEASUREMENT,1,9890,0,0,14/07/2026 21:49,14/07/2026 21:30
14/07/2026 22:00,NSW1,0,MEASUREMENT,1,9543,0,0,14/07/2026 22:19,14/07/2026 22:00
14/07/2026 22:30,NSW1,0,MEASUREMENT,1,9329,0,0,14/07/2026 22:48,14/07/2026 22:30
14/07/2026 23:00,NSW1,0,MEASUREMENT,1,9039,0,0,14/07/2026 23:19,14/07/2026 23:00
14/07/2026 23:30,NSW1,0,MEASUREMENT,1,8702,0,0,14/07/2026 23:48,14/07/2026 23:30
15/07/2026 0:00,NSW1,0,MEASUREMENT,1,8462,0,0,15/07/2026 0:19,15/07/2026 0:00
15/07/2026 0:30,NSW1,0,MEASUREMENT,1,8431,0,0,15/07/2026 0:49,15/07/2026 0:30
15/07/2026 1:00,NSW1,0,MEASUREMENT,1,8254,0,0,15/07/2026 1:18,15/07/2026 1:00
15/07/2026 1:30,NSW1,0,MEASUREMENT,1,8030,0,0,15/07/2026 1:49,15/07/2026 1:30
15/07/2026 2:00,NSW1,0,MEASUREMENT,1,7800,0,0,15/07/2026 2:19,15/07/2026 2:00
15/07/2026 2:30,NSW1,0,MEASUREMENT,1,7659,0,0,15/07/2026 2:48,15/07/2026 2:30
15/07/2026 3:00,NSW1,0,MEASUREMENT,1,7696,0,0,15/07/2026 3:19,15/07/2026 3:00
15/07/2026 3:30,NSW1,0,MEASUREMENT,1,7561,0,0,15/07/2026 3:48,15/07/2026 3:30
15/07/2026 4:00,NSW1,0,MEASUREMENT,1,7520,0,0,15/07/2026 4:19,15/07/2026 4:00
15/07/2026 4:30,NSW1,0,MEASUREMENT,1,7515,0,0,15/07/2026 4:48,15/07/2026 4:30
15/07/2026 5:00,NSW1,0,MEASUREMENT,1,7602,0,0,15/07/2026 5:18,15/07/2026 5:00
15/07/2026 5:30,NSW1,0,MEASUREMENT,1,7956,0,0,15/07/2026 5:49,15/07/2026 5:30
15/07/2026 6:00,NSW1,0,MEASUREMENT,1,8313,0,0,15/07/2026 6:18,15/07/2026 6:00
15/07/2026 6:30,NSW1,0,MEASUREMENT,1,8936,0,0,15/07/2026 6:49,15/07/2026 6:30
15/07/2026 7:00,NSW1,2.043,MEASUREMENT,1,9536,0,0,15/07/2026 7:19,15/07/2026 7:00
15/07/2026 7:30,NSW1,73.253,MEASUREMENT,0.7,10031,0,0,15/07/2026 7:48,15/07/2026 7:30
15/07/2026 8:00,NSW1,434.689,MEASUREMENT,0.7,10161,0,0,15/07/2026 8:18,15/07/2026 8:00
15/07/2026 8:30,NSW1,975.914,MEASUREMENT,1,9892,0,0,15/07/2026 8:48,15/07/2026 8:30
15/07/2026 9:00,NSW1,1604.986,MEASUREMENT,1,9349,0,0,15/07/2026 9:19,15/07/2026 9:00
15/07/2026 9:30,NSW1,2292.567,MEASUREMENT,1,8767,0,0,15/07/2026 9:49,15/07/2026 9:30
15/07/2026 10:00,NSW1,2876.903,MEASUREMENT,1,8125,0,0,15/07/2026 10:19,15/07/2026 10:00
15/07/2026 10:30,NSW1,3366.037,MEASUREMENT,1,7643,0,0,15/07/2026 10:48,15/07/2026 10:30
15/07/2026 11:00,NSW1,3697.513,MEASUREMENT,1,7013,0,0,15/07/2026 11:18,15/07/2026 11:00
15/07/2026 11:30,NSW1,3906.058,MEASUREMENT,1,6903,0,0,15/07/2026 11:48,15/07/2026 11:30
15/07/2026 12:00,NSW1,3975.103,MEASUREMENT,1,6946,0,0,15/07/2026 12:18,15/07/2026 12:00
15/07/2026 12:30,NSW1,3860.824,MEASUREMENT,1,6907,0,0,15/07/2026 12:48,15/07/2026 12:30
15/07/2026 13:00,NSW1,3568.776,MEASUREMENT,1,6888,0,0,15/07/2026 13:18,15/07/2026 13:00
15/07/2026 13:30,NSW1,3235.621,MEASUREMENT,1,7079,0,0,15/07/2026 13:48,15/07/2026 13:30
15/07/2026 14:00,NSW1,2957.947,MEASUREMENT,1,7165,0,0,15/07/2026 14:18,15/07/2026 14:00
15/07/2026 14:30,NSW1,2691.762,MEASUREMENT,1,7109,0,0,15/07/2026 14:48,15/07/2026 14:30
15/07/2026 15:00,NSW1,2255.271,MEASUREMENT,1,7359,0,0,15/07/2026 15:18,15/07/2026 15:00
15/07/2026 15:30,NSW1,1716.419,MEASUREMENT,1,7775,0,0,15/07/2026 15:48,15/07/2026 15:30
15/07/2026 16:00,NSW1,1089.596,MEASUREMENT,1,8383,0,0,15/07/2026 16:18,15/07/2026 16:00
15/07/2026 16:30,NSW1,527.062,MEASUREMENT,1,9024,0,0,15/07/2026 16:48,15/07/2026 16:30
15/07/2026 17:00,NSW1,109.581,MEASUREMENT,1,9719,0,0,15/07/2026 17:18,15/07/2026 17:00
15/07/2026 17:30,NSW1,1.349,MEASUREMENT,1,10353,0,0,15/07/2026 17:48,15/07/2026 17:30
15/07/2026 18:00,NSW1,0,MEASUREMENT,1,10852,0,0,15/07/2026 18:18,15/07/2026 18:00
15/07/2026 18:30,NSW1,0,MEASUREMENT,1,11080,0,0,15/07/2026 18:49,15/07/2026 18:30
15/07/2026 19:00,NSW1,0,MEASUREMENT,1,11097,0,0,15/07/2026 19:18,15/07/2026 19:00
15/07/2026 19:30,NSW1,0,MEASUREMENT,1,11026,0,0,15/07/2026 19:48,15/07/2026 19:30
15/07/2026 20:00,NSW1,0,MEASUREMENT,1,10898,0,0,15/07/2026 20:19,15/07/2026 20:00
15/07/2026 20:30,NSW1,0,MEASUREMENT,1,10678,0,0,15/07/2026 20:48,15/07/2026 20:30
15/07/2026 21:00,NSW1,0,MEASUREMENT,1,10526,0,0,15/07/2026 21:19,15/07/2026 21:00
15/07/2026 21:30,NSW1,0,MEASUREMENT,1,10257,0,0,15/07/2026 21:48,15/07/2026 21:30
15/07/2026 22:00,NSW1,0,MEASUREMENT,1,9935,0,0,15/07/2026 22:18,15/07/2026 22:00
15/07/2026 22:30,NSW1,0,MEASUREMENT,1,9674,0,0,15/07/2026 22:48,15/07/2026 22:30
15/07/2026 23:00,NSW1,0,MEASUREMENT,1,9382,0,0,15/07/2026 23:18,15/07/2026 23:00
15/07/2026 23:30,NSW1,0,MEASUREMENT,1,9068,0,0,15/07/2026 23:48,15/07/2026 23:30
16/07/2026 0:00,NSW1,0,MEASUREMENT,1,8805,0,0,16/07/2026 0:19,16/07/2026 0:00
16/07/2026 0:30,NSW1,0,MEASUREMENT,1,8772,0,0,16/07/2026 0:48,16/07/2026 0:30
16/07/2026 1:00,NSW1,0,MEASUREMENT,1,8580,0,0,16/07/2026 1:18,16/07/2026 1:00
16/07/2026 1:30,NSW1,0,MEASUREMENT,1,8337,0,0,16/07/2026 1:48,16/07/2026 1:30
16/07/2026 2:00,NSW1,0,MEASUREMENT,1,8115,0,0,16/07/2026 2:18,16/07/2026 2:00
16/07/2026 2:30,NSW1,0,MEASUREMENT,1,7968,0,0,16/07/2026 2:48,16/07/2026 2:30
16/07/2026 3:00,NSW1,0,MEASUREMENT,1,7804,0,0,16/07/2026 3:19,16/07/2026 3:00
16/07/2026 3:30,NSW1,0,MEASUREMENT,1,7715,0,0,16/07/2026 3:48,16/07/2026 3:30
16/07/2026 4:00,NSW1,0,MEASUREMENT,1,7681,0,0,16/07/2026 4:18,16/07/2026 4:00
16/07/2026 4:30,NSW1,0,MEASUREMENT,1,7754,0,0,16/07/2026 4:48,16/07/2026 4:30
16/07/2026 5:00,NSW1,0,MEASUREMENT,1,7914,0,0,16/07/2026 5:18,16/07/2026 5:00
16/07/2026 5:30,NSW1,0,MEASUREMENT,1,8349,0,0,16/07/2026 5:48,16/07/2026 5:30
16/07/2026 6:00,NSW1,0,MEASUREMENT,1,8673,0,0,16/07/2026 6:18,16/07/2026 6:00
16/07/2026 6:30,NSW1,0,MEASUREMENT,1,9247,0,0,16/07/2026 6:49,16/07/2026 6:30
16/07/2026 7:00,NSW1,0.97,MEASUREMENT,1,9769,0,0,16/07/2026 7:18,16/07/2026 7:00
16/07/2026 7:30,NSW1,54.687,MEASUREMENT,1,10243,0,0,16/07/2026 7:48,16/07/2026 7:30
16/07/2026 8:00,NSW1,332.034,MEASUREMENT,1,10465,0,0,16/07/2026 8:19,16/07/2026 8:00
16/07/2026 8:30,NSW1,744.187,MEASUREMENT,1,10343,0,0,16/07/2026 8:48,16/07/2026 8:30
16/07/2026 9:00,NSW1,1227.225,MEASUREMENT,1,9951,0,0,16/07/2026 9:19,16/07/2026 9:00
16/07/2026 9:30,NSW1,1604.577,MEASUREMENT,1,9596,0,0,16/07/2026 9:48,16/07/2026 9:30
16/07/2026 10:00,NSW1,2162.104,MEASUREMENT,1,9281,0,0,16/07/2026 10:19,16/07/2026 10:00
16/07/2026 10:30,NSW1,2565.306,MEASUREMENT,1,8903,0,0,16/07/2026 10:48,16/07/2026 10:30
16/07/2026 11:00,NSW1,2794.975,MEASUREMENT,1,8581,0,0,16/07/2026 11:18,16/07/2026 11:00
16/07/2026 11:30,NSW1,2895.135,MEASUREMENT,1,8514,0,0,16/07/2026 11:49,16/07/2026 11:30
16/07/2026 12:00,NSW1,3148.251,MEASUREMENT,1,8318,0,0,16/07/2026 12:18,16/07/2026 12:00
16/07/2026 12:30,NSW1,2818,MEASUREMENT,1,8415,0,0,16/07/2026 12:48,16/07/2026 12:30
16/07/2026 13:00,NSW1,2554.135,MEASUREMENT,1,8449,0,0,16/07/2026 13:19,16/07/2026 13:00
16/07/2026 13:30,NSW1,2606.965,MEASUREMENT,1,8310,0,0,16/07/2026 13:48,16/07/2026 13:30
16/07/2026 14:00,NSW1,2591.655,MEASUREMENT,1,8186,0,0,16/07/2026 14:18,16/07/2026 14:00
16/07/2026 14:30,NSW1,2208.04,MEASUREMENT,1,8257,0,0,16/07/2026 14:48,16/07/2026 14:30
16/07/2026 15:00,NSW1,1661.982,MEASUREMENT,1,8535,0,0,16/07/2026 15:19,16/07/2026 15:00
16/07/2026 15:30,NSW1,1175.865,MEASUREMENT,1,8929,0,0,16/07/2026 15:48,16/07/2026 15:30
16/07/2026 16:00,NSW1,798.283,MEASUREMENT,1,9283,0,0,16/07/2026 16:18,16/07/2026 16:00
16/07/2026 16:30,NSW1,420.803,MEASUREMENT,1,9673,0,0,16/07/2026 16:48,16/07/2026 16:30
16/07/2026 17:00,NSW1,92.038,MEASUREMENT,1,10264,0,0,16/07/2026 17:18,16/07/2026 17:00
16/07/2026 17:30,NSW1,1.455,MEASUREMENT,1,10702,0,0,16/07/2026 17:48,16/07/2026 17:30
16/07/2026 18:00,NSW1,0,MEASUREMENT,1,11097,0,0,16/07/2026 18:18,16/07/2026 18:00
16/07/2026 18:30,NSW1,0,MEASUREMENT,1,11171,0,0,16/07/2026 18:48,16/07/2026 18:30
16/07/2026 19:00,NSW1,0,MEASUREMENT,1,11157,0,0,16/07/2026 19:19,16/07/2026 19:00
16/07/2026 19:30,NSW1,0,MEASUREMENT,1,10919,0,0,16/07/2026 19:48,16/07/2026 19:30
16/07/2026 20:00,NSW1,0,MEASUREMENT,1,10820,0,0,16/07/2026 20:18,16/07/2026 20:00
16/07/2026 20:30,NSW1,0,MEASUREMENT,1,10704,0,0,16/07/2026 20:48,16/07/2026 20:30
16/07/2026 21:00,NSW1,0,MEASUREMENT,1,10544,0,0,16/07/2026 21:19,16/07/2026 21:00
16/07/2026 21:30,NSW1,0,MEASUREMENT,1,10245,0,0,16/07/2026 21:49,16/07/2026 21:30
16/07/2026 22:00,NSW1,0,MEASUREMENT,1,9901,0,0,16/07/2026 22:18,16/07/2026 22:00
16/07/2026 22:30,NSW1,0,MEASUREMENT,1,9629,0,0,16/07/2026 22:48,16/07/2026 22:30
16/07/2026 23:00,NSW1,0,MEASUREMENT,1,9345,0,0,16/07/2026 23:19,16/07/2026 23:00
16/07/2026 23:30,NSW1,0,MEASUREMENT,1,9054,0,0,16/07/2026 23:48,16/07/2026 23:30
17/07/2026 0:00,NSW1,0,MEASUREMENT,1,8805,0,0,17/07/2026 0:18,17/07/2026 0:00
17/07/2026 0:30,NSW1,0,MEASUREMENT,1,8751,0,0,17/07/2026 0:48,17/07/2026 0:30
17/07/2026 1:00,NSW1,0,MEASUREMENT,1,8586,0,0,17/07/2026 1:18,17/07/2026 1:00
17/07/2026 1:30,NSW1,0,MEASUREMENT,1,8264,0,0,17/07/2026 1:48,17/07/2026 1:30
17/07/2026 2:00,NSW1,0,MEASUREMENT,1,7991,0,0,17/07/2026 2:19,17/07/2026 2:00
17/07/2026 2:30,NSW1,0,MEASUREMENT,1,7806,0,0,17/07/2026 2:48,17/07/2026 2:30
17/07/2026 3:00,NSW1,0,MEASUREMENT,1,7640,0,0,17/07/2026 3:19,17/07/2026 3:00
17/07/2026 3:30,NSW1,0,MEASUREMENT,1,7510,0,0,17/07/2026 3:49,17/07/2026 3:30
17/07/2026 4:00,NSW1,0,MEASUREMENT,1,7466,0,0,17/07/2026 4:18,17/07/2026 4:00
17/07/2026 4:30,NSW1,0,MEASUREMENT,1,7522,0,0,17/07/2026 4:48,17/07/2026 4:30
17/07/2026 5:00,NSW1,0,MEASUREMENT,1,7649,0,0,17/07/2026 5:19,17/07/2026 5:00
17/07/2026 5:30,NSW1,0,MEASUREMENT,1,7930,0,0,17/07/2026 5:48,17/07/2026 5:30
17/07/2026 6:00,NSW1,0,MEASUREMENT,1,8217,0,0,17/07/2026 6:19,17/07/2026 6:00
17/07/2026 6:30,NSW1,0,MEASUREMENT,1,8697,0,0,17/07/2026 6:48,17/07/2026 6:30
17/07/2026 7:00,NSW1,1.369,MEASUREMENT,1,9255,0,0,17/07/2026 7:19,17/07/2026 7:00
17/07/2026 7:30,NSW1,57.708,MEASUREMENT,1,9709,0,0,17/07/2026 7:49,17/07/2026 7:30
17/07/2026 8:00,NSW1,307.311,MEASUREMENT,1,9980,0,0,17/07/2026 8:18,17/07/2026 8:00
17/07/2026 8:30,NSW1,708.119,MEASUREMENT,1,9927,0,0,17/07/2026 8:49,17/07/2026 8:30
17/07/2026 9:00,NSW1,1194.128,MEASUREMENT,1,9602,0,0,17/07/2026 9:19,17/07/2026 9:00
17/07/2026 9:30,NSW1,1536.506,MEASUREMENT,1,9369,0,0,17/07/2026 9:49,17/07/2026 9:30
17/07/2026 10:00,NSW1,1802.491,MEASUREMENT,1,9157,0,0,17/07/2026 10:19,17/07/2026 10:00
17/07/2026 10:30,NSW1,2148.032,MEASUREMENT,1,8904,0,0,17/07/2026 10:48,17/07/2026 10:30
17/07/2026 11:00,NSW1,2482.99,MEASUREMENT,1,8607,0,0,17/07/2026 11:18,17/07/2026 11:00
17/07/2026 11:30,NSW1,2643.005,MEASUREMENT,1,8514,0,0,17/07/2026 11:48,17/07/2026 11:30
17/07/2026 12:00,NSW1,2732.442,MEASUREMENT,1,8442,0,0,17/07/2026 12:18,17/07/2026 12:00
17/07/2026 12:30,NSW1,2581.052,MEASUREMENT,1,8438,0,0,17/07/2026 12:48,17/07/2026 12:30
17/07/2026 13:00,NSW1,2498.643,MEASUREMENT,1,8316,0,0,17/07/2026 13:19,17/07/2026 13:00
17/07/2026 13:30,NSW1,2350.329,MEASUREMENT,1,8330,0,0,17/07/2026 13:48,17/07/2026 13:30
17/07/2026 14:00,NSW1,2083.538,MEASUREMENT,1,8282,0,0,17/07/2026 14:18,17/07/2026 14:00
17/07/2026 14:30,NSW1,1889.62,MEASUREMENT,1,8191,0,0,17/07/2026 14:49,17/07/2026 14:30
17/07/2026 15:00,NSW1,1546.608,MEASUREMENT,1,8400,0,0,17/07/2026 15:18,17/07/2026 15:00
17/07/2026 15:30,NSW1,1143.665,MEASUREMENT,1,8624,0,0,17/07/2026 15:49,17/07/2026 15:30
17/07/2026 16:00,NSW1,752.362,MEASUREMENT,1,9021,0,0,17/07/2026 16:19,17/07/2026 16:00
17/07/2026 16:30,NSW1,386.13,MEASUREMENT,1,9495,0,0,17/07/2026 16:48,17/07/2026 16:30
17/07/2026 17:00,NSW1,89.633,MEASUREMENT,1,9965,0,0,17/07/2026 17:18,17/07/2026 17:00
17/07/2026 17:30,NSW1,2.301,MEASUREMENT,1,10347,0,0,17/07/2026 17:48,17/07/2026 17:30
17/07/2026 18:00,NSW1,0,MEASUREMENT,1,10669,0,0,17/07/2026 18:18,17/07/2026 18:00
17/07/2026 18:30,NSW1,0,MEASUREMENT,1,10678,0,0,17/07/2026 18:49,17/07/2026 18:30
17/07/2026 19:00,NSW1,0,MEASUREMENT,1,10620,0,0,17/07/2026 19:18,17/07/2026 19:00
17/07/2026 19:30,NSW1,0,MEASUREMENT,1,10470,0,0,17/07/2026 19:48,17/07/2026 19:30
17/07/2026 20:00,NSW1,0,MEASUREMENT,1,10282,0,0,17/07/2026 20:18,17/07/2026 20:00
17/07/2026 20:30,NSW1,0,MEASUREMENT,1,10176,0,0,17/07/2026 20:49,17/07/2026 20:30
17/07/2026 21:00,NSW1,0,MEASUREMENT,1,9989,0,0,17/07/2026 21:19,17/07/2026 21:00
17/07/2026 21:30,NSW1,0,MEASUREMENT,1,9803,0,0,17/07/2026 21:48,17/07/2026 21:30
17/07/2026 22:00,NSW1,0,MEASUREMENT,1,9580,0,0,17/07/2026 22:19,17/07/2026 22:00
17/07/2026 22:30,NSW1,0,MEASUREMENT,1,9427,0,0,17/07/2026 22:48,17/07/2026 22:30
17/07/2026 23:00,NSW1,0,MEASUREMENT,1,9195,0,0,17/07/2026 23:18,17/07/2026 23:00
17/07/2026 23:30,NSW1,0,MEASUREMENT,1,8950,0,0,17/07/2026 23:49,17/07/2026 23:30
18/07/2026 0:00,NSW1,0,MEASUREMENT,1,8670,0,0,18/07/2026 0:18,18/07/2026 0:00
18/07/2026 0:30,NSW1,0,MEASUREMENT,1,8622,0,0,18/07/2026 0:49,18/07/2026 0:30
18/07/2026 1:00,NSW1,0,MEASUREMENT,1,8487,0,0,18/07/2026 1:19,18/07/2026 1:00
18/07/2026 1:30,NSW1,0,MEASUREMENT,1,8198,0,0,18/07/2026 1:48,18/07/2026 1:30
18/07/2026 2:00,NSW1,0,MEASUREMENT,1,7962,0,0,18/07/2026 2:19,18/07/2026 2:00
18/07/2026 2:30,NSW1,0,MEASUREMENT,1,7739,0,0,18/07/2026 2:48,18/07/2026 2:30
18/07/2026 3:00,NSW1,0,MEASUREMENT,1,7556,0,0,18/07/2026 3:19,18/07/2026 3:00
18/07/2026 3:30,NSW1,0,MEASUREMENT,1,7453,0,0,18/07/2026 3:49,18/07/2026 3:30
18/07/2026 4:00,NSW1,0,MEASUREMENT,1,7384,0,0,18/07/2026 4:19,18/07/2026 4:00
18/07/2026 4:30,NSW1,0,MEASUREMENT,1,7399,0,0,18/07/2026 4:48,18/07/2026 4:30
18/07/2026 5:00,NSW1,0,MEASUREMENT,1,7419,0,0,18/07/2026 5:18,18/07/2026 5:00
18/07/2026 5:30,NSW1,0,MEASUREMENT,1,7552,0,0,18/07/2026 5:48,18/07/2026 5:30
18/07/2026 6:00,NSW1,0,MEASUREMENT,1,7628,0,0,18/07/2026 6:19,18/07/2026 6:00
18/07/2026 6:30,NSW1,0,MEASUREMENT,1,7877,0,0,18/07/2026 6:49,18/07/2026 6:30
18/07/2026 7:00,NSW1,1.585,MEASUREMENT,1,8252,0,0,18/07/2026 7:19,18/07/2026 7:00
18/07/2026 7:30,NSW1,79.46,MEASUREMENT,1,8623,0,0,18/07/2026 7:49,18/07/2026 7:30
18/07/2026 8:00,NSW1,395.519,MEASUREMENT,1,8748,0,0,18/07/2026 8:18,18/07/2026 8:00
18/07/2026 8:30,NSW1,805.901,MEASUREMENT,1,8685,0,0,18/07/2026 8:49,18/07/2026 8:30
18/07/2026 9:00,NSW1,1381.416,MEASUREMENT,1,8395,0,0,18/07/2026 9:19,18/07/2026 9:00
18/07/2026 9:30,NSW1,2028.825,MEASUREMENT,1,8078,0,0,18/07/2026 9:49,18/07/2026 9:30
18/07/2026 10:00,NSW1,2539.367,MEASUREMENT,1,7770,0,0,18/07/2026 10:19,18/07/2026 10:00
18/07/2026 10:30,NSW1,2912.406,MEASUREMENT,1,7472,0,0,18/07/2026 10:48,18/07/2026 10:30
18/07/2026 11:00,NSW1,3141.176,MEASUREMENT,1,7179,0,0,18/07/2026 11:18,18/07/2026 11:00
18/07/2026 11:30,NSW1,3168.802,MEASUREMENT,1,7209,0,0,18/07/2026 11:49,18/07/2026 11:30
18/07/2026 12:00,NSW1,3159.192,MEASUREMENT,1,7105,0,0,18/07/2026 12:18,18/07/2026 12:00
18/07/2026 12:30,NSW1,3335.288,MEASUREMENT,1,6952,0,0,18/07/2026 12:48,18/07/2026 12:30
18/07/2026 13:00,NSW1,3174.326,MEASUREMENT,1,6772,0,0,18/07/2026 13:18,18/07/2026 13:00
18/07/2026 13:30,NSW1,3105.998,MEASUREMENT,1,6657,0,0,18/07/2026 13:48,18/07/2026 13:30
18/07/2026 14:00,NSW1,2856.268,MEASUREMENT,1,6647,0,0,18/07/2026 14:18,18/07/2026 14:00
18/07/2026 14:30,NSW1,2551.81,MEASUREMENT,1,6692,0,0,18/07/2026 14:48,18/07/2026 14:30
18/07/2026 15:00,NSW1,2063.283,MEASUREMENT,1,6901,0,0,18/07/2026 15:19,18/07/2026 15:00
18/07/2026 15:30,NSW1,1524.902,MEASUREMENT,1,7264,0,0,18/07/2026 15:48,18/07/2026 15:30
18/07/2026 16:00,NSW1,963.269,MEASUREMENT,1,7743,0,0,18/07/2026 16:18,18/07/2026 16:00
18/07/2026 16:30,NSW1,485.439,MEASUREMENT,1,8279,0,0,18/07/2026 16:49,18/07/2026 16:30
18/07/2026 17:00,NSW1,122.946,MEASUREMENT,1,8893,0,0,18/07/2026 17:18,18/07/2026 17:00
18/07/2026 17:30,NSW1,2.79,MEASUREMENT,1,9406,0,0,18/07/2026 17:48,18/07/2026 17:30
18/07/2026 18:00,NSW1,0,MEASUREMENT,1,9793,0,0,18/07/2026 18:18,18/07/2026 18:00
18/07/2026 18:30,NSW1,0,MEASUREMENT,1,9883,0,0,18/07/2026 18:49,18/07/2026 18:30
18/07/2026 19:00,NSW1,0,MEASUREMENT,1,9868,0,0,18/07/2026 19:18,18/07/2026 19:00
18/07/2026 19:30,NSW1,0,MEASUREMENT,1,9694,0,0,18/07/2026 19:48,18/07/2026 19:30
18/07/2026 20:00,NSW1,0,MEASUREMENT,1,9563,0,0,18/07/2026 20:18,18/07/2026 20:00
18/07/2026 20:30,NSW1,0,MEASUREMENT,1,9491,0,0,18/07/2026 20:48,18/07/2026 20:30
18/07/2026 21:00,NSW1,0,MEASUREMENT,1,9358,0,0,18/07/2026 21:18,18/07/2026 21:00
18/07/2026 21:30,NSW1,0,MEASUREMENT,1,9212,0,0,18/07/2026 21:49,18/07/2026 21:30
18/07/2026 22:00,NSW1,0,MEASUREMENT,1,9028,0,0,18/07/2026 22:18,18/07/2026 22:00
18/07/2026 22:30,NSW1,0,MEASUREMENT,1,8878,0,0,18/07/2026 22:49,18/07/2026 22:30
18/07/2026 23:00,NSW1,0,MEASUREMENT,1,8695,0,0,18/07/2026 23:19,18/07/2026 23:00
18/07/2026 23:30,NSW1,0,MEASUREMENT,1,8466,0,0,18/07/2026 23:48,18/07/2026 23:30
19/07/2026 0:00,NSW1,0,MEASUREMENT,1,8239,0,0,19/07/2026 0:18,19/07/2026 0:00
19/07/2026 0:30,NSW1,0,MEASUREMENT,1,8212,0,0,19/07/2026 0:48,19/07/2026 0:30
19/07/2026 1:00,NSW1,0,MEASUREMENT,1,8038,0,0,19/07/2026 1:18,19/07/2026 1:00
19/07/2026 1:30,NSW1,0,MEASUREMENT,1,7776,0,0,19/07/2026 1:48,19/07/2026 1:30
19/07/2026 2:00,NSW1,0,MEASUREMENT,1,7541,0,0,19/07/2026 2:19,19/07/2026 2:00
19/07/2026 2:30,NSW1,0,MEASUREMENT,1,7380,0,0,19/07/2026 2:48,19/07/2026 2:30
19/07/2026 3:00,NSW1,0,MEASUREMENT,1,7227,0,0,19/07/2026 3:19,19/07/2026 3:00
19/07/2026 3:30,NSW1,0,MEASUREMENT,1,7149,0,0,19/07/2026 3:49,19/07/2026 3:30
19/07/2026 4:00,NSW1,0,MEASUREMENT,1,7133,0,0,19/07/2026 4:19,19/07/2026 4:00
19/07/2026 4:30,NSW1,0,MEASUREMENT,1,7098,0,0,19/07/2026 4:48,19/07/2026 4:30
19/07/2026 5:00,NSW1,0,MEASUREMENT,1,7059,0,0,19/07/2026 5:18,19/07/2026 5:00
19/07/2026 5:30,NSW1,0,MEASUREMENT,1,7123,0,0,19/07/2026 5:48,19/07/2026 5:30
19/07/2026 6:00,NSW1,0,MEASUREMENT,1,7288,0,0,19/07/2026 6:18,19/07/2026 6:00
19/07/2026 6:30,NSW1,0,MEASUREMENT,1,7457,0,0,19/07/2026 6:48,19/07/2026 6:30
19/07/2026 7:00,NSW1,0.954,MEASUREMENT,1,7748,0,0,19/07/2026 7:19,19/07/2026 7:00
19/07/2026 7:30,NSW1,71.266,MEASUREMENT,1,8051,0,0,19/07/2026 7:49,19/07/2026 7:30
19/07/2026 8:00,NSW1,371.47,MEASUREMENT,1,8190,0,0,19/07/2026 8:18,19/07/2026 8:00
19/07/2026 8:30,NSW1,804.039,MEASUREMENT,1,8149,0,0,19/07/2026 8:48,19/07/2026 8:30
19/07/2026 9:00,NSW1,1276.785,MEASUREMENT,1,7928,0,0,19/07/2026 9:19,19/07/2026 9:00
19/07/2026 9:30,NSW1,1744.883,MEASUREMENT,1,7700,0,0,19/07/2026 9:49,19/07/2026 9:30
19/07/2026 10:00,NSW1,2195.126,MEASUREMENT,1,7485,0,0,19/07/2026 10:19,19/07/2026 10:00
19/07/2026 10:30,NSW1,2450.146,MEASUREMENT,1,7312,0,0,19/07/2026 10:48,19/07/2026 10:30
19/07/2026 11:00,NSW1,2674.41,MEASUREMENT,1,7054,0,0,19/07/2026 11:19,19/07/2026 11:00
19/07/2026 11:30,NSW1,2755.417,MEASUREMENT,1,7070,0,0,19/07/2026 11:48,19/07/2026 11:30
19/07/2026 12:00,NSW1,2734.651,MEASUREMENT,1,7031,0,0,19/07/2026 12:18,19/07/2026 12:00
19/07/2026 12:30,NSW1,2679.866,MEASUREMENT,1,7031,0,0,19/07/2026 12:48,19/07/2026 12:30
19/07/2026 13:00,NSW1,2790.78,MEASUREMENT,1,6928,0,0,19/07/2026 13:18,19/07/2026 13:00
19/07/2026 13:30,NSW1,2708.146,MEASUREMENT,1,6772,0,0,19/07/2026 13:49,19/07/2026 13:30
19/07/2026 14:00,NSW1,2455.095,MEASUREMENT,1,6730,0,0,19/07/2026 14:18,19/07/2026 14:00
19/07/2026 14:30,NSW1,2198.054,MEASUREMENT,1,6799,0,0,19/07/2026 14:48,19/07/2026 14:30
19/07/2026 15:00,NSW1,1899.277,MEASUREMENT,1,6985,0,0,19/07/2026 15:18,19/07/2026 15:00
19/07/2026 15:30,NSW1,1433.272,MEASUREMENT,1,7231,0,0,19/07/2026 15:49,19/07/2026 15:30
19/07/2026 16:00,NSW1,968.639,MEASUREMENT,1,7683,0,0,19/07/2026 16:19,19/07/2026 16:00
19/07/2026 16:30,NSW1,520.267,MEASUREMENT,1,8203,0,0,19/07/2026 16:48,19/07/2026 16:30
19/07/2026 17:00,NSW1,130.759,MEASUREMENT,1,8813,0,0,19/07/2026 17:19,19/07/2026 17:00
19/07/2026 17:30,NSW1,3.119,MEASUREMENT,1,9403,0,0,19/07/2026 17:48,19/07/2026 17:30
19/07/2026 18:00,NSW1,0,MEASUREMENT,1,9971,0,0,19/07/2026 18:18,19/07/2026 18:00
19/07/2026 18:30,NSW1,0,MEASUREMENT,1,10087,0,0,19/07/2026 18:48,19/07/2026 18:30
19/07/2026 19:00,NSW1,0,MEASUREMENT,1,10035,0,0,19/07/2026 19:18,19/07/2026 19:00
19/07/2026 19:30,NSW1,0,MEASUREMENT,1,9921,0,0,19/07/2026 19:49,19/07/2026 19:30
19/07/2026 20:00,NSW1,0,MEASUREMENT,1,9771,0,0,19/07/2026 20:18,19/07/2026 20:00
19/07/2026 20:30,NSW1,0,MEASUREMENT,1,9649,0,0,19/07/2026 20:48,19/07/2026 20:30
19/07/2026 21:00,NSW1,0,MEASUREMENT,1,9431,0,0,19/07/2026 21:19,19/07/2026 21:00
19/07/2026 21:30,NSW1,0,MEASUREMENT,1,9230,0,0,19/07/2026 21:48,19/07/2026 21:30
19/07/2026 22:00,NSW1,0,MEASUREMENT,1,8925,0,0,19/07/2026 22:18,19/07/2026 22:00
19/07/2026 22:30,NSW1,0,MEASUREMENT,1,8693,0,0,19/07/2026 22:48,19/07/2026 22:30
19/07/2026 23:00,NSW1,0,MEASUREMENT,1,8392,0,0,19/07/2026 23:18,19/07/2026 23:00
19/07/2026 23:30,NSW1,0,MEASUREMENT,1,8186,0,0,19/07/2026 23:49,19/07/2026 23:30
20/07/2026 0:00,NSW1,0,MEASUREMENT,1,7971,0,0,20/07/2026 0:18,20/07/2026 0:00
20/07/2026 0:30,NSW1,0,MEASUREMENT,1,8013,0,0,20/07/2026 0:48,20/07/2026 0:30
20/07/2026 1:00,NSW1,0,MEASUREMENT,1,7919,0,0,20/07/2026 1:19,20/07/2026 1:00
20/07/2026 1:30,NSW1,0,MEASUREMENT,1,7646,0,0,20/07/2026 1:48,20/07/2026 1:30
20/07/2026 2:00,NSW1,0,MEASUREMENT,1,7434,0,0,20/07/2026 2:18,20/07/2026 2:00
20/07/2026 2:30,NSW1,0,MEASUREMENT,1,7257,0,0,20/07/2026 2:48,20/07/2026 2:30
20/07/2026 3:00,NSW1,0,MEASUREMENT,1,7188,0,0,20/07/2026 3:19,20/07/2026 3:00
20/07/2026 3:30,NSW1,0,MEASUREMENT,1,7179,0,0,20/07/2026 3:48,20/07/2026 3:30
20/07/2026 4:00,NSW1,0,MEASUREMENT,1,7170,0,0,20/07/2026 4:19,20/07/2026 4:00
20/07/2026 4:30,NSW1,0,MEASUREMENT,1,7210,0,0,20/07/2026 4:49,20/07/2026 4:30
20/07/2026 5:00,NSW1,0,MEASUREMENT,1,7387,0,0,20/07/2026 5:18,20/07/2026 5:00
20/07/2026 5:30,NSW1,0,MEASUREMENT,1,7800,0,0,20/07/2026 5:49,20/07/2026 5:30
20/07/2026 6:00,NSW1,0,MEASUREMENT,1,8169,0,0,20/07/2026 6:18,20/07/2026 6:00
20/07/2026 6:30,NSW1,0,MEASUREMENT,1,8844,0,0,20/07/2026 6:48,20/07/2026 6:30
20/07/2026 7:00,NSW1,2.293,MEASUREMENT,1,9420,0,0,20/07/2026 7:19,20/07/2026 7:00
20/07/2026 7:30,NSW1,76.435,MEASUREMENT,1,9861,0,0,20/07/2026 7:49,20/07/2026 7:30
20/07/2026 8:00,NSW1,391.492,MEASUREMENT,1,10035,0,0,20/07/2026 8:19,20/07/2026 8:00
20/07/2026 8:30,NSW1,877.314,MEASUREMENT,1,9833,0,0,20/07/2026 8:48,20/07/2026 8:30
20/07/2026 9:00,NSW1,1464.902,MEASUREMENT,1,9351,0,0,20/07/2026 9:19,20/07/2026 9:00
20/07/2026 9:30,NSW1,2058.128,MEASUREMENT,0.7,8885,0,0,20/07/2026 9:49,20/07/2026 9:30
20/07/2026 10:00,NSW1,2583.513,MEASUREMENT,0.7,8423,0,0,20/07/2026 10:19,20/07/2026 10:00
20/07/2026 10:30,NSW1,3081.647,MEASUREMENT,0.7,8019,0,0,20/07/2026 10:48,20/07/2026 10:30
20/07/2026 11:00,NSW1,3409.218,MEASUREMENT,1,7617,0,0,20/07/2026 11:18,20/07/2026 11:00
20/07/2026 11:30,NSW1,3660.418,MEASUREMENT,1,7443,0,0,20/07/2026 11:48,20/07/2026 11:30
20/07/2026 12:00,NSW1,3854.372,MEASUREMENT,0.7,7185,0,0,20/07/2026 12:19,20/07/2026 12:00
20/07/2026 12:30,NSW1,3987.663,MEASUREMENT,0.7,6950,0,0,20/07/2026 12:48,20/07/2026 12:30
20/07/2026 13:00,NSW1,3959.365,MEASUREMENT,0.7,6766,0,0,20/07/2026 13:19,20/07/2026 13:00
20/07/2026 13:30,NSW1,3729.873,MEASUREMENT,0.7,6628,0,0,20/07/2026 13:48,20/07/2026 13:30
20/07/2026 14:00,NSW1,3402.618,MEASUREMENT,0.7,6599,0,0,20/07/2026 14:18,20/07/2026 14:00
20/07/2026 14:30,NSW1,3031.046,MEASUREMENT,1,6634,0,0,20/07/2026 14:48,20/07/2026 14:30
20/07/2026 15:00,NSW1,2471.105,MEASUREMENT,1,6967,0,0,20/07/2026 15:18,20/07/2026 15:00
20/07/2026 15:30,NSW1,1847.865,MEASUREMENT,1,7365,0,0,20/07/2026 15:49,20/07/2026 15:30
20/07/2026 16:00,NSW1,1191.088,MEASUREMENT,1,7931,0,0,20/07/2026 16:18,20/07/2026 16:00
20/07/2026 16:30,NSW1,593.465,MEASUREMENT,1,8566,0,0,20/07/2026 16:49,20/07/2026 16:30
20/07/2026 17:00,NSW1,142.977,MEASUREMENT,1,9238,0,0,20/07/2026 17:19,20/07/2026 17:00
20/07/2026 17:30,NSW1,3.126,MEASUREMENT,1,9833,0,0,20/07/2026 17:48,20/07/2026 17:30
20/07/2026 18:00,NSW1,0,MEASUREMENT,1,10475,0,0,20/07/2026 18:19,20/07/2026 18:00
20/07/2026 18:30,NSW1,0,MEASUREMENT,1,10614,0,0,20/07/2026 18:48,20/07/2026 18:30
20/07/2026 19:00,NSW1,0,MEASUREMENT,1,10654,0,0,20/07/2026 19:18,20/07/2026 19:00
20/07/2026 19:30,NSW1,0,MEASUREMENT,1,10472,0,0,20/07/2026 19:49,20/07/2026 19:30
20/07/2026 20:00,NSW1,0,MEASUREMENT,1,10338,0,0,20/07/2026 20:18,20/07/2026 20:00
20/07/2026 20:30,NSW1,0,MEASUREMENT,1,10217,0,0,20/07/2026 20:49,20/07/2026 20:30
20/07/2026 21:00,NSW1,0,MEASUREMENT,1,10034,0,0,20/07/2026 21:19,20/07/2026 21:00
20/07/2026 21:30,NSW1,0,MEASUREMENT,1,9746,0,0,20/07/2026 21:48,20/07/2026 21:30
20/07/2026 22:00,NSW1,0,MEASUREMENT,1,9407,0,0,20/07/2026 22:19,20/07/2026 22:00
20/07/2026 22:30,NSW1,0,MEASUREMENT,1,9178,0,0,20/07/2026 22:48,20/07/2026 22:30
20/07/2026 23:00,NSW1,0,MEASUREMENT,1,8957,0,0,20/07/2026 23:18,20/07/2026 23:00
20/07/2026 23:30,NSW1,0,MEASUREMENT,1,8685,0,0,20/07/2026 23:49,20/07/2026 23:30
21/07/2026 0:00,NSW1,0,MEASUREMENT,1,8451,0,0,21/07/2026 0:18,21/07/2026 0:00
21/07/2026 0:30,NSW1,0,MEASUREMENT,1,8439,0,0,21/07/2026 0:48,21/07/2026 0:30
21/07/2026 1:00,NSW1,0,MEASUREMENT,1,8258,0,0,21/07/2026 1:18,21/07/2026 1:00
21/07/2026 1:30,NSW1,0,MEASUREMENT,1,8055,0,0,21/07/2026 1:49,21/07/2026 1:30
21/07/2026 2:00,NSW1,0,MEASUREMENT,1,7844,0,0,21/07/2026 2:18,21/07/2026 2:00
21/07/2026 2:30,NSW1,0,MEASUREMENT,1,7710,0,0,21/07/2026 2:48,21/07/2026 2:30
21/07/2026 3:00,NSW1,0,MEASUREMENT,1,7579,0,0,21/07/2026 3:19,21/07/2026 3:00
21/07/2026 3:30,NSW1,0,MEASUREMENT,1,7588,0,0,21/07/2026 3:48,21/07/2026 3:30
21/07/2026 4:00,NSW1,0,MEASUREMENT,1,7571,0,0,21/07/2026 4:19,21/07/2026 4:00
21/07/2026 4:30,NSW1,0,MEASUREMENT,1,7590,0,0,21/07/2026 4:48,21/07/2026 4:30
21/07/2026 5:00,NSW1,0,MEASUREMENT,1,7695,0,0,21/07/2026 5:18,21/07/2026 5:00
21/07/2026 5:30,NSW1,0,MEASUREMENT,1,8032,0,0,21/07/2026 5:49,21/07/2026 5:30
21/07/2026 6:00,NSW1,0,MEASUREMENT,1,8437,0,0,21/07/2026 6:18,21/07/2026 6:00
21/07/2026 6:30,NSW1,0,MEASUREMENT,1,9179,0,0,21/07/2026 6:48,21/07/2026 6:30
21/07/2026 7:00,NSW1,1.811,MEASUREMENT,1,9947,0,0,21/07/2026 7:19,21/07/2026 7:00
21/07/2026 7:30,NSW1,108.525,MEASUREMENT,1,10481,0,0,21/07/2026 7:48,21/07/2026 7:30
21/07/2026 8:00,NSW1,495.456,MEASUREMENT,1,10629,0,0,21/07/2026 8:19,21/07/2026 8:00
21/07/2026 8:30,NSW1,1042.771,MEASUREMENT,1,10303,0,0,21/07/2026 8:49,21/07/2026 8:30
21/07/2026 9:00,NSW1,1638.543,MEASUREMENT,0.7,9650,0,0,21/07/2026 9:19,21/07/2026 9:00
21/07/2026 9:30,NSW1,2278.032,MEASUREMENT,0.7,9067,0,0,21/07/2026 9:48,21/07/2026 9:30
21/07/2026 10:00,NSW1,2875.678,MEASUREMENT,0.7,8570,0,0,21/07/2026 10:19,21/07/2026 10:00
21/07/2026 10:30,NSW1,3363.664,MEASUREMENT,1,8136,0,0,21/07/2026 10:48,21/07/2026 10:30
21/07/2026 11:00,NSW1,3702.533,MEASUREMENT,1,7564,0,0,21/07/2026 11:18,21/07/2026 11:00
21/07/2026 11:30,NSW1,3932.457,MEASUREMENT,1,7279,0,0,21/07/2026 11:48,21/07/2026 11:30
21/07/2026 12:00,NSW1,3951.633,MEASUREMENT,1,7112,0,0,21/07/2026 12:18,21/07/2026 12:00
21/07/2026 12:30,NSW1,3947.854,MEASUREMENT,1,6965,0,0,21/07/2026 12:49,21/07/2026 12:30
21/07/2026 13:00,NSW1,3884.457,MEASUREMENT,1,6719,0,0,21/07/2026 13:18,21/07/2026 13:00
21/07/2026 13:30,NSW1,3714.8,MEASUREMENT,1,6650,0,0,21/07/2026 13:48,21/07/2026 13:30
21/07/2026 14:00,NSW1,3413.649,MEASUREMENT,1,6586,0,0,21/07/2026 14:19,21/07/2026 14:00
21/07/2026 14:30,NSW1,3045.117,MEASUREMENT,1,6721,0,0,21/07/2026 14:48,21/07/2026 14:30
21/07/2026 15:00,NSW1,2534.148,MEASUREMENT,1,7020,0,0,21/07/2026 15:18,21/07/2026 15:00
21/07/2026 15:30,NSW1,1890.96,MEASUREMENT,1,7391,0,0,21/07/2026 15:48,21/07/2026 15:30
21/07/2026 16:00,NSW1,1234.63,MEASUREMENT,1,7986,0,0,21/07/2026 16:19,21/07/2026 16:00
21/07/2026 16:30,NSW1,582.526,MEASUREMENT,1,8631,0,0,21/07/2026 16:48,21/07/2026 16:30
21/07/2026 17:00,NSW1,152.504,MEASUREMENT,1,9339,0,0,21/07/2026 17:18,21/07/2026 17:00
21/07/2026 17:30,NSW1,3.71,MEASUREMENT,1,9932,0,0,21/07/2026 17:49,21/07/2026 17:30
21/07/2026 18:00,NSW1,0,MEASUREMENT,1,10544,0,0,21/07/2026 18:18,21/07/2026 18:00
21/07/2026 18:30,NSW1,0,MEASUREMENT,1,10703,0,0,21/07/2026 18:48,21/07/2026 18:30
21/07/2026 19:00,NSW1,0,MEASUREMENT,1,10710,0,0,21/07/2026 19:19,21/07/2026 19:00
21/07/2026 19:30,NSW1,0,MEASUREMENT,1,10573,0,0,21/07/2026 19:48,21/07/2026 19:30
21/07/2026 20:00,NSW1,0,MEASUREMENT,1,10455,0,0,21/07/2026 20:18,21/07/2026 20:00
21/07/2026 20:30,NSW1,0,MEASUREMENT,1,10361,0,0,21/07/2026 20:48,21/07/2026 20:30
21/07/2026 21:00,NSW1,0,MEASUREMENT,1,10187,0,0,21/07/2026 21:18,21/07/2026 21:00
21/07/2026 21:30,NSW1,0,MEASUREMENT,1,9892,0,0,21/07/2026 21:48,21/07/2026 21:30
21/07/2026 22:00,NSW1,0,MEASUREMENT,1,9503,0,0,21/07/2026 22:18,21/07/2026 22:00
21/07/2026 22:30,NSW1,0,MEASUREMENT,1,9267,0,0,21/07/2026 22:49,21/07/2026 22:30
21/07/2026 23:00,NSW1,0,MEASUREMENT,1,9017,0,0,21/07/2026 23:18,21/07/2026 23:00
21/07/2026 23:30,NSW1,0,MEASUREMENT,1,8724,0,0,21/07/2026 23:49,21/07/2026 23:30
22/07/2026 0:00,NSW1,0,MEASUREMENT,1,8456,0,0,22/07/2026 0:18,22/07/2026 0:00
22/07/2026 0:30,NSW1,0,MEASUREMENT,1,8476,0,0,22/07/2026 0:48,22/07/2026 0:30
22/07/2026 1:00,NSW1,0,MEASUREMENT,1,8341,0,0,22/07/2026 1:19,22/07/2026 1:00
22/07/2026 1:30,NSW1,0,MEASUREMENT,1,8028,0,0,22/07/2026 1:48,22/07/2026 1:30
22/07/2026 2:00,NSW1,0,MEASUREMENT,1,7817,0,0,22/07/2026 2:19,22/07/2026 2:00
22/07/2026 2:30,NSW1,0,MEASUREMENT,1,7658,0,0,22/07/2026 2:49,22/07/2026 2:30
22/07/2026 3:00,NSW1,0,MEASUREMENT,1,7513,0,0,22/07/2026 3:18,22/07/2026 3:00
22/07/2026 3:30,NSW1,0,MEASUREMENT,1,7496,0,0,22/07/2026 3:49,22/07/2026 3:30
22/07/2026 4:00,NSW1,0,MEASUREMENT,1,7462,0,0,22/07/2026 4:19,22/07/2026 4:00
22/07/2026 4:30,NSW1,0,MEASUREMENT,1,7582,0,0,22/07/2026 4:48,22/07/2026 4:30
22/07/2026 5:00,NSW1,0,MEASUREMENT,1,7635,0,0,22/07/2026 5:19,22/07/2026 5:00
22/07/2026 5:30,NSW1,0,MEASUREMENT,1,7909,0,0,22/07/2026 5:48,22/07/2026 5:30
22/07/2026 6:00,NSW1,0,MEASUREMENT,1,8287,0,0,22/07/2026 6:18,22/07/2026 6:00
22/07/2026 6:30,NSW1,0,MEASUREMENT,1,8977,0,0,22/07/2026 6:49,22/07/2026 6:30
22/07/2026 7:00,NSW1,2.641,MEASUREMENT,1,9744,0,0,22/07/2026 7:18,22/07/2026 7:00
22/07/2026 7:30,NSW1,116.506,MEASUREMENT,1,10317,0,0,22/07/2026 7:49,22/07/2026 7:30
22/07/2026 8:00,NSW1,497.977,MEASUREMENT,1,10444,0,0,22/07/2026 8:19,22/07/2026 8:00
22/07/2026 8:30,NSW1,1041.279,MEASUREMENT,1,10101,0,0,22/07/2026 8:49,22/07/2026 8:30
22/07/2026 9:00,NSW1,1719.519,MEASUREMENT,1,9441,0,0,22/07/2026 9:19,22/07/2026 9:00
22/07/2026 9:30,NSW1,2379.448,MEASUREMENT,1,8854,0,0,22/07/2026 9:48,22/07/2026 9:30
22/07/2026 10:00,NSW1,2945.947,MEASUREMENT,1,8390,0,0,22/07/2026 10:19,22/07/2026 10:00
22/07/2026 10:30,NSW1,3431.766,MEASUREMENT,1,7896,0,0,22/07/2026 10:48,22/07/2026 10:30
22/07/2026 11:00,NSW1,3806.623,MEASUREMENT,1,7370,0,0,22/07/2026 11:18,22/07/2026 11:00
22/07/2026 11:30,NSW1,3966.78,MEASUREMENT,1,7231,0,0,22/07/2026 11:48,22/07/2026 11:30
22/07/2026 12:00,NSW1,4008.434,MEASUREMENT,1,7015,0,0,22/07/2026 12:18,22/07/2026 12:00
22/07/2026 12:30,NSW1,3949.702,MEASUREMENT,1,6775,0,0,22/07/2026 12:48,22/07/2026 12:30
22/07/2026 13:00,NSW1,3765.248,MEASUREMENT,1,6682,0,0,22/07/2026 13:18,22/07/2026 13:00
22/07/2026 13:30,NSW1,3474.544,MEASUREMENT,1,6625,0,0,22/07/2026 13:48,22/07/2026 13:30
22/07/2026 14:00,NSW1,3058.006,MEASUREMENT,1,6865,0,0,22/07/2026 14:18,22/07/2026 14:00
22/07/2026 14:30,NSW1,2573.917,MEASUREMENT,1,7033,0,0,22/07/2026 14:48,22/07/2026 14:30
22/07/2026 15:00,NSW1,2119.79,MEASUREMENT,1,7366,0,0,22/07/2026 15:18,22/07/2026 15:00
22/07/2026 15:30,NSW1,1649.678,MEASUREMENT,1,7542,0,0,22/07/2026 15:48,22/07/2026 15:30
22/07/2026 16:00,NSW1,1055.734,MEASUREMENT,1,8125,0,0,22/07/2026 16:19,22/07/2026 16:00
22/07/2026 16:30,NSW1,588.837,MEASUREMENT,1,8624,0,0,22/07/2026 16:48,22/07/2026 16:30
22/07/2026 17:00,NSW1,158.696,MEASUREMENT,1,9255,0,0,22/07/2026 17:18,22/07/2026 17:00
22/07/2026 17:30,NSW1,4.669,MEASUREMENT,1,9809,0,0,22/07/2026 17:48,22/07/2026 17:30
22/07/2026 18:00,NSW1,0,MEASUREMENT,1,10347,0,0,22/07/2026 18:18,22/07/2026 18:00
22/07/2026 18:30,NSW1,0,MEASUREMENT,1,10527,0,0,22/07/2026 18:48,22/07/2026 18:30
22/07/2026 19:00,NSW1,0,MEASUREMENT,1,10554,0,0,22/07/2026 19:18,22/07/2026 19:00
22/07/2026 19:30,NSW1,0,MEASUREMENT,1,10425,0,0,22/07/2026 19:48,22/07/2026 19:30
22/07/2026 20:00,NSW1,0,MEASUREMENT,1,10296,0,0,22/07/2026 20:18,22/07/2026 20:00
22/07/2026 20:30,NSW1,0,MEASUREMENT,1,10130,0,0,22/07/2026 20:48,22/07/2026 20:30
22/07/2026 21:00,NSW1,0,MEASUREMENT,1,9947,0,0,22/07/2026 21:19,22/07/2026 21:00
22/07/2026 21:30,NSW1,0,MEASUREMENT,1,9706,0,0,22/07/2026 21:48,22/07/2026 21:30
22/07/2026 22:00,NSW1,0,MEASUREMENT,1,9364,0,0,22/07/2026 22:18,22/07/2026 22:00
22/07/2026 22:30,NSW1,0,MEASUREMENT,1,9161,0,0,22/07/2026 22:49,22/07/2026 22:30
22/07/2026 23:00,NSW1,0,MEASUREMENT,1,8916,0,0,22/07/2026 23:19,22/07/2026 23:00
22/07/2026 23:30,NSW1,0,MEASUREMENT,1,8657,0,0,22/07/2026 23:48,22/07/2026 23:30
23/07/2026 0:00,NSW1,0,MEASUREMENT,1,8404,0,0,23/07/2026 0:18,23/07/2026 0:00
23/07/2026 0:30,NSW1,0,MEASUREMENT,1,8429,0,0,23/07/2026 0:49,23/07/2026 0:30
23/07/2026 1:00,NSW1,0,MEASUREMENT,1,8297,0,0,23/07/2026 1:18,23/07/2026 1:00
23/07/2026 1:30,NSW1,0,MEASUREMENT,1,8060,0,0,23/07/2026 1:48,23/07/2026 1:30
23/07/2026 2:00,NSW1,0,MEASUREMENT,1,7879,0,0,23/07/2026 2:18,23/07/2026 2:00
23/07/2026 2:30,NSW1,0,MEASUREMENT,1,7773,0,0,23/07/2026 2:49,23/07/2026 2:30
23/07/2026 3:00,NSW1,0,MEASUREMENT,1,7584,0,0,23/07/2026 3:19,23/07/2026 3:00
23/07/2026 3:30,NSW1,0,MEASUREMENT,1,7463,0,0,23/07/2026 3:48,23/07/2026 3:30
23/07/2026 4:00,NSW1,0,MEASUREMENT,1,7369,0,0,23/07/2026 4:19,23/07/2026 4:00
23/07/2026 4:30,NSW1,0,MEASUREMENT,1,7390,0,0,23/07/2026 4:49,23/07/2026 4:30
23/07/2026 5:00,NSW1,0,MEASUREMENT,1,7530,0,0,23/07/2026 5:18,23/07/2026 5:00
23/07/2026 5:30,NSW1,0,MEASUREMENT,1,7849,0,0,23/07/2026 5:48,23/07/2026 5:30
23/07/2026 6:00,NSW1,0,MEASUREMENT,1,8247,0,0,23/07/2026 6:19,23/07/2026 6:00
23/07/2026 6:30,NSW1,0,MEASUREMENT,1,8966,0,0,23/07/2026 6:49,23/07/2026 6:30
23/07/2026 7:00,NSW1,3.691,MEASUREMENT,1,9674,0,0,23/07/2026 7:19,23/07/2026 7:00
23/07/2026 7:30,NSW1,102.672,MEASUREMENT,1,9939,0,0,23/07/2026 7:48,23/07/2026 7:30
23/07/2026 8:00,NSW1,501.795,MEASUREMENT,1,10183,0,0,23/07/2026 8:18,23/07/2026 8:00
23/07/2026 8:30,NSW1,1113.972,MEASUREMENT,1,9731,0,0,23/07/2026 8:49,23/07/2026 8:30
23/07/2026 9:00,NSW1,1785.3,MEASUREMENT,1,9030,0,0,23/07/2026 9:19,23/07/2026 9:00
23/07/2026 9:30,NSW1,2431.604,MEASUREMENT,1,8386,0,0,23/07/2026 9:49,23/07/2026 9:30
23/07/2026 10:00,NSW1,3011.548,MEASUREMENT,1,7959,0,0,23/07/2026 10:19,23/07/2026 10:00
23/07/2026 10:30,NSW1,3463.012,MEASUREMENT,1,7441,0,0,23/07/2026 10:48,23/07/2026 10:30
23/07/2026 11:00,NSW1,3768.352,MEASUREMENT,1,7089,0,0,23/07/2026 11:19,23/07/2026 11:00
23/07/2026 11:30,NSW1,3901.662,MEASUREMENT,1,7011,0,0,23/07/2026 11:48,23/07/2026 11:30
23/07/2026 12:00,NSW1,3724.284,MEASUREMENT,1,7037,0,0,23/07/2026 12:19,23/07/2026 12:00
23/07/2026 12:30,NSW1,3448.447,MEASUREMENT,1,7064,0,0,23/07/2026 12:48,23/07/2026 12:30
23/07/2026 13:00,NSW1,3543.892,MEASUREMENT,1,6968,0,0,23/07/2026 13:18,23/07/2026 13:00
23/07/2026 13:30,NSW1,3195.094,MEASUREMENT,1,6896,0,0,23/07/2026 13:49,23/07/2026 13:30
23/07/2026 14:00,NSW1,3217.154,MEASUREMENT,1,6904,0,0,23/07/2026 14:18,23/07/2026 14:00
23/07/2026 14:30,NSW1,2786.646,MEASUREMENT,1,6990,0,0,23/07/2026 14:48,23/07/2026 14:30
23/07/2026 15:00,NSW1,2248.425,MEASUREMENT,1,7164,0,0,23/07/2026 15:18,23/07/2026 15:00
23/07/2026 15:30,NSW1,1802.591,MEASUREMENT,1,7471,0,0,23/07/2026 15:48,23/07/2026 15:30
23/07/2026 16:00,NSW1,1207.219,MEASUREMENT,1,8033,0,0,23/07/2026 16:19,23/07/2026 16:00
23/07/2026 16:30,NSW1,617.944,MEASUREMENT,1,8800,0,0,23/07/2026 16:48,23/07/2026 16:30
23/07/2026 17:00,NSW1,155.881,MEASUREMENT,1,9448,0,0,23/07/2026 17:18,23/07/2026 17:00
23/07/2026 17:30,NSW1,5.317,MEASUREMENT,1,10056,0,0,23/07/2026 17:48,23/07/2026 17:30
23/07/2026 18:00,NSW1,0,MEASUREMENT,1,10692,0,0,23/07/2026 18:18,23/07/2026 18:00
23/07/2026 18:30,NSW1,0,MEASUREMENT,1,10879,0,0,23/07/2026 18:48,23/07/2026 18:30
23/07/2026 19:00,NSW1,0,MEASUREMENT,1,10950,0,0,23/07/2026 19:18,23/07/2026 19:00
23/07/2026 19:30,NSW1,0,MEASUREMENT,1,10869,0,0,23/07/2026 19:48,23/07/2026 19:30
23/07/2026 20:00,NSW1,0,MEASUREMENT,1,10803,0,0,23/07/2026 20:18,23/07/2026 20:00
23/07/2026 20:30,NSW1,0,MEASUREMENT,1,10630,0,0,23/07/2026 20:48,23/07/2026 20:30
23/07/2026 21:00,NSW1,0,MEASUREMENT,1,10528,0,0,23/07/2026 21:19,23/07/2026 21:00
23/07/2026 21:30,NSW1,0,MEASUREMENT,1,10257,0,0,23/07/2026 21:48,23/07/2026 21:30
23/07/2026 22:00,NSW1,0,MEASUREMENT,1,9840,0,0,23/07/2026 22:18,23/07/2026 22:00
23/07/2026 22:30,NSW1,0,MEASUREMENT,1,9606,0,0,23/07/2026 22:49,23/07/2026 22:30
23/07/2026 23:00,NSW1,0,MEASUREMENT,1,9269,0,0,23/07/2026 23:18,23/07/2026 23:00
23/07/2026 23:30,NSW1,0,MEASUREMENT,1,9003,0,0,23/07/2026 23:48,23/07/2026 23:30
24/07/2026 0:00,NSW1,0,MEASUREMENT,1,8739,0,0,24/07/2026 0:19,24/07/2026 0:00
24/07/2026 0:30,NSW1,0,MEASUREMENT,1,8759,0,0,24/07/2026 0:49,24/07/2026 0:30
24/07/2026 1:00,NSW1,0,MEASUREMENT,1,8576,0,0,24/07/2026 1:18,24/07/2026 1:00
24/07/2026 1:30,NSW1,0,MEASUREMENT,1,8344,0,0,24/07/2026 1:48,24/07/2026 1:30
24/07/2026 2:00,NSW1,0,MEASUREMENT,1,8246,0,0,24/07/2026 2:19,24/07/2026 2:00
24/07/2026 2:30,NSW1,0,MEASUREMENT,1,7967,0,0,24/07/2026 2:48,24/07/2026 2:30
24/07/2026 3:00,NSW1,0,MEASUREMENT,1,7793,0,0,24/07/2026 3:19,24/07/2026 3:00
24/07/2026 3:30,NSW1,0,MEASUREMENT,1,7775,0,0,24/07/2026 3:49,24/07/2026 3:30
24/07/2026 4:00,NSW1,0,MEASUREMENT,1,7689,0,0,24/07/2026 4:18,24/07/2026 4:00
24/07/2026 4:30,NSW1,0,MEASUREMENT,1,7686,0,0,24/07/2026 4:49,24/07/2026 4:30
24/07/2026 5:00,NSW1,0,MEASUREMENT,1,7797,0,0,24/07/2026 5:19,24/07/2026 5:00
24/07/2026 5:30,NSW1,0,MEASUREMENT,1,8164,0,0,24/07/2026 5:49,24/07/2026 5:30
24/07/2026 6:00,NSW1,0,MEASUREMENT,1,8586,0,0,24/07/2026 6:19,24/07/2026 6:00
24/07/2026 6:30,NSW1,0,MEASUREMENT,1,9301,0,0,24/07/2026 6:48,24/07/2026 6:30
24/07/2026 7:00,NSW1,3.933,MEASUREMENT,1,10132,0,0,24/07/2026 7:18,24/07/2026 7:00
24/07/2026 7:30,NSW1,130.765,MEASUREMENT,1,10744,0,0,24/07/2026 7:48,24/07/2026 7:30
24/07/2026 8:00,NSW1,585.094,MEASUREMENT,1,10927,0,0,24/07/2026 8:19,24/07/2026 8:00
24/07/2026 8:30,NSW1,1235.665,MEASUREMENT,1,10501,0,0,24/07/2026 8:49,24/07/2026 8:30
24/07/2026 9:00,NSW1,1964.482,MEASUREMENT,1,9767,0,0,24/07/2026 9:19,24/07/2026 9:00
24/07/2026 9:30,NSW1,2679.68,MEASUREMENT,1,9102,0,0,24/07/2026 9:49,24/07/2026 9:30
24/07/2026 10:00,NSW1,3290.641,MEASUREMENT,1,8519,0,0,24/07/2026 10:19,24/07/2026 10:00
24/07/2026 10:30,NSW1,3757.948,MEASUREMENT,1,8012,0,0,24/07/2026 10:48,24/07/2026 10:30
24/07/2026 11:00,NSW1,4139.939,MEASUREMENT,1,7624,0,0,24/07/2026 11:19,24/07/2026 11:00
24/07/2026 11:30,NSW1,4341.845,MEASUREMENT,1,7360,0,0,24/07/2026 11:48,24/07/2026 11:30
24/07/2026 12:00,NSW1,4422.304,MEASUREMENT,1,7121,0,0,24/07/2026 12:19,24/07/2026 12:00
24/07/2026 12:30,NSW1,4404.101,MEASUREMENT,1,6910,0,0,24/07/2026 12:48,24/07/2026 12:30
24/07/2026 13:00,NSW1,4302.603,MEASUREMENT,1,6772,0,0,24/07/2026 13:18,24/07/2026 13:00
24/07/2026 13:30,NSW1,4093.505,MEASUREMENT,1,6707,0,0,24/07/2026 13:49,24/07/2026 13:30
24/07/2026 14:00,NSW1,3784.184,MEASUREMENT,1,6662,0,0,24/07/2026 14:18,24/07/2026 14:00
24/07/2026 14:30,NSW1,3312.928,MEASUREMENT,1,6784,0,0,24/07/2026 14:48,24/07/2026 14:30
24/07/2026 15:00,NSW1,2740.494,MEASUREMENT,1,7125,0,0,24/07/2026 15:18,24/07/2026 15:00
24/07/2026 15:30,NSW1,2080.695,MEASUREMENT,1,7451,0,0,24/07/2026 15:48,24/07/2026 15:30
24/07/2026 16:00,NSW1,1363.949,MEASUREMENT,1,8203,0,0,24/07/2026 16:18,24/07/2026 16:00
24/07/2026 16:30,NSW1,691.062,MEASUREMENT,1,8867,0,0,24/07/2026 16:48,24/07/2026 16:30
24/07/2026 17:00,NSW1,162.612,MEASUREMENT,1,9739,0,0,24/07/2026 17:19,24/07/2026 17:00
24/07/2026 17:30,NSW1,8.744,MEASUREMENT,1,10468,0,0,24/07/2026 17:48,24/07/2026 17:30
24/07/2026 18:00,NSW1,0,MEASUREMENT,1,11159,0,0,24/07/2026 18:19,24/07/2026 18:00
24/07/2026 18:30,NSW1,0,MEASUREMENT,1,11272,0,0,24/07/2026 18:48,24/07/2026 18:30
24/07/2026 19:00,NSW1,0,MEASUREMENT,1,11311,0,0,24/07/2026 19:18,24/07/2026 19:00
24/07/2026 19:30,NSW1,0,MEASUREMENT,1,11161,0,0,24/07/2026 19:49,24/07/2026 19:30
24/07/2026 20:00,NSW1,0,MEASUREMENT,1,11080,0,0,24/07/2026 20:18,24/07/2026 20:00
24/07/2026 20:30,NSW1,0,MEASUREMENT,1,11007,0,0,24/07/2026 20:48,24/07/2026 20:30
24/07/2026 21:00,NSW1,0,MEASUREMENT,1,10844,0,0,24/07/2026 21:18,24/07/2026 21:00
24/07/2026 21:30,NSW1,0,MEASUREMENT,1,10641,0,0,24/07/2026 21:48,24/07/2026 21:30
24/07/2026 22:00,NSW1,0,MEASUREMENT,1,10365,0,0,24/07/2026 22:18,24/07/2026 22:00
24/07/2026 22:30,NSW1,0,MEASUREMENT,1,10139,0,0,24/07/2026 22:49,24/07/2026 22:30
24/07/2026 23:00,NSW1,0,MEASUREMENT,1,9810,0,0,24/07/2026 23:18,24/07/2026 23:00
24/07/2026 23:30,NSW1,0,MEASUREMENT,1,9459,0,0,24/07/2026 23:49,24/07/2026 23:30
25/07/2026 0:00,NSW1,0,MEASUREMENT,1,9146,0,0,25/07/2026 0:19,25/07/2026 0:00
25/07/2026 0:30,NSW1,0,MEASUREMENT,1,9051,0,0,25/07/2026 0:48,25/07/2026 0:30
25/07/2026 1:00,NSW1,0,MEASUREMENT,1,8843,0,0,25/07/2026 1:18,25/07/2026 1:00
25/07/2026 1:30,NSW1,0,MEASUREMENT,1,8553,0,0,25/07/2026 1:48,25/07/2026 1:30
25/07/2026 2:00,NSW1,0,MEASUREMENT,1,8284,0,0,25/07/2026 2:18,25/07/2026 2:00
25/07/2026 2:30,NSW1,0,MEASUREMENT,1,8106,0,0,25/07/2026 2:49,25/07/2026 2:30
25/07/2026 3:00,NSW1,0,MEASUREMENT,1,7984,0,0,25/07/2026 3:19,25/07/2026 3:00
25/07/2026 3:30,NSW1,0,MEASUREMENT,1,7916,0,0,25/07/2026 3:48,25/07/2026 3:30
25/07/2026 4:00,NSW1,0,MEASUREMENT,1,7813,0,0,25/07/2026 4:19,25/07/2026 4:00
25/07/2026 4:30,NSW1,0,MEASUREMENT,1,7733,0,0,25/07/2026 4:48,25/07/2026 4:30
25/07/2026 5:00,NSW1,0,MEASUREMENT,1,7749,0,0,25/07/2026 5:18,25/07/2026 5:00
25/07/2026 5:30,NSW1,0,MEASUREMENT,1,7889,0,0,25/07/2026 5:49,25/07/2026 5:30
25/07/2026 6:00,NSW1,0,MEASUREMENT,1,8075,0,0,25/07/2026 6:18,25/07/2026 6:00
25/07/2026 6:30,NSW1,0,MEASUREMENT,1,8463,0,0,25/07/2026 6:49,25/07/2026 6:30
25/07/2026 7:00,NSW1,4.798,MEASUREMENT,1,8931,0,0,25/07/2026 7:19,25/07/2026 7:00
25/07/2026 7:30,NSW1,138.073,MEASUREMENT,1,9403,0,0,25/07/2026 7:48,25/07/2026 7:30
25/07/2026 8:00,NSW1,578.522,MEASUREMENT,1,9586,0,0,25/07/2026 8:19,25/07/2026 8:00
25/07/2026 8:30,NSW1,1201.483,MEASUREMENT,1,9479,0,0,25/07/2026 8:49,25/07/2026 8:30
25/07/2026 9:00,NSW1,1892.412,MEASUREMENT,1,9005,0,0,25/07/2026 9:19,25/07/2026 9:00
25/07/2026 9:30,NSW1,2553.966,MEASUREMENT,1,8523,0,0,25/07/2026 9:49,25/07/2026 9:30
25/07/2026 10:00,NSW1,3132.333,MEASUREMENT,1,8052,0,0,25/07/2026 10:19,25/07/2026 10:00
25/07/2026 10:30,NSW1,3586.232,MEASUREMENT,1,7492,0,0,25/07/2026 10:48,25/07/2026 10:30
25/07/2026 11:00,NSW1,3914.715,MEASUREMENT,1,6997,0,0,25/07/2026 11:18,25/07/2026 11:00
25/07/2026 11:30,NSW1,4135.102,MEASUREMENT,1,6658,0,0,25/07/2026 11:48,25/07/2026 11:30
25/07/2026 12:00,NSW1,4253.522,MEASUREMENT,1,6427,0,0,25/07/2026 12:18,25/07/2026 12:00
25/07/2026 12:30,NSW1,4259.839,MEASUREMENT,1,6244,0,0,25/07/2026 12:48,25/07/2026 12:30
25/07/2026 13:00,NSW1,4127.121,MEASUREMENT,1,6112,0,0,25/07/2026 13:18,25/07/2026 13:00
25/07/2026 13:30,NSW1,3899.115,MEASUREMENT,1,6160,0,0,25/07/2026 13:48,25/07/2026 13:30
25/07/2026 14:00,NSW1,3578.741,MEASUREMENT,1,6191,0,0,25/07/2026 14:18,25/07/2026 14:00
25/07/2026 14:30,NSW1,3154.985,MEASUREMENT,1,6275,0,0,25/07/2026 14:48,25/07/2026 14:30
25/07/2026 15:00,NSW1,2600.247,MEASUREMENT,1,6609,0,0,25/07/2026 15:18,25/07/2026 15:00
25/07/2026 15:30,NSW1,1973.047,MEASUREMENT,1,7044,0,0,25/07/2026 15:48,25/07/2026 15:30
25/07/2026 16:00,NSW1,1279.017,MEASUREMENT,1,7618,0,0,25/07/2026 16:18,25/07/2026 16:00
25/07/2026 16:30,NSW1,639.148,MEASUREMENT,1,8201,0,0,25/07/2026 16:49,25/07/2026 16:30
25/07/2026 17:00,NSW1,156.702,MEASUREMENT,1,8899,0,0,25/07/2026 17:18,25/07/2026 17:00
25/07/2026 17:30,NSW1,7.644,MEASUREMENT,1,9471,0,0,25/07/2026 17:49,25/07/2026 17:30
25/07/2026 18:00,NSW1,0,MEASUREMENT,1,10035,0,0,25/07/2026 18:18,25/07/2026 18:00
25/07/2026 18:30,NSW1,0,MEASUREMENT,1,10148,0,0,25/07/2026 18:48,25/07/2026 18:30
25/07/2026 19:00,NSW1,0,MEASUREMENT,1,10113,0,0,25/07/2026 19:19,25/07/2026 19:00
25/07/2026 19:30,NSW1,0,MEASUREMENT,1,10064,0,0,25/07/2026 19:48,25/07/2026 19:30
25/07/2026 20:00,NSW1,0,MEASUREMENT,1,9957,0,0,25/07/2026 20:19,25/07/2026 20:00
25/07/2026 20:30,NSW1,0,MEASUREMENT,1,9895,0,0,25/07/2026 20:48,25/07/2026 20:30
25/07/2026 21:00,NSW1,0,MEASUREMENT,1,9778,0,0,25/07/2026 21:19,25/07/2026 21:00
25/07/2026 21:30,NSW1,0,MEASUREMENT,1,9619,0,0,25/07/2026 21:49,25/07/2026 21:30
25/07/2026 22:00,NSW1,0,MEASUREMENT,1,9410,0,0,25/07/2026 22:18,25/07/2026 22:00
25/07/2026 22:30,NSW1,0,MEASUREMENT,1,9198,0,0,25/07/2026 22:48,25/07/2026 22:30
25/07/2026 23:00,NSW1,0,MEASUREMENT,1,8986,0,0,25/07/2026 23:19,25/07/2026 23:00
25/07/2026 23:30,NSW1,0,MEASUREMENT,1,8729,0,0,25/07/2026 23:49,25/07/2026 23:30
26/07/2026 0:00,NSW1,0,MEASUREMENT,1,8462,0,0,26/07/2026 0:18,26/07/2026 0:00
26/07/2026 0:30,NSW1,0,MEASUREMENT,1,8438,0,0,26/07/2026 0:49,26/07/2026 0:30
26/07/2026 1:00,NSW1,0,MEASUREMENT,1,8270,0,0,26/07/2026 1:19,26/07/2026 1:00
26/07/2026 1:30,NSW1,0,MEASUREMENT,1,7936,0,0,26/07/2026 1:48,26/07/2026 1:30
26/07/2026 2:00,NSW1,0,MEASUREMENT,1,7695,0,0,26/07/2026 2:19,26/07/2026 2:00
26/07/2026 2:30,NSW1,0,MEASUREMENT,1,7556,0,0,26/07/2026 2:49,26/07/2026 2:30
26/07/2026 3:00,NSW1,0,MEASUREMENT,1,7360,0,0,26/07/2026 3:19,26/07/2026 3:00
26/07/2026 3:30,NSW1,0,MEASUREMENT,1,7303,0,0,26/07/2026 3:49,26/07/2026 3:30
26/07/2026 4:00,NSW1,0,MEASUREMENT,1,7262,0,0,26/07/2026 4:18,26/07/2026 4:00
26/07/2026 4:30,NSW1,0,MEASUREMENT,1,7243,0,0,26/07/2026 4:49,26/07/2026 4:30
26/07/2026 5:00,NSW1,0,MEASUREMENT,1,7322,0,0,26/07/2026 5:19,26/07/2026 5:00
26/07/2026 5:30,NSW1,0,MEASUREMENT,1,7386,0,0,26/07/2026 5:49,26/07/2026 5:30
26/07/2026 6:00,NSW1,0,MEASUREMENT,1,7489,0,0,26/07/2026 6:18,26/07/2026 6:00
26/07/2026 6:30,NSW1,0,MEASUREMENT,1,7753,0,0,26/07/2026 6:49,26/07/2026 6:30
26/07/2026 7:00,NSW1,4.797,MEASUREMENT,1,8097,0,0,26/07/2026 7:18,26/07/2026 7:00
26/07/2026 7:30,NSW1,138.382,MEASUREMENT,1,8467,0,0,26/07/2026 7:49,26/07/2026 7:30
26/07/2026 8:00,NSW1,563.474,MEASUREMENT,1,8611,0,0,26/07/2026 8:19,26/07/2026 8:00
26/07/2026 8:30,NSW1,1139.591,MEASUREMENT,1,8521,0,0,26/07/2026 8:49,26/07/2026 8:30
26/07/2026 9:00,NSW1,1737.725,MEASUREMENT,1,8235,0,0,26/07/2026 9:19,26/07/2026 9:00
26/07/2026 9:30,NSW1,2265.145,MEASUREMENT,1,7929,0,0,26/07/2026 9:49,26/07/2026 9:30
26/07/2026 10:00,NSW1,2720.177,MEASUREMENT,1,7648,0,0,26/07/2026 10:19,26/07/2026 10:00
26/07/2026 10:30,NSW1,3121.752,MEASUREMENT,1,7274,0,0,26/07/2026 10:48,26/07/2026 10:30
26/07/2026 11:00,NSW1,3434.223,MEASUREMENT,1,6883,0,0,26/07/2026 11:18,26/07/2026 11:00
26/07/2026 11:30,NSW1,3552.706,MEASUREMENT,1,6802,0,0,26/07/2026 11:48,26/07/2026 11:30
26/07/2026 12:00,NSW1,3827.989,MEASUREMENT,1,6539,0,0,26/07/2026 12:18,26/07/2026 12:00
26/07/2026 12:30,NSW1,3746.565,MEASUREMENT,1,6334,0,0,26/07/2026 12:48,26/07/2026 12:30
26/07/2026 13:00,NSW1,3591.469,MEASUREMENT,1,6275,0,0,26/07/2026 13:18,26/07/2026 13:00
26/07/2026 13:30,NSW1,3269.572,MEASUREMENT,1,6370,0,0,26/07/2026 13:48,26/07/2026 13:30
26/07/2026 14:00,NSW1,2856.645,MEASUREMENT,1,6458,0,0,26/07/2026 14:18,26/07/2026 14:00
26/07/2026 14:30,NSW1,2577.496,MEASUREMENT,1,6542,0,0,26/07/2026 14:48,26/07/2026 14:30
26/07/2026 15:00,NSW1,2053.429,MEASUREMENT,1,6887,0,0,26/07/2026 15:18,26/07/2026 15:00
26/07/2026 15:30,NSW1,1605.845,MEASUREMENT,1,7269,0,0,26/07/2026 15:48,26/07/2026 15:30
26/07/2026 16:00,NSW1,1172.006,MEASUREMENT,1,7766,0,0,26/07/2026 16:18,26/07/2026 16:00
26/07/2026 16:30,NSW1,655.147,MEASUREMENT,1,8380,0,0,26/07/2026 16:48,26/07/2026 16:30
26/07/2026 17:00,NSW1,167.49,MEASUREMENT,1,9042,0,0,26/07/2026 17:18,26/07/2026 17:00
26/07/2026 17:30,NSW1,8.71,MEASUREMENT,1,9632,0,0,26/07/2026 17:48,26/07/2026 17:30
26/07/2026 18:00,NSW1,0,MEASUREMENT,1,10272,0,0,26/07/2026 18:19,26/07/2026 18:00
26/07/2026 18:30,NSW1,0,MEASUREMENT,1,10436,0,0,26/07/2026 18:48,26/07/2026 18:30
26/07/2026 19:00,NSW1,0,MEASUREMENT,1,10497,0,0,26/07/2026 19:19,26/07/2026 19:00
26/07/2026 19:30,NSW1,0,MEASUREMENT,1,10437,0,0,26/07/2026 19:49,26/07/2026 19:30
26/07/2026 20:00,NSW1,0,MEASUREMENT,1,10309,0,0,26/07/2026 20:18,26/07/2026 20:00
26/07/2026 20:30,NSW1,0,MEASUREMENT,1,10180,0,0,26/07/2026 20:49,26/07/2026 20:30
26/07/2026 21:00,NSW1,0,MEASUREMENT,1,9934,0,0,26/07/2026 21:19,26/07/2026 21:00
26/07/2026 21:30,NSW1,0,MEASUREMENT,1,9659,0,0,26/07/2026 21:48,26/07/2026 21:30
26/07/2026 22:00,NSW1,0,MEASUREMENT,1,9396,0,0,26/07/2026 22:18,26/07/2026 22:00
26/07/2026 22:30,NSW1,0,MEASUREMENT,1,8855,0,0,26/07/2026 22:49,26/07/2026 22:30
26/07/2026 23:00,NSW1,0,MEASUREMENT,1,8611,0,0,26/07/2026 23:19,26/07/2026 23:00
26/07/2026 23:30,NSW1,0,MEASUREMENT,1,8550,0,0,26/07/2026 23:49,26/07/2026 23:30
27/07/2026 0:00,NSW1,0,MEASUREMENT,1,8354,0,0,27/07/2026 0:18,27/07/2026 0:00
27/07/2026 0:30,NSW1,0,MEASUREMENT,1,8306,0,0,27/07/2026 0:48,27/07/2026 0:30
27/07/2026 1:00,NSW1,0,MEASUREMENT,1,8106,0,0,27/07/2026 1:19,27/07/2026 1:00
27/07/2026 1:30,NSW1,0,MEASUREMENT,1,7890,0,0,27/07/2026 1:48,27/07/2026 1:30
27/07/2026 2:00,NSW1,0,MEASUREMENT,1,7692,0,0,27/07/2026 2:18,27/07/2026 2:00
27/07/2026 2:30,NSW1,0,MEASUREMENT,1,7530,0,0,27/07/2026 2:48,27/07/2026 2:30
27/07/2026 3:00,NSW1,0,MEASUREMENT,1,7416,0,0,27/07/2026 3:19,27/07/2026 3:00
27/07/2026 3:30,NSW1,0,MEASUREMENT,1,7386,0,0,27/07/2026 3:48,27/07/2026 3:30
27/07/2026 4:00,NSW1,0,MEASUREMENT,1,7390,0,0,27/07/2026 4:19,27/07/2026 4:00
27/07/2026 4:30,NSW1,0,MEASUREMENT,1,7549,0,0,27/07/2026 4:49,27/07/2026 4:30
27/07/2026 5:00,NSW1,0,MEASUREMENT,1,7649,0,0,27/07/2026 5:19,27/07/2026 5:00
27/07/2026 5:30,NSW1,0,MEASUREMENT,1,7996,0,0,27/07/2026 5:49,27/07/2026 5:30
27/07/2026 6:00,NSW1,0,MEASUREMENT,1,8325,0,0,27/07/2026 6:18,27/07/2026 6:00
27/07/2026 6:30,NSW1,0,MEASUREMENT,1,9083,0,0,27/07/2026 6:49,27/07/2026 6:30
27/07/2026 7:00,NSW1,4.131,MEASUREMENT,1,9813,0,0,27/07/2026 7:18,27/07/2026 7:00
27/07/2026 7:30,NSW1,107.772,MEASUREMENT,1,10429,0,0,27/07/2026 7:48,27/07/2026 7:30
27/07/2026 8:00,NSW1,471.683,MEASUREMENT,1,10675,0,0,27/07/2026 8:19,27/07/2026 8:00
27/07/2026 8:30,NSW1,941.321,MEASUREMENT,1,10495,0,0,27/07/2026 8:49,27/07/2026 8:30
27/07/2026 9:00,NSW1,1416.984,MEASUREMENT,1,10034,0,0,27/07/2026 9:19,27/07/2026 9:00
27/07/2026 9:30,NSW1,1832.907,MEASUREMENT,1,9743,0,0,27/07/2026 9:49,27/07/2026 9:30
27/07/2026 10:00,NSW1,2419.86,MEASUREMENT,1,9243,0,0,27/07/2026 10:19,27/07/2026 10:00
27/07/2026 10:30,NSW1,3086.456,MEASUREMENT,1,8584,0,0,27/07/2026 10:49,27/07/2026 10:30
27/07/2026 11:00,NSW1,3396.307,MEASUREMENT,1,8110,0,0,27/07/2026 11:18,27/07/2026 11:00
27/07/2026 11:30,NSW1,3682.783,MEASUREMENT,1,7746,0,0,27/07/2026 11:48,27/07/2026 11:30
27/07/2026 12:00,NSW1,3810.683,MEASUREMENT,1,7396,0,0,27/07/2026 12:18,27/07/2026 12:00
27/07/2026 12:30,NSW1,3746.87,MEASUREMENT,1,7284,0,0,27/07/2026 12:48,27/07/2026 12:30
27/07/2026 13:00,NSW1,3593.8,MEASUREMENT,1,7122,0,0,27/07/2026 13:18,27/07/2026 13:00
27/07/2026 13:30,NSW1,3370.817,MEASUREMENT,1,7076,0,0,27/07/2026 13:48,27/07/2026 13:30
27/07/2026 14:00,NSW1,2955.556,MEASUREMENT,1,7126,0,0,27/07/2026 14:18,27/07/2026 14:00
27/07/2026 14:30,NSW1,2624.584,MEASUREMENT,1,7151,0,0,27/07/2026 14:48,27/07/2026 14:30
27/07/2026 15:00,NSW1,2274.187,MEASUREMENT,1,7334,0,0,27/07/2026 15:18,27/07/2026 15:00
27/07/2026 15:30,NSW1,1752.093,MEASUREMENT,1,7662,0,0,27/07/2026 15:48,27/07/2026 15:30
27/07/2026 16:00,NSW1,1160.353,MEASUREMENT,1,8152,0,0,27/07/2026 16:18,27/07/2026 16:00
27/07/2026 16:30,NSW1,619.372,MEASUREMENT,1,8730,0,0,27/07/2026 16:49,27/07/2026 16:30
27/07/2026 17:00,NSW1,186.704,MEASUREMENT,1,9435,0,0,27/07/2026 17:18,27/07/2026 17:00
27/07/2026 17:30,NSW1,9.833,MEASUREMENT,1,9987,0,0,27/07/2026 17:49,27/07/2026 17:30
27/07/2026 18:00,NSW1,0,MEASUREMENT,1,10644,0,0,27/07/2026 18:19,27/07/2026 18:00
27/07/2026 18:30,NSW1,0,MEASUREMENT,1,10783,0,0,27/07/2026 18:48,27/07/2026 18:30
27/07/2026 19:00,NSW1,0,MEASUREMENT,1,10826,0,0,27/07/2026 19:18,27/07/2026 19:00
27/07/2026 19:30,NSW1,0,MEASUREMENT,1,10753,0,0,27/07/2026 19:48,27/07/2026 19:30
27/07/2026 20:00,NSW1,0,MEASUREMENT,1,10669,0,0,27/07/2026 20:18,27/07/2026 20:00
27/07/2026 20:30,NSW1,0,MEASUREMENT,1,10482,0,0,27/07/2026 20:49,27/07/2026 20:30
27/07/2026 21:00,NSW1,0,MEASUREMENT,1,10249,0,0,27/07/2026 21:18,27/07/2026 21:00
27/07/2026 21:30,NSW1,0,MEASUREMENT,1,10010,0,0,27/07/2026 21:49,27/07/2026 21:30
27/07/2026 22:00,NSW1,0,MEASUREMENT,1,9635,0,0,27/07/2026 22:19,27/07/2026 22:00
27/07/2026 22:30,NSW1,0,MEASUREMENT,1,9369,0,0,27/07/2026 22:49,27/07/2026 22:30
27/07/2026 23:00,NSW1,0,MEASUREMENT,1,9010,0,0,27/07/2026 23:19,27/07/2026 23:00
27/07/2026 23:30,NSW1,0,MEASUREMENT,1,8698,0,0,27/07/2026 23:49,27/07/2026 23:30
28/07/2026 0:00,NSW1,0,MEASUREMENT,1,8442,0,0,28/07/2026 0:18,28/07/2026 0:00
28/07/2026 0:30,NSW1,0,MEASUREMENT,1,8442,0,0,28/07/2026 0:49,28/07/2026 0:30
28/07/2026 1:00,NSW1,0,MEASUREMENT,1,8231,0,0,28/07/2026 1:19,28/07/2026 1:00
28/07/2026 1:30,NSW1,0,MEASUREMENT,1,8190,0,0,28/07/2026 1:49,28/07/2026 1:30
28/07/2026 2:00,NSW1,0,MEASUREMENT,1,7885,0,0,28/07/2026 2:18,28/07/2026 2:00
28/07/2026 2:30,NSW1,0,MEASUREMENT,1,7668,0,0,28/07/2026 2:48,28/07/2026 2:30
28/07/2026 3:00,NSW1,0,MEASUREMENT,1,7515,0,0,28/07/2026 3:19,28/07/2026 3:00
28/07/2026 3:30,NSW1,0,MEASUREMENT,1,7426,0,0,28/07/2026 3:49,28/07/2026 3:30
28/07/2026 4:00,NSW1,0,MEASUREMENT,1,7418,0,0,28/07/2026 4:19,28/07/2026 4:00
28/07/2026 4:30,NSW1,0,MEASUREMENT,1,7419,0,0,28/07/2026 4:49,28/07/2026 4:30
28/07/2026 5:00,NSW1,0,MEASUREMENT,1,7529,0,0,28/07/2026 5:19,28/07/2026 5:00
28/07/2026 5:30,NSW1,0,MEASUREMENT,1,7884,0,0,28/07/2026 5:49,28/07/2026 5:30
28/07/2026 6:00,NSW1,0,MEASUREMENT,1,8319,0,0,28/07/2026 6:19,28/07/2026 6:00
28/07/2026 6:30,NSW1,0,MEASUREMENT,1,9072,0,0,28/07/2026 6:49,28/07/2026 6:30
28/07/2026 7:00,NSW1,6.238,MEASUREMENT,1,9864,0,0,28/07/2026 7:18,28/07/2026 7:00
28/07/2026 7:30,NSW1,162.319,MEASUREMENT,1,10189,0,0,28/07/2026 7:49,28/07/2026 7:30
28/07/2026 8:00,NSW1,571.495,MEASUREMENT,1,10367,0,0,28/07/2026 8:19,28/07/2026 8:00
28/07/2026 8:30,NSW1,1185.058,MEASUREMENT,1,10063,0,0,28/07/2026 8:49,28/07/2026 8:30
28/07/2026 9:00,NSW1,1788.657,MEASUREMENT,1,9386,0,0,28/07/2026 9:19,28/07/2026 9:00
28/07/2026 9:30,NSW1,2440.162,MEASUREMENT,1,8732,0,0,28/07/2026 9:49,28/07/2026 9:30
28/07/2026 10:00,NSW1,2985.503,MEASUREMENT,1,8235,0,0,28/07/2026 10:19,28/07/2026 10:00
28/07/2026 10:30,NSW1,3494.257,MEASUREMENT,1,7801,0,0,28/07/2026 10:48,28/07/2026 10:30
28/07/2026 11:00,NSW1,3852.394,MEASUREMENT,1,7257,0,0,28/07/2026 11:18,28/07/2026 11:00
28/07/2026 11:30,NSW1,4085.876,MEASUREMENT,1,6987,0,0,28/07/2026 11:48,28/07/2026 11:30
28/07/2026 12:00,NSW1,4241.119,MEASUREMENT,1,6697,0,0,28/07/2026 12:18,28/07/2026 12:00
28/07/2026 12:30,NSW1,4291.725,MEASUREMENT,1,6472,0,0,28/07/2026 12:48,28/07/2026 12:30
28/07/2026 13:00,NSW1,4174.153,MEASUREMENT,1,6342,0,0,28/07/2026 13:18,28/07/2026 13:00
28/07/2026 13:30,NSW1,3889.554,MEASUREMENT,1,6381,0,0,28/07/2026 13:48,28/07/2026 13:30
28/07/2026 14:00,NSW1,3510.775,MEASUREMENT,1,6484,0,0,28/07/2026 14:18,28/07/2026 14:00
28/07/2026 14:30,NSW1,3075.537,MEASUREMENT,1,6654,0,0,28/07/2026 14:48,28/07/2026 14:30
28/07/2026 15:00,NSW1,2541.181,MEASUREMENT,1,6935,0,0,28/07/2026 15:18,28/07/2026 15:00
28/07/2026 15:30,NSW1,1888.236,MEASUREMENT,1,7386,0,0,28/07/2026 15:48,28/07/2026 15:30
28/07/2026 16:00,NSW1,1233.06,MEASUREMENT,1,7978,0,0,28/07/2026 16:18,28/07/2026 16:00
28/07/2026 16:30,NSW1,645.924,MEASUREMENT,1,8562,0,0,28/07/2026 16:48,28/07/2026 16:30
28/07/2026 17:00,NSW1,186.943,MEASUREMENT,1,9175,0,0,28/07/2026 17:19,28/07/2026 17:00
28/07/2026 17:30,NSW1,9.54,MEASUREMENT,1,9771,0,0,28/07/2026 17:48,28/07/2026 17:30
28/07/2026 18:00,NSW1,0,MEASUREMENT,1,10485,0,0,28/07/2026 18:18,28/07/2026 18:00
28/07/2026 18:30,NSW1,0,MEASUREMENT,1,10628,0,0,28/07/2026 18:48,28/07/2026 18:30
28/07/2026 19:00,NSW1,0,MEASUREMENT,1,10699,0,0,28/07/2026 19:18,28/07/2026 19:00
28/07/2026 19:30,NSW1,0,MEASUREMENT,1,10597,0,0,28/07/2026 19:49,28/07/2026 19:30
28/07/2026 20:00,NSW1,0,MEASUREMENT,1,10505,0,0,28/07/2026 20:18,28/07/2026 20:00
28/07/2026 20:30,NSW1,0,MEASUREMENT,1,10328,0,0,28/07/2026 20:49,28/07/2026 20:30
28/07/2026 21:00,NSW1,0,MEASUREMENT,1,10149,0,0,28/07/2026 21:18,28/07/2026 21:00
28/07/2026 21:30,NSW1,0,MEASUREMENT,1,9885,0,0,28/07/2026 21:49,28/07/2026 21:30
28/07/2026 22:00,NSW1,0,MEASUREMENT,1,9558,0,0,28/07/2026 22:18,28/07/2026 22:00
28/07/2026 22:30,NSW1,0,MEASUREMENT,1,9321,0,0,28/07/2026 22:48,28/07/2026 22:30
28/07/2026 23:00,NSW1,0,MEASUREMENT,1,9019,0,0,28/07/2026 23:19,28/07/2026 23:00
28/07/2026 23:30,NSW1,0,MEASUREMENT,1,8757,0,0,28/07/2026 23:48,28/07/2026 23:30
29/07/2026 0:00,NSW1,0,MEASUREMENT,1,8487,0,0,29/07/2026 0:18,29/07/2026 0:00
29/07/2026 0:30,NSW1,0,MEASUREMENT,1,8392,0,0,29/07/2026 0:49,29/07/2026 0:30
29/07/2026 1:00,NSW1,0,MEASUREMENT,1,8237,0,0,29/07/2026 1:19,29/07/2026 1:00
29/07/2026 1:30,NSW1,0,MEASUREMENT,1,7978,0,0,29/07/2026 1:49,29/07/2026 1:30
29/07/2026 2:00,NSW1,0,MEASUREMENT,1,7796,0,0,29/07/2026 2:19,29/07/2026 2:00
29/07/2026 2:30,NSW1,0,MEASUREMENT,1,7640,0,0,29/07/2026 2:48,29/07/2026 2:30
29/07/2026 3:00,NSW1,0,MEASUREMENT,1,7467,0,0,29/07/2026 3:19,29/07/2026 3:00
29/07/2026 3:30,NSW1,0,MEASUREMENT,1,7503,0,0,29/07/2026 3:48,29/07/2026 3:30
29/07/2026 4:00,NSW1,0,MEASUREMENT,1,7477,0,0,29/07/2026 4:18,29/07/2026 4:00
29/07/2026 4:30,NSW1,0,MEASUREMENT,1,7473,0,0,29/07/2026 4:49,29/07/2026 4:30
29/07/2026 5:00,NSW1,0,MEASUREMENT,1,7545,0,0,29/07/2026 5:19,29/07/2026 5:00
29/07/2026 5:30,NSW1,0,MEASUREMENT,1,7872,0,0,29/07/2026 5:49,29/07/2026 5:30
29/07/2026 6:00,NSW1,0,MEASUREMENT,1,8292,0,0,29/07/2026 6:18,29/07/2026 6:00
29/07/2026 6:30,NSW1,0,MEASUREMENT,1,8960,0,0,29/07/2026 6:49,29/07/2026 6:30
29/07/2026 7:00,NSW1,5.843,MEASUREMENT,1,9682,0,0,29/07/2026 7:19,29/07/2026 7:00
29/07/2026 7:30,NSW1,149.957,MEASUREMENT,0.7,10226,0,0,29/07/2026 7:48,29/07/2026 7:30
29/07/2026 8:00,NSW1,590.675,MEASUREMENT,1,10205,0,0,29/07/2026 8:19,29/07/2026 8:00
29/07/2026 8:30,NSW1,1227.932,MEASUREMENT,1,9710,0,0,29/07/2026 8:49,29/07/2026 8:30
29/07/2026 9:00,NSW1,1888.37,MEASUREMENT,1,8959,0,0,29/07/2026 9:19,29/07/2026 9:00
29/07/2026 9:30,NSW1,2455.665,MEASUREMENT,1,8497,0,0,29/07/2026 9:49,29/07/2026 9:30
29/07/2026 10:00,NSW1,2974.165,MEASUREMENT,1,8099,0,0,29/07/2026 10:19,29/07/2026 10:00
29/07/2026 10:30,NSW1,3350.398,MEASUREMENT,1,7671,0,0,29/07/2026 10:48,29/07/2026 10:30
29/07/2026 11:00,NSW1,3468.468,MEASUREMENT,1,7292,0,0,29/07/2026 11:19,29/07/2026 11:00
29/07/2026 11:30,NSW1,3795.947,MEASUREMENT,1,7101,0,0,29/07/2026 11:48,29/07/2026 11:30
29/07/2026 12:00,NSW1,4044.641,MEASUREMENT,1,6874,0,0,29/07/2026 12:18,29/07/2026 12:00
29/07/2026 12:30,NSW1,4255.681,MEASUREMENT,1,6659,0,0,29/07/2026 12:48,29/07/2026 12:30
29/07/2026 13:00,NSW1,4302.877,MEASUREMENT,1,6435,0,0,29/07/2026 13:19,29/07/2026 13:00
29/07/2026 13:30,NSW1,4118.758,MEASUREMENT,1,6415,0,0,29/07/2026 13:48,29/07/2026 13:30
29/07/2026 14:00,NSW1,3790.489,MEASUREMENT,1,6472,0,0,29/07/2026 14:18,29/07/2026 14:00
29/07/2026 14:30,NSW1,3309.188,MEASUREMENT,1,6575,0,0,29/07/2026 14:48,29/07/2026 14:30
29/07/2026 15:00,NSW1,2746.162,MEASUREMENT,1,6831,0,0,29/07/2026 15:18,29/07/2026 15:00
29/07/2026 15:30,NSW1,2102.324,MEASUREMENT,1,7243,0,0,29/07/2026 15:49,29/07/2026 15:30
29/07/2026 16:00,NSW1,1386.511,MEASUREMENT,1,7920,0,0,29/07/2026 16:18,29/07/2026 16:00
29/07/2026 16:30,NSW1,718.512,MEASUREMENT,1,8620,0,0,29/07/2026 16:49,29/07/2026 16:30
29/07/2026 17:00,NSW1,204.993,MEASUREMENT,1,9413,0,0,29/07/2026 17:18,29/07/2026 17:00
29/07/2026 17:30,NSW1,14.466,MEASUREMENT,1,10096,0,0,29/07/2026 17:48,29/07/2026 17:30
29/07/2026 18:00,NSW1,0,MEASUREMENT,1,10791,0,0,29/07/2026 18:19,29/07/2026 18:00
29/07/2026 18:30,NSW1,0,MEASUREMENT,1,10980,0,0,29/07/2026 18:48,29/07/2026 18:30
29/07/2026 19:00,NSW1,0,MEASUREMENT,1,11079,0,0,29/07/2026 19:18,29/07/2026 19:00
29/07/2026 19:30,NSW1,0,MEASUREMENT,1,11034,0,0,29/07/2026 19:48,29/07/2026 19:30
29/07/2026 20:00,NSW1,0,MEASUREMENT,1,10956,0,0,29/07/2026 20:18,29/07/2026 20:00
29/07/2026 20:30,NSW1,0,MEASUREMENT,1,10846,0,0,29/07/2026 20:49,29/07/2026 20:30
29/07/2026 21:00,NSW1,0,MEASUREMENT,1,10634,0,0,29/07/2026 21:18,29/07/2026 21:00
29/07/2026 21:30,NSW1,0,MEASUREMENT,1,10326,0,0,29/07/2026 21:49,29/07/2026 21:30
29/07/2026 22:00,NSW1,0,MEASUREMENT,1,9931,0,0,29/07/2026 22:19,29/07/2026 22:00
29/07/2026 22:30,NSW1,0,MEASUREMENT,1,9659,0,0,29/07/2026 22:49,29/07/2026 22:30
29/07/2026 23:00,NSW1,0,MEASUREMENT,1,9344,0,0,29/07/2026 23:19,29/07/2026 23:00
29/07/2026 23:30,NSW1,0,MEASUREMENT,1,9030,0,0,29/07/2026 23:49,29/07/2026 23:30
30/07/2026 0:00,NSW1,0,MEASUREMENT,1,8743,0,0,30/07/2026 0:19,30/07/2026 0:00
30/07/2026 0:30,NSW1,0,MEASUREMENT,1,8761,0,0,30/07/2026 0:49,30/07/2026 0:30
30/07/2026 1:00,NSW1,0,MEASUREMENT,1,8561,0,0,30/07/2026 1:19,30/07/2026 1:00
30/07/2026 1:30,NSW1,0,MEASUREMENT,1,8303,0,0,30/07/2026 1:49,30/07/2026 1:30
30/07/2026 2:00,NSW1,0,MEASUREMENT,1,8090,0,0,30/07/2026 2:18,30/07/2026 2:00
30/07/2026 2:30,NSW1,0,MEASUREMENT,1,7982,0,0,30/07/2026 2:49,30/07/2026 2:30
30/07/2026 3:00,NSW1,0,MEASUREMENT,1,7776,0,0,30/07/2026 3:18,30/07/2026 3:00
30/07/2026 3:30,NSW1,0,MEASUREMENT,1,7687,0,0,30/07/2026 3:49,30/07/2026 3:30
30/07/2026 4:00,NSW1,0,MEASUREMENT,1,7609,0,0,30/07/2026 4:19,30/07/2026 4:00
30/07/2026 4:30,NSW1,0,MEASUREMENT,1,7722,0,0,30/07/2026 4:49,30/07/2026 4:30
30/07/2026 5:00,NSW1,0,MEASUREMENT,1,7855,0,0,30/07/2026 5:19,30/07/2026 5:00
30/07/2026 5:30,NSW1,0,MEASUREMENT,1,8225,0,0,30/07/2026 5:49,30/07/2026 5:30
30/07/2026 6:00,NSW1,0,MEASUREMENT,1,8661,0,0,30/07/2026 6:18,30/07/2026 6:00
30/07/2026 6:30,NSW1,0,MEASUREMENT,1,9426,0,0,30/07/2026 6:49,30/07/2026 6:30
30/07/2026 7:00,NSW1,8.208,MEASUREMENT,1,10194,0,0,30/07/2026 7:18,30/07/2026 7:00
30/07/2026 7:30,NSW1,168.365,MEASUREMENT,1,10762,0,0,30/07/2026 7:49,30/07/2026 7:30
30/07/2026 8:00,NSW1,636.857,MEASUREMENT,1,10822,0,0,30/07/2026 8:19,30/07/2026 8:00
30/07/2026 8:30,NSW1,1270.869,MEASUREMENT,1,10481,0,0,30/07/2026 8:49,30/07/2026 8:30
30/07/2026 9:00,NSW1,1960.374,MEASUREMENT,1,9824,0,0,30/07/2026 9:19,30/07/2026 9:00
30/07/2026 9:30,NSW1,2636.1,MEASUREMENT,1,9280,0,0,30/07/2026 9:49,30/07/2026 9:30
30/07/2026 10:00,NSW1,3219.34,MEASUREMENT,1,8647,0,0,30/07/2026 10:19,30/07/2026 10:00
30/07/2026 10:30,NSW1,3740.825,MEASUREMENT,1,8063,0,0,30/07/2026 10:48,30/07/2026 10:30
30/07/2026 11:00,NSW1,4109.683,MEASUREMENT,1,7551,0,0,30/07/2026 11:18,30/07/2026 11:00
30/07/2026 11:30,NSW1,4371.164,MEASUREMENT,1,7225,0,0,30/07/2026 11:48,30/07/2026 11:30
30/07/2026 12:00,NSW1,4484.555,MEASUREMENT,1,6853,0,0,30/07/2026 12:19,30/07/2026 12:00
30/07/2026 12:30,NSW1,4440.064,MEASUREMENT,1,6713,0,0,30/07/2026 12:48,30/07/2026 12:30
30/07/2026 13:00,NSW1,4290.514,MEASUREMENT,1,6618,0,0,30/07/2026 13:18,30/07/2026 13:00
30/07/2026 13:30,NSW1,4074.831,MEASUREMENT,1,6572,0,0,30/07/2026 13:48,30/07/2026 13:30
30/07/2026 14:00,NSW1,3777.452,MEASUREMENT,1,6574,0,0,30/07/2026 14:18,30/07/2026 14:00
30/07/2026 14:30,NSW1,3359.003,MEASUREMENT,1,6656,0,0,30/07/2026 14:49,30/07/2026 14:30
30/07/2026 15:00,NSW1,2830.16,MEASUREMENT,1,6998,0,0,30/07/2026 15:18,30/07/2026 15:00
30/07/2026 15:30,NSW1,2152.106,MEASUREMENT,1,7418,0,0,30/07/2026 15:49,30/07/2026 15:30
30/07/2026 16:00,NSW1,1443.577,MEASUREMENT,1,8127,0,0,30/07/2026 16:18,30/07/2026 16:00
30/07/2026 16:30,NSW1,775.008,MEASUREMENT,1,8920,0,0,30/07/2026 16:49,30/07/2026 16:30
30/07/2026 17:00,NSW1,224.722,MEASUREMENT,1,9686,0,0,30/07/2026 17:19,30/07/2026 17:00
30/07/2026 17:30,NSW1,16.36,MEASUREMENT,1,10444,0,0,30/07/2026 17:48,30/07/2026 17:30
30/07/2026 18:00,NSW1,0,MEASUREMENT,1,11139,0,0,30/07/2026 18:18,30/07/2026 18:00
30/07/2026 18:30,NSW1,0,MEASUREMENT,1,11320,0,0,30/07/2026 18:48,30/07/2026 18:30
30/07/2026 19:00,NSW1,0,MEASUREMENT,1,11422,0,0,30/07/2026 19:18,30/07/2026 19:00
30/07/2026 19:30,NSW1,0,MEASUREMENT,1,11392,0,0,30/07/2026 19:48,30/07/2026 19:30
30/07/2026 20:00,NSW1,0,MEASUREMENT,1,11382,0,0,30/07/2026 20:18,30/07/2026 20:00
30/07/2026 20:30,NSW1,0,MEASUREMENT,1,11203,0,0,30/07/2026 20:49,30/07/2026 20:30
30/07/2026 21:00,NSW1,0,MEASUREMENT,1,11041,0,0,30/07/2026 21:19,30/07/2026 21:00
30/07/2026 21:30,NSW1,0,MEASUREMENT,1,10721,0,0,30/07/2026 21:48,30/07/2026 21:30
30/07/2026 22:00,NSW1,0,MEASUREMENT,1,10379,0,0,30/07/2026 22:18,30/07/2026 22:00
30/07/2026 22:30,NSW1,0,MEASUREMENT,1,10116,0,0,30/07/2026 22:49,30/07/2026 22:30
30/07/2026 23:00,NSW1,0,MEASUREMENT,1,9853,0,0,30/07/2026 23:18,30/07/2026 23:00
30/07/2026 23:30,NSW1,0,MEASUREMENT,1,9522,0,0,30/07/2026 23:48,30/07/2026 23:30
31/07/2026 0:00,NSW1,0,MEASUREMENT,1,9140,0,0,31/07/2026 0:19,31/07/2026 0:00
31/07/2026 0:30,NSW1,0,MEASUREMENT,1,9085,0,0,31/07/2026 0:48,31/07/2026 0:30
31/07/2026 1:00,NSW1,0,MEASUREMENT,1,8896,0,0,31/07/2026 1:19,31/07/2026 1:00
31/07/2026 1:30,NSW1,0,MEASUREMENT,1,8689,0,0,31/07/2026 1:48,31/07/2026 1:30
31/07/2026 2:00,NSW1,0,MEASUREMENT,1,8479,0,0,31/07/2026 2:18,31/07/2026 2:00
31/07/2026 2:30,NSW1,0,MEASUREMENT,1,8310,0,0,31/07/2026 2:49,31/07/2026 2:30
31/07/2026 3:00,NSW1,0,MEASUREMENT,1,8109,0,0,31/07/2026 3:19,31/07/2026 3:00
31/07/2026 3:30,NSW1,0,MEASUREMENT,1,8136,0,0,31/07/2026 3:48,31/07/2026 3:30
31/07/2026 4:00,NSW1,0,MEASUREMENT,1,8087,0,0,31/07/2026 4:19,31/07/2026 4:00
31/07/2026 4:30,NSW1,0,MEASUREMENT,1,8117,0,0,31/07/2026 4:49,31/07/2026 4:30
31/07/2026 5:00,NSW1,0,MEASUREMENT,1,8269,0,0,31/07/2026 5:18,31/07/2026 5:00
31/07/2026 5:30,NSW1,0,MEASUREMENT,1,8642,0,0,31/07/2026 5:49,31/07/2026 5:30
31/07/2026 6:00,NSW1,0,MEASUREMENT,1,9072,0,0,31/07/2026 6:19,31/07/2026 6:00
31/07/2026 6:30,NSW1,0,MEASUREMENT,1,9752,0,0,31/07/2026 6:49,31/07/2026 6:30
31/07/2026 7:00,NSW1,8.18,MEASUREMENT,1,10523,0,0,31/07/2026 7:19,31/07/2026 7:00
31/07/2026 7:30,NSW1,151.091,MEASUREMENT,1,11178,0,0,31/07/2026 7:49,31/07/2026 7:30
31/07/2026 8:00,NSW1,582.169,MEASUREMENT,1,11240,0,0,31/07/2026 8:19,31/07/2026 8:00
31/07/2026 8:30,NSW1,1224.507,MEASUREMENT,1,10815,0,0,31/07/2026 8:49,31/07/2026 8:30
31/07/2026 9:00,NSW1,1936.822,MEASUREMENT,1,10099,0,0,31/07/2026 9:19,31/07/2026 9:00
31/07/2026 9:30,NSW1,2612.05,MEASUREMENT,1,9496,0,0,31/07/2026 9:49,31/07/2026 9:30
31/07/2026 10:00,NSW1,3186.312,MEASUREMENT,1,8854,0,0,31/07/2026 10:19,31/07/2026 10:00
31/07/2026 10:30,NSW1,3594.142,MEASUREMENT,1,8332,0,0,31/07/2026 10:48,31/07/2026 10:30
31/07/2026 11:00,NSW1,3924.704,MEASUREMENT,1,7828,0,0,31/07/2026 11:18,31/07/2026 11:00
31/07/2026 11:30,NSW1,4243.578,MEASUREMENT,1,7520,0,0,31/07/2026 11:48,31/07/2026 11:30
31/07/2026 12:00,NSW1,4334.567,MEASUREMENT,1,7223,0,0,31/07/2026 12:18,31/07/2026 12:00
31/07/2026 12:30,NSW1,4345.871,MEASUREMENT,1,6985,0,0,31/07/2026 12:48,31/07/2026 12:30
31/07/2026 13:00,NSW1,4277.581,MEASUREMENT,1,6804,0,0,31/07/2026 13:18,31/07/2026 13:00
31/07/2026 13:30,NSW1,4002.14,MEASUREMENT,1,6665,0,0,31/07/2026 13:48,31/07/2026 13:30
31/07/2026 14:00,NSW1,3716.95,MEASUREMENT,1,6659,0,0,31/07/2026 14:18,31/07/2026 14:00
31/07/2026 14:30,NSW1,3247.274,MEASUREMENT,1,6740,0,0,31/07/2026 14:49,31/07/2026 14:30
31/07/2026 15:00,NSW1,2690.177,MEASUREMENT,1,7107,0,0,31/07/2026 15:18,31/07/2026 15:00
31/07/2026 15:30,NSW1,2051.187,MEASUREMENT,0.7,7537,0,0,31/07/2026 15:48,31/07/2026 15:30
31/07/2026 16:00,NSW1,1354.254,MEASUREMENT,0.7,8199,0,0,31/07/2026 16:18,31/07/2026 16:00
31/07/2026 16:30,NSW1,755.026,MEASUREMENT,0.7,8923,0,0,31/07/2026 16:49,31/07/2026 16:30
31/07/2026 17:00,NSW1,210.91,MEASUREMENT,0.7,9704,0,0,31/07/2026 17:18,31/07/2026 17:00
31/07/2026 17:30,NSW1,15.231,MEASUREMENT,1,10306,0,0,31/07/2026 17:48,31/07/2026 17:30
31/07/2026 18:00,NSW1,0,MEASUREMENT,1,10932,0,0,31/07/2026 18:18,31/07/2026 18:00
31/07/2026 18:30,NSW1,0,MEASUREMENT,1,11057,0,0,31/07/2026 18:48,31/07/2026 18:30
31/07/2026 19:00,NSW1,0,MEASUREMENT,1,11041,0,0,31/07/2026 19:18,31/07/2026 19:00
31/07/2026 19:30,NSW1,0,MEASUREMENT,1,10932,0,0,31/07/2026 19:48,31/07/2026 19:30
31/07/2026 20:00,NSW1,0,MEASUREMENT,1,10828,0,0,31/07/2026 20:18,31/07/2026 20:00
31/07/2026 20:30,NSW1,0,MEASUREMENT,1,10775,0,0,31/07/2026 20:49,31/07/2026 20:30
31/07/2026 21:00,NSW1,0,MEASUREMENT,1,10663,0,0,31/07/2026 21:18,31/07/2026 21:00
31/07/2026 21:30,NSW1,0,MEASUREMENT,1,10493,0,0,31/07/2026 21:49,31/07/2026 21:30
31/07/2026 22:00,NSW1,0,MEASUREMENT,1,10199,0,0,31/07/2026 22:18,31/07/2026 22:00
31/07/2026 22:30,NSW1,0,MEASUREMENT,1,10019,0,0,31/07/2026 22:48,31/07/2026 22:30
31/07/2026 23:00,NSW1,0,MEASUREMENT,1,9754,0,0,31/07/2026 23:19,31/07/2026 23:00
31/07/2026 23:30,NSW1,0,MEASUREMENT,1,9456,0,0,31/07/2026 23:49,31/07/2026 23:30
1/08/2026 0:00,NSW1,0,MEASUREMENT,1,9180,0,0,1/08/2026 0:19,1/08/2026 0:00
