DATETIME,ROOFTOP_PV_MW,PV_QUALITY_INDICATOR,OPERATIONAL_DEMAND_MW,OPERATIONAL_DEMAND_ADJUSTMENT,WDR_ESTIMATE,DATE,MIN_TEMP_C,MAX_TEMP_C,RAINFALL_MM,SUNSHINE_HOURS,RH_9AM_PCT,CLOUD_9AM_OKTAS,RH_3PM_PCT,CLOUD_3PM_OKTAS,SOLAR_EXPOSURE_MJ_M2,YEAR,MONTH,MONTH_NAME,QUARTER,DAY_OF_WEEK,WEEKEND_FLAG,HOUR,MINUTE,HALF_HOUR_SLOT,SEASON,PV_LAG_1,DEMAND_LAG_1,PV_LAG_2,DEMAND_LAG_2,PV_LAG_4,DEMAND_LAG_4,DELTA_PV_MW,DELTA_DEMAND_MW,PV_RAMP_DIRECTION,NSW_PUBLIC_HOLIDAY_FLAG,NSW_PUBLIC_HOLIDAY_NAME,DATASET_VERSION,SOURCE_TIMEZONE
2025-08-01 00:00:00,0.0,1.0,9109,0,0,2025-08-01 00:00:00,8.3,14.2,2.6,0.0,86.0,7.0,82.0,7.0,7.4,2025,8,August,Q3,Friday,0,0,0,00:00,Winter,,,,,,,,,,0,,Week4_v2,Australia/Sydney (assumption; confirm with AEMO metadata)
2025-08-01 00:30:00,0.0,1.0,8853,0,0,2025-08-01 00:00:00,8.3,14.2,2.6,0.0,86.0,7.0,82.0,7.0,7.4,2025,8,August,Q3,Friday,0,0,30,00:30,Winter,0.0,9109.0,,,,,0.0,-256.0,No change,0,,Week4_v2,Australia/Sydney (assumption; confirm with AEMO metadata)
2025-08-01 01:00:00,0.0,1.0,8644,0,0,2025-08-01 00:00:00,8.3,14.2,2.6,0.0,86.0,7.0,82.0,7.0,7.4,2025,8,August,Q3,Friday,0,1,0,01:00,Winter,0.0,8853.0,0.0,9109.0,,,0.0,-209.0,No change,0,,Week4_v2,Australia/Sydney (assumption; confirm with AEMO metadata)
2025-08-01 01:30:00,0.0,1.0,8437,0,0,2025-08-01 00:00:00,8.3,14.2,2.6,0.0,86.0,7.0,82.0,7.0,7.4,2025,8,August,Q3,Friday,0,1,30,01:30,Winter,0.0,8644.0,0.0,8853.0,,,0.0,-207.0,No change,0,,Week4_v2,Australia/Sydney (assumption; confirm with AEMO metadata)
2025-08-01 02:00:00,0.0,1.0,8223,0,0,2025-08-01 00:00:00,8.3,14.2,2.6,0.0,86.0,7.0,82.0,7.0,7.4,2025,8,August,Q3,Friday,0,2,0,02:00,Winter,0.0,8437.0,0.0,8644.0,0.0,9109.0,0.0,-214.0,No change,0,,Week4_v2,Australia/Sydney (assumption; confirm with AEMO metadata)
2025-08-01 02:30:00,0.0,1.0,7996,0,0,2025-08-01 00:00:00,8.3,14.2,2.6,0.0,86.0,7.0,82.0,7.0,7.4,2025,8,August,Q3,Friday,0,2,30,02:30,Winter,0.0,8223.0,0.0,8437.0,0.0,8853.0,0.0,-227.0,No change,0,,Week4_v2,Australia/Sydney (assumption; confirm with AEMO metadata)
2025-08-01 03:00:00,0.0,1.0,7835,0,0,2025-08-01 00:00:00,8.3,14.2,2.6,0.0,86.0,7.0,82.0,7.0,7.4,2025,8,August,Q3,Friday,0,3,0,03:00,Winter,0.0,7996.0,0.0,8223.0,0.0,8644.0,0.0,-161.0,No change,0,,Week4_v2,Australia/Sydney (assumption; confirm with AEMO metadata)
2025-08-01 03:30:00,0.0,1.0,7759,0,0,2025-08-01 00:00:00,8.3,14.2,2.6,0.0,86.0,7.0,82.0,7.0,7.4,2025,8,August,Q3,Friday,0,3,30,03:30,Winter,0.0,7835.0,0.0,7996.0,0.0,8437.0,0.0,-76.0,No change,0,,Week4_v2,Australia/Sydney (assumption; confirm with AEMO metadata)
2025-08-01 04:00:00,0.0,1.0,7830,0,0,2025-08-01 00:00:00,8.3,14.2,2.6,0.0,86.0,7.0,82.0,7.0,7.4,2025,8,August,Q3,Friday,0,4,0,04:00,Winter,0.0,7759.0,0.0,7835.0,0.0,8223.0,0.0,71.0,No change,0,,Week4_v2,Australia/Sydney (assumption; confirm with AEMO metadata)
2025-08-01 04:30:00,0.0,1.0,7917,0,0,2025-08-01 00:00:00,8.3,14.2,2.6,0.0,86.0,7.0,82.0,7.0,7.4,2025,8,August,Q3,Friday,0,4,30,04:30,Winter,0.0,7830.0,0.0,7759.0,0.0,7996.0,0.0,87.0,No change,0,,Week4_v2,Australia/Sydney (assumption; confirm with AEMO metadata)
2025-08-01 05:00:00,0.0,1.0,8013,0,0,2025-08-01 00:00:00,8.3,14.2,2.6,0.0,86.0,7.0,82.0,7.0,7.4,2025,8,August,Q3,Friday,0,5,0,05:00,Winter,0.0,7917.0,0.0,7830.0,0.0,7835.0,0.0,96.0,No change,0,,Week4_v2,Australia/Sydney (assumption; confirm with AEMO metadata)
2025-08-01 05:30:00,0.0,1.0,8369,0,0,2025-08-01 00:00:00,8.3,14.2,2.6,0.0,86.0,7.0,82.0,7.0,7.4,2025,8,August,Q3,Friday,0,5,30,05:30,Winter,0.0,8013.0,0.0,7917.0,0.0,7759.0,0.0,356.0,No change,0,,Week4_v2,Australia/Sydney (assumption; confirm with AEMO metadata)
2025-08-01 06:00:00,0.0,1.0,8672,0,0,2025-08-01 00:00:00,8.3,14.2,2.6,0.0,86.0,7.0,82.0,7.0,7.4,2025,8,August,Q3,Friday,0,6,0,06:00,Winter,0.0,8369.0,0.0,8013.0,0.0,7830.0,0.0,303.0,No change,0,,Week4_v2,Australia/Sydney (assumption; confirm with AEMO metadata)
2025-08-01 06:30:00,0.0,1.0,9299,0,0,2025-08-01 00:00:00,8.3,14.2,2.6,0.0,86.0,7.0,82.0,7.0,7.4,2025,8,August,Q3,Friday,0,6,30,06:30,Winter,0.0,8672.0,0.0,8369.0,0.0,7917.0,0.0,627.0,No change,0,,Week4_v2,Australia/Sydney (assumption; confirm with AEMO metadata)
2025-08-01 07:00:00,3.901,1.0,10062,0,0,2025-08-01 00:00:00,8.3,14.2,2.6,0.0,86.0,7.0,82.0,7.0,7.4,2025,8,August,Q3,Friday,0,7,0,07:00,Winter,0.0,9299.0,0.0,8672.0,0.0,8013.0,3.901,763.0,Increase,0,,Week4_v2,Australia/Sydney (assumption; confirm with AEMO metadata)
2025-08-01 07:30:00,87.963,1.0,10733,0,0,2025-08-01 00:00:00,8.3,14.2,2.6,0.0,86.0,7.0,82.0,7.0,7.4,2025,8,August,Q3,Friday,0,7,30,07:30,Winter,3.901,10062.0,0.0,9299.0,0.0,8369.0,84.062,671.0,Increase,0,,Week4_v2,Australia/Sydney (assumption; confirm with AEMO metadata)
2025-08-01 08:00:00,308.62,1.0,11037,0,0,2025-08-01 00:00:00,8.3,14.2,2.6,0.0,86.0,7.0,82.0,7.0,7.4,2025,8,August,Q3,Friday,0,8,0,08:00,Winter,87.963,10733.0,3.901,10062.0,0.0,8672.0,220.657,304.0,Increase,0,,Week4_v2,Australia/Sydney (assumption; confirm with AEMO metadata)
2025-08-01 08:30:00,614.286,1.0,10939,0,0,2025-08-01 00:00:00,8.3,14.2,2.6,0.0,86.0,7.0,82.0,7.0,7.4,2025,8,August,Q3,Friday,0,8,30,08:30,Winter,308.62,11037.0,87.963,10733.0,0.0,9299.0,305.66599999999994,-98.0,Increase,0,,Week4_v2,Australia/Sydney (assumption; confirm with AEMO metadata)
2025-08-01 09:00:00,969.702,1.0,10525,0,0,2025-08-01 00:00:00,8.3,14.2,2.6,0.0,86.0,7.0,82.0,7.0,7.4,2025,8,August,Q3,Friday,0,9,0,09:00,Winter,614.286,10939.0,308.62,11037.0,3.901,10062.0,355.41600000000005,-414.0,Increase,0,,Week4_v2,Australia/Sydney (assumption; confirm with AEMO metadata)
2025-08-01 09:30:00,1348.123,1.0,10199,0,0,2025-08-01 00:00:00,8.3,14.2,2.6,0.0,86.0,7.0,82.0,7.0,7.4,2025,8,August,Q3,Friday,0,9,30,09:30,Winter,969.702,10525.0,614.286,10939.0,87.963,10733.0,378.42100000000005,-326.0,Increase,0,,Week4_v2,Australia/Sydney (assumption; confirm with AEMO metadata)
2025-08-01 10:00:00,1708.346,1.0,9820,0,0,2025-08-01 00:00:00,8.3,14.2,2.6,0.0,86.0,7.0,82.0,7.0,7.4,2025,8,August,Q3,Friday,0,10,0,10:00,Winter,1348.123,10199.0,969.702,10525.0,308.62,11037.0,360.22299999999996,-379.0,Increase,0,,Week4_v2,Australia/Sydney (assumption; confirm with AEMO metadata)
2025-08-01 10:30:00,1898.024,1.0,9517,0,0,2025-08-01 00:00:00,8.3,14.2,2.6,0.0,86.0,7.0,82.0,7.0,7.4,2025,8,August,Q3,Friday,0,10,30,10:30,Winter,1708.346,9820.0,1348.123,10199.0,614.286,10939.0,189.67799999999988,-303.0,Increase,0,,Week4_v2,Australia/Sydney (assumption; confirm with AEMO metadata)
2025-08-01 11:00:00,1965.131,1.0,9426,0,0,2025-08-01 00:00:00,8.3,14.2,2.6,0.0,86.0,7.0,82.0,7.0,7.4,2025,8,August,Q3,Friday,0,11,0,11:00,Winter,1898.024,9517.0,1708.346,9820.0,969.702,10525.0,67.1070000000002,-91.0,Increase,0,,Week4_v2,Australia/Sydney (assumption; confirm with AEMO metadata)
2025-08-01 11:30:00,2028.067,1.0,9449,0,0,2025-08-01 00:00:00,8.3,14.2,2.6,0.0,86.0,7.0,82.0,7.0,7.4,2025,8,August,Q3,Friday,0,11,30,11:30,Winter,1965.131,9426.0,1898.024,9517.0,1348.123,10199.0,62.93599999999992,23.0,Increase,0,,Week4_v2,Australia/Sydney (assumption; confirm with AEMO metadata)
2025-08-01 12:00:00,2042.156,1.0,9385,0,0,2025-08-01 00:00:00,8.3,14.2,2.6,0.0,86.0,7.0,82.0,7.0,7.4,2025,8,August,Q3,Friday,0,12,0,12:00,Winter,2028.067,9449.0,1965.131,9426.0,1708.346,9820.0,14.088999999999942,-64.0,Increase,0,,Week4_v2,Australia/Sydney (assumption; confirm with AEMO metadata)
2025-08-01 12:30:00,2046.505,1.0,9294,0,0,2025-08-01 00:00:00,8.3,14.2,2.6,0.0,86.0,7.0,82.0,7.0,7.4,2025,8,August,Q3,Friday,0,12,30,12:30,Winter,2042.156,9385.0,2028.067,9449.0,1898.024,9517.0,4.34900000000016,-91.0,Increase,0,,Week4_v2,Australia/Sydney (assumption; confirm with AEMO metadata)
2025-08-01 13:00:00,1980.099,1.0,9248,0,0,2025-08-01 00:00:00,8.3,14.2,2.6,0.0,86.0,7.0,82.0,7.0,7.4,2025,8,August,Q3,Friday,0,13,0,13:00,Winter,2046.505,9294.0,2042.156,9385.0,1965.131,9426.0,-66.40600000000018,-46.0,Decrease,0,,Week4_v2,Australia/Sydney (assumption; confirm with AEMO metadata)
2025-08-01 13:30:00,1895.718,1.0,9083,0,0,2025-08-01 00:00:00,8.3,14.2,2.6,0.0,86.0,7.0,82.0,7.0,7.4,2025,8,August,Q3,Friday,0,13,30,13:30,Winter,1980.099,9248.0,2046.505,9294.0,2028.067,9449.0,-84.38099999999986,-165.0,Decrease,0,,Week4_v2,Australia/Sydney (assumption; confirm with AEMO metadata)
2025-08-01 14:00:00,1663.826,1.0,9168,0,0,2025-08-01 00:00:00,8.3,14.2,2.6,0.0,86.0,7.0,82.0,7.0,7.4,2025,8,August,Q3,Friday,0,14,0,14:00,Winter,1895.718,9083.0,1980.099,9248.0,2042.156,9385.0,-231.89200000000005,85.0,Decrease,0,,Week4_v2,Australia/Sydney (assumption; confirm with AEMO metadata)
2025-08-01 14:30:00,1436.149,1.0,9325,0,0,2025-08-01 00:00:00,8.3,14.2,2.6,0.0,86.0,7.0,82.0,7.0,7.4,2025,8,August,Q3,Friday,0,14,30,14:30,Winter,1663.826,9168.0,1895.718,9083.0,2046.505,9294.0,-227.67700000000013,157.0,Decrease,0,,Week4_v2,Australia/Sydney (assumption; confirm with AEMO metadata)
2025-08-01 15:00:00,1348.631,1.0,9290,0,0,2025-08-01 00:00:00,8.3,14.2,2.6,0.0,86.0,7.0,82.0,7.0,7.4,2025,8,August,Q3,Friday,0,15,0,15:00,Winter,1436.149,9325.0,1663.826,9168.0,1980.099,9248.0,-87.5179999999998,-35.0,Decrease,0,,Week4_v2,Australia/Sydney (assumption; confirm with AEMO metadata)
2025-08-01 15:30:00,1055.098,1.0,9436,0,0,2025-08-01 00:00:00,8.3,14.2,2.6,0.0,86.0,7.0,82.0,7.0,7.4,2025,8,August,Q3,Friday,0,15,30,15:30,Winter,1348.631,9290.0,1436.149,9325.0,1895.718,9083.0,-293.53300000000013,146.0,Decrease,0,,Week4_v2,Australia/Sydney (assumption; confirm with AEMO metadata)
2025-08-01 16:00:00,611.11,1.0,10138,0,0,2025-08-01 00:00:00,8.3,14.2,2.6,0.0,86.0,7.0,82.0,7.0,7.4,2025,8,August,Q3,Friday,0,16,0,16:00,Winter,1055.098,9436.0,1348.631,9290.0,1663.826,9168.0,-443.98799999999994,702.0,Decrease,0,,Week4_v2,Australia/Sydney (assumption; confirm with AEMO metadata)
2025-08-01 16:30:00,314.382,1.0,10713,0,0,2025-08-01 00:00:00,8.3,14.2,2.6,0.0,86.0,7.0,82.0,7.0,7.4,2025,8,August,Q3,Friday,0,16,30,16:30,Winter,611.11,10138.0,1055.098,9436.0,1436.149,9325.0,-296.728,575.0,Decrease,0,,Week4_v2,Australia/Sydney (assumption; confirm with AEMO metadata)
2025-08-01 17:00:00,136.337,1.0,11219,0,0,2025-08-01 00:00:00,8.3,14.2,2.6,0.0,86.0,7.0,82.0,7.0,7.4,2025,8,August,Q3,Friday,0,17,0,17:00,Winter,314.382,10713.0,611.11,10138.0,1348.631,9290.0,-178.04500000000002,506.0,Decrease,0,,Week4_v2,Australia/Sydney (assumption; confirm with AEMO metadata)
2025-08-01 17:30:00,13.764,1.0,11621,0,0,2025-08-01 00:00:00,8.3,14.2,2.6,0.0,86.0,7.0,82.0,7.0,7.4,2025,8,August,Q3,Friday,0,17,30,17:30,Winter,136.337,11219.0,314.382,10713.0,1055.098,9436.0,-122.573,402.0,Decrease,0,,Week4_v2,Australia/Sydney (assumption; confirm with AEMO metadata)
2025-08-01 18:00:00,0.0,1.0,11985,0,0,2025-08-01 00:00:00,8.3,14.2,2.6,0.0,86.0,7.0,82.0,7.0,7.4,2025,8,August,Q3,Friday,0,18,0,18:00,Winter,13.764,11621.0,136.337,11219.0,611.11,10138.0,-13.764,364.0,Decrease,0,,Week4_v2,Australia/Sydney (assumption; confirm with AEMO metadata)
2025-08-01 18:30:00,0.0,1.0,11936,0,0,2025-08-01 00:00:00,8.3,14.2,2.6,0.0,86.0,7.0,82.0,7.0,7.4,2025,8,August,Q3,Friday,0,18,30,18:30,Winter,0.0,11985.0,13.764,11621.0,314.382,10713.0,0.0,-49.0,No change,0,,Week4_v2,Australia/Sydney (assumption; confirm with AEMO metadata)
2025-08-01 19:00:00,0.0,1.0,11843,0,0,2025-08-01 00:00:00,8.3,14.2,2.6,0.0,86.0,7.0,82.0,7.0,7.4,2025,8,August,Q3,Friday,0,19,0,19:00,Winter,0.0,11936.0,0.0,11985.0,136.337,11219.0,0.0,-93.0,No change,0,,Week4_v2,Australia/Sydney (assumption; confirm with AEMO metadata)
2025-08-01 19:30:00,0.0,1.0,11638,0,0,2025-08-01 00:00:00,8.3,14.2,2.6,0.0,86.0,7.0,82.0,7.0,7.4,2025,8,August,Q3,Friday,0,19,30,19:30,Winter,0.0,11843.0,0.0,11936.0,13.764,11621.0,0.0,-205.0,No change,0,,Week4_v2,Australia/Sydney (assumption; confirm with AEMO metadata)
2025-08-01 20:00:00,0.0,1.0,11413,0,0,2025-08-01 00:00:00,8.3,14.2,2.6,0.0,86.0,7.0,82.0,7.0,7.4,2025,8,August,Q3,Friday,0,20,0,20:00,Winter,0.0,11638.0,0.0,11843.0,0.0,11985.0,0.0,-225.0,No change,0,,Week4_v2,Australia/Sydney (assumption; confirm with AEMO metadata)
2025-08-01 20:30:00,0.0,1.0,11228,0,0,2025-08-01 00:00:00,8.3,14.2,2.6,0.0,86.0,7.0,82.0,7.0,7.4,2025,8,August,Q3,Friday,0,20,30,20:30,Winter,0.0,11413.0,0.0,11638.0,0.0,11936.0,0.0,-185.0,No change,0,,Week4_v2,Australia/Sydney (assumption; confirm with AEMO metadata)
2025-08-01 21:00:00,0.0,1.0,10972,0,0,2025-08-01 00:00:00,8.3,14.2,2.6,0.0,86.0,7.0,82.0,7.0,7.4,2025,8,August,Q3,Friday,0,21,0,21:00,Winter,0.0,11228.0,0.0,11413.0,0.0,11843.0,0.0,-256.0,No change,0,,Week4_v2,Australia/Sydney (assumption; confirm with AEMO metadata)
2025-08-01 21:30:00,0.0,1.0,10617,0,0,2025-08-01 00:00:00,8.3,14.2,2.6,0.0,86.0,7.0,82.0,7.0,7.4,2025,8,August,Q3,Friday,0,21,30,21:30,Winter,0.0,10972.0,0.0,11228.0,0.0,11638.0,0.0,-355.0,No change,0,,Week4_v2,Australia/Sydney (assumption; confirm with AEMO metadata)
2025-08-01 22:00:00,0.0,1.0,10271,0,0,2025-08-01 00:00:00,8.3,14.2,2.6,0.0,86.0,7.0,82.0,7.0,7.4,2025,8,August,Q3,Friday,0,22,0,22:00,Winter,0.0,10617.0,0.0,10972.0,0.0,11413.0,0.0,-346.0,No change,0,,Week4_v2,Australia/Sydney (assumption; confirm with AEMO metadata)
2025-08-01 22:30:00,0.0,1.0,9951,0,0,2025-08-01 00:00:00,8.3,14.2,2.6,0.0,86.0,7.0,82.0,7.0,7.4,2025,8,August,Q3,Friday,0,22,30,22:30,Winter,0.0,10271.0,0.0,10617.0,0.0,11228.0,0.0,-320.0,No change,0,,Week4_v2,Australia/Sydney (assumption; confirm with AEMO metadata)
2025-08-01 23:00:00,0.0,1.0,9670,0,0,2025-08-01 00:00:00,8.3,14.2,2.6,0.0,86.0,7.0,82.0,7.0,7.4,2025,8,August,Q3,Friday,0,23,0,23:00,Winter,0.0,9951.0,0.0,10271.0,0.0,10972.0,0.0,-281.0,No change,0,,Week4_v2,Australia/Sydney (assumption; confirm with AEMO metadata)
2025-08-01 23:30:00,0.0,1.0,9366,0,0,2025-08-01 00:00:00,8.3,14.2,2.6,0.0,86.0,7.0,82.0,7.0,7.4,2025,8,August,Q3,Friday,0,23,30,23:30,Winter,0.0,9670.0,0.0,9951.0,0.0,10617.0,0.0,-304.0,No change,0,,Week4_v2,Australia/Sydney (assumption; confirm with AEMO metadata)
2025-08-02 00:00:00,0.0,1.0,9067,0,0,2025-08-02 00:00:00,11.2,17.5,22.2,0.0,93.0,8.0,87.0,8.0,5.9,2025,8,August,Q3,Saturday,1,0,0,00:00,Winter,0.0,9366.0,0.0,9670.0,0.0,10271.0,0.0,-299.0,No change,0,,Week4_v2,Australia/Sydney (assumption; confirm with AEMO metadata)
2025-08-02 00:30:00,0.0,1.0,8814,0,0,2025-08-02 00:00:00,11.2,17.5,22.2,0.0,93.0,8.0,87.0,8.0,5.9,2025,8,August,Q3,Saturday,1,0,30,00:30,Winter,0.0,9067.0,0.0,9366.0,0.0,9951.0,0.0,-253.0,No change,0,,Week4_v2,Australia/Sydney (assumption; confirm with AEMO metadata)
2025-08-02 01:00:00,0.0,1.0,8617,0,0,2025-08-02 00:00:00,11.2,17.5,22.2,0.0,93.0,8.0,87.0,8.0,5.9,2025,8,August,Q3,Saturday,1,1,0,01:00,Winter,0.0,8814.0,0.0,9067.0,0.0,9670.0,0.0,-197.0,No change,0,,Week4_v2,Australia/Sydney (assumption; confirm with AEMO metadata)
2025-08-02 01:30:00,0.0,1.0,8333,0,0,2025-08-02 00:00:00,11.2,17.5,22.2,0.0,93.0,8.0,87.0,8.0,5.9,2025,8,August,Q3,Saturday,1,1,30,01:30,Winter,0.0,8617.0,0.0,8814.0,0.0,9366.0,0.0,-284.0,No change,0,,Week4_v2,Australia/Sydney (assumption; confirm with AEMO metadata)
2025-08-02 02:00:00,0.0,1.0,8017,0,0,2025-08-02 00:00:00,11.2,17.5,22.2,0.0,93.0,8.0,87.0,8.0,5.9,2025,8,August,Q3,Saturday,1,2,0,02:00,Winter,0.0,8333.0,0.0,8617.0,0.0,9067.0,0.0,-316.0,No change,0,,Week4_v2,Australia/Sydney (assumption; confirm with AEMO metadata)
2025-08-02 02:30:00,0.0,1.0,7804,0,0,2025-08-02 00:00:00,11.2,17.5,22.2,0.0,93.0,8.0,87.0,8.0,5.9,2025,8,August,Q3,Saturday,1,2,30,02:30,Winter,0.0,8017.0,0.0,8333.0,0.0,8814.0,0.0,-213.0,No change,0,,Week4_v2,Australia/Sydney (assumption; confirm with AEMO metadata)
2025-08-02 03:00:00,0.0,1.0,7630,0,0,2025-08-02 00:00:00,11.2,17.5,22.2,0.0,93.0,8.0,87.0,8.0,5.9,2025,8,August,Q3,Saturday,1,3,0,03:00,Winter,0.0,7804.0,0.0,8017.0,0.0,8617.0,0.0,-174.0,No change,0,,Week4_v2,Australia/Sydney (assumption; confirm with AEMO metadata)
2025-08-02 03:30:00,0.0,1.0,7488,0,0,2025-08-02 00:00:00,11.2,17.5,22.2,0.0,93.0,8.0,87.0,8.0,5.9,2025,8,August,Q3,Saturday,1,3,30,03:30,Winter,0.0,7630.0,0.0,7804.0,0.0,8333.0,0.0,-142.0,No change,0,,Week4_v2,Australia/Sydney (assumption; confirm with AEMO metadata)
2025-08-02 04:00:00,0.0,1.0,7503,0,0,2025-08-02 00:00:00,11.2,17.5,22.2,0.0,93.0,8.0,87.0,8.0,5.9,2025,8,August,Q3,Saturday,1,4,0,04:00,Winter,0.0,7488.0,0.0,7630.0,0.0,8017.0,0.0,15.0,No change,0,,Week4_v2,Australia/Sydney (assumption; confirm with AEMO metadata)
2025-08-02 04:30:00,0.0,1.0,7478,0,0,2025-08-02 00:00:00,11.2,17.5,22.2,0.0,93.0,8.0,87.0,8.0,5.9,2025,8,August,Q3,Saturday,1,4,30,04:30,Winter,0.0,7503.0,0.0,7488.0,0.0,7804.0,0.0,-25.0,No change,0,,Week4_v2,Australia/Sydney (assumption; confirm with AEMO metadata)
2025-08-02 05:00:00,0.0,1.0,7489,0,0,2025-08-02 00:00:00,11.2,17.5,22.2,0.0,93.0,8.0,87.0,8.0,5.9,2025,8,August,Q3,Saturday,1,5,0,05:00,Winter,0.0,7478.0,0.0,7503.0,0.0,7630.0,0.0,11.0,No change,0,,Week4_v2,Australia/Sydney (assumption; confirm with AEMO metadata)
2025-08-02 05:30:00,0.0,1.0,7631,0,0,2025-08-02 00:00:00,11.2,17.5,22.2,0.0,93.0,8.0,87.0,8.0,5.9,2025,8,August,Q3,Saturday,1,5,30,05:30,Winter,0.0,7489.0,0.0,7478.0,0.0,7488.0,0.0,142.0,No change,0,,Week4_v2,Australia/Sydney (assumption; confirm with AEMO metadata)
2025-08-02 06:00:00,0.0,1.0,7696,0,0,2025-08-02 00:00:00,11.2,17.5,22.2,0.0,93.0,8.0,87.0,8.0,5.9,2025,8,August,Q3,Saturday,1,6,0,06:00,Winter,0.0,7631.0,0.0,7489.0,0.0,7503.0,0.0,65.0,No change,0,,Week4_v2,Australia/Sydney (assumption; confirm with AEMO metadata)
2025-08-02 06:30:00,0.0,1.0,7990,0,0,2025-08-02 00:00:00,11.2,17.5,22.2,0.0,93.0,8.0,87.0,8.0,5.9,2025,8,August,Q3,Saturday,1,6,30,06:30,Winter,0.0,7696.0,0.0,7631.0,0.0,7478.0,0.0,294.0,No change,0,,Week4_v2,Australia/Sydney (assumption; confirm with AEMO metadata)
2025-08-02 07:00:00,3.352,1.0,8363,0,0,2025-08-02 00:00:00,11.2,17.5,22.2,0.0,93.0,8.0,87.0,8.0,5.9,2025,8,August,Q3,Saturday,1,7,0,07:00,Winter,0.0,7990.0,0.0,7696.0,0.0,7489.0,3.352,373.0,Increase,0,,Week4_v2,Australia/Sydney (assumption; confirm with AEMO metadata)
2025-08-02 07:30:00,37.251,1.0,8738,0,0,2025-08-02 00:00:00,11.2,17.5,22.2,0.0,93.0,8.0,87.0,8.0,5.9,2025,8,August,Q3,Saturday,1,7,30,07:30,Winter,3.352,8363.0,0.0,7990.0,0.0,7631.0,33.899,375.0,Increase,0,,Week4_v2,Australia/Sydney (assumption; confirm with AEMO metadata)
2025-08-02 08:00:00,155.812,1.0,9168,0,0,2025-08-02 00:00:00,11.2,17.5,22.2,0.0,93.0,8.0,87.0,8.0,5.9,2025,8,August,Q3,Saturday,1,8,0,08:00,Winter,37.251,8738.0,3.352,8363.0,0.0,7696.0,118.561,430.0,Increase,0,,Week4_v2,Australia/Sydney (assumption; confirm with AEMO metadata)
2025-08-02 08:30:00,354.645,1.0,9495,0,0,2025-08-02 00:00:00,11.2,17.5,22.2,0.0,93.0,8.0,87.0,8.0,5.9,2025,8,August,Q3,Saturday,1,8,30,08:30,Winter,155.812,9168.0,37.251,8738.0,0.0,7990.0,198.83299999999997,327.0,Increase,0,,Week4_v2,Australia/Sydney (assumption; confirm with AEMO metadata)
2025-08-02 09:00:00,638.188,1.0,9639,0,0,2025-08-02 00:00:00,11.2,17.5,22.2,0.0,93.0,8.0,87.0,8.0,5.9,2025,8,August,Q3,Saturday,1,9,0,09:00,Winter,354.645,9495.0,155.812,9168.0,3.352,8363.0,283.543,144.0,Increase,0,,Week4_v2,Australia/Sydney (assumption; confirm with AEMO metadata)
2025-08-02 09:30:00,760.611,1.0,9799,0,0,2025-08-02 00:00:00,11.2,17.5,22.2,0.0,93.0,8.0,87.0,8.0,5.9,2025,8,August,Q3,Saturday,1,9,30,09:30,Winter,638.188,9639.0,354.645,9495.0,37.251,8738.0,122.423,160.0,Increase,0,,Week4_v2,Australia/Sydney (assumption; confirm with AEMO metadata)
2025-08-02 10:00:00,815.995,1.0,9865,0,0,2025-08-02 00:00:00,11.2,17.5,22.2,0.0,93.0,8.0,87.0,8.0,5.9,2025,8,August,Q3,Saturday,1,10,0,10:00,Winter,760.611,9799.0,638.188,9639.0,155.812,9168.0,55.384000000000015,66.0,Increase,0,,Week4_v2,Australia/Sydney (assumption; confirm with AEMO metadata)
2025-08-02 10:30:00,875.654,1.0,9987,0,0,2025-08-02 00:00:00,11.2,17.5,22.2,0.0,93.0,8.0,87.0,8.0,5.9,2025,8,August,Q3,Saturday,1,10,30,10:30,Winter,815.995,9865.0,760.611,9799.0,354.645,9495.0,59.65899999999999,122.0,Increase,0,,Week4_v2,Australia/Sydney (assumption; confirm with AEMO metadata)
2025-08-02 11:00:00,1014.051,1.0,9906,0,0,2025-08-02 00:00:00,11.2,17.5,22.2,0.0,93.0,8.0,87.0,8.0,5.9,2025,8,August,Q3,Saturday,1,11,0,11:00,Winter,875.654,9987.0,815.995,9865.0,638.188,9639.0,138.39700000000005,-81.0,Increase,0,,Week4_v2,Australia/Sydney (assumption; confirm with AEMO metadata)
2025-08-02 11:30:00,1302.841,1.0,9761,0,0,2025-08-02 00:00:00,11.2,17.5,22.2,0.0,93.0,8.0,87.0,8.0,5.9,2025,8,August,Q3,Saturday,1,11,30,11:30,Winter,1014.051,9906.0,875.654,9987.0,760.611,9799.0,288.78999999999985,-145.0,Increase,0,,Week4_v2,Australia/Sydney (assumption; confirm with AEMO metadata)
2025-08-02 12:00:00,1217.782,1.0,9830,0,0,2025-08-02 00:00:00,11.2,17.5,22.2,0.0,93.0,8.0,87.0,8.0,5.9,2025,8,August,Q3,Saturday,1,12,0,12:00,Winter,1302.841,9761.0,1014.051,9906.0,815.995,9865.0,-85.05899999999997,69.0,Decrease,0,,Week4_v2,Australia/Sydney (assumption; confirm with AEMO metadata)
2025-08-02 12:30:00,1150.147,1.0,9914,0,0,2025-08-02 00:00:00,11.2,17.5,22.2,0.0,93.0,8.0,87.0,8.0,5.9,2025,8,August,Q3,Saturday,1,12,30,12:30,Winter,1217.782,9830.0,1302.841,9761.0,875.654,9987.0,-67.63499999999999,84.0,Decrease,0,,Week4_v2,Australia/Sydney (assumption; confirm with AEMO metadata)
2025-08-02 13:00:00,1261.251,1.0,9760,0,0,2025-08-02 00:00:00,11.2,17.5,22.2,0.0,93.0,8.0,87.0,8.0,5.9,2025,8,August,Q3,Saturday,1,13,0,13:00,Winter,1150.147,9914.0,1217.782,9830.0,1014.051,9906.0,111.10400000000004,-154.0,Increase,0,,Week4_v2,Australia/Sydney (assumption; confirm with AEMO metadata)
2025-08-02 13:30:00,1225.558,1.0,9701,0,0,2025-08-02 00:00:00,11.2,17.5,22.2,0.0,93.0,8.0,87.0,8.0,5.9,2025,8,August,Q3,Saturday,1,13,30,13:30,Winter,1261.251,9760.0,1150.147,9914.0,1302.841,9761.0,-35.692999999999984,-59.0,Decrease,0,,Week4_v2,Australia/Sydney (assumption; confirm with AEMO metadata)
2025-08-02 14:00:00,1216.599,1.0,9649,0,0,2025-08-02 00:00:00,11.2,17.5,22.2,0.0,93.0,8.0,87.0,8.0,5.9,2025,8,August,Q3,Saturday,1,14,0,14:00,Winter,1225.558,9701.0,1261.251,9760.0,1217.782,9830.0,-8.95900000000006,-52.0,Decrease,0,,Week4_v2,Australia/Sydney (assumption; confirm with AEMO metadata)
2025-08-02 14:30:00,994.921,1.0,9733,0,0,2025-08-02 00:00:00,11.2,17.5,22.2,0.0,93.0,8.0,87.0,8.0,5.9,2025,8,August,Q3,Saturday,1,14,30,14:30,Winter,1216.599,9649.0,1225.558,9701.0,1150.147,9914.0,-221.67799999999988,84.0,Decrease,0,,Week4_v2,Australia/Sydney (assumption; confirm with AEMO metadata)
2025-08-02 15:00:00,821.347,1.0,9842,0,0,2025-08-02 00:00:00,11.2,17.5,22.2,0.0,93.0,8.0,87.0,8.0,5.9,2025,8,August,Q3,Saturday,1,15,0,15:00,Winter,994.921,9733.0,1216.599,9649.0,1261.251,9760.0,-173.57400000000007,109.0,Decrease,0,,Week4_v2,Australia/Sydney (assumption; confirm with AEMO metadata)
2025-08-02 15:30:00,702.971,1.0,9895,0,0,2025-08-02 00:00:00,11.2,17.5,22.2,0.0,93.0,8.0,87.0,8.0,5.9,2025,8,August,Q3,Saturday,1,15,30,15:30,Winter,821.347,9842.0,994.921,9733.0,1225.558,9701.0,-118.37599999999998,53.0,Decrease,0,,Week4_v2,Australia/Sydney (assumption; confirm with AEMO metadata)
2025-08-02 16:00:00,490.503,1.0,10114,0,0,2025-08-02 00:00:00,11.2,17.5,22.2,0.0,93.0,8.0,87.0,8.0,5.9,2025,8,August,Q3,Saturday,1,16,0,16:00,Winter,702.971,9895.0,821.347,9842.0,1216.599,9649.0,-212.46800000000002,219.0,Decrease,0,,Week4_v2,Australia/Sydney (assumption; confirm with AEMO metadata)
2025-08-02 16:30:00,307.309,1.0,10321,0,0,2025-08-02 00:00:00,11.2,17.5,22.2,0.0,93.0,8.0,87.0,8.0,5.9,2025,8,August,Q3,Saturday,1,16,30,16:30,Winter,490.503,10114.0,702.971,9895.0,994.921,9733.0,-183.19399999999996,207.0,Decrease,0,,Week4_v2,Australia/Sydney (assumption; confirm with AEMO metadata)
2025-08-02 17:00:00,119.188,1.0,10638,0,0,2025-08-02 00:00:00,11.2,17.5,22.2,0.0,93.0,8.0,87.0,8.0,5.9,2025,8,August,Q3,Saturday,1,17,0,17:00,Winter,307.309,10321.0,490.503,10114.0,821.347,9842.0,-188.12100000000004,317.0,Decrease,0,,Week4_v2,Australia/Sydney (assumption; confirm with AEMO metadata)
2025-08-02 17:30:00,13.338,1.0,10914,0,0,2025-08-02 00:00:00,11.2,17.5,22.2,0.0,93.0,8.0,87.0,8.0,5.9,2025,8,August,Q3,Saturday,1,17,30,17:30,Winter,119.188,10638.0,307.309,10321.0,702.971,9895.0,-105.85000000000001,276.0,Decrease,0,,Week4_v2,Australia/Sydney (assumption; confirm with AEMO metadata)
2025-08-02 18:00:00,0.0,1.0,11221,0,0,2025-08-02 00:00:00,11.2,17.5,22.2,0.0,93.0,8.0,87.0,8.0,5.9,2025,8,August,Q3,Saturday,1,18,0,18:00,Winter,13.338,10914.0,119.188,10638.0,490.503,10114.0,-13.338,307.0,Decrease,0,,Week4_v2,Australia/Sydney (assumption; confirm with AEMO metadata)
2025-08-02 18:30:00,0.0,1.0,11208,0,0,2025-08-02 00:00:00,11.2,17.5,22.2,0.0,93.0,8.0,87.0,8.0,5.9,2025,8,August,Q3,Saturday,1,18,30,18:30,Winter,0.0,11221.0,13.338,10914.0,307.309,10321.0,0.0,-13.0,No change,0,,Week4_v2,Australia/Sydney (assumption; confirm with AEMO metadata)
2025-08-02 19:00:00,0.0,1.0,11082,0,0,2025-08-02 00:00:00,11.2,17.5,22.2,0.0,93.0,8.0,87.0,8.0,5.9,2025,8,August,Q3,Saturday,1,19,0,19:00,Winter,0.0,11208.0,0.0,11221.0,119.188,10638.0,0.0,-126.0,No change,0,,Week4_v2,Australia/Sydney (assumption; confirm with AEMO metadata)
2025-08-02 19:30:00,0.0,1.0,10860,0,0,2025-08-02 00:00:00,11.2,17.5,22.2,0.0,93.0,8.0,87.0,8.0,5.9,2025,8,August,Q3,Saturday,1,19,30,19:30,Winter,0.0,11082.0,0.0,11208.0,13.338,10914.0,0.0,-222.0,No change,0,,Week4_v2,Australia/Sydney (assumption; confirm with AEMO metadata)
2025-08-02 20:00:00,0.0,1.0,10655,0,0,2025-08-02 00:00:00,11.2,17.5,22.2,0.0,93.0,8.0,87.0,8.0,5.9,2025,8,August,Q3,Saturday,1,20,0,20:00,Winter,0.0,10860.0,0.0,11082.0,0.0,11221.0,0.0,-205.0,No change,0,,Week4_v2,Australia/Sydney (assumption; confirm with AEMO metadata)
2025-08-02 20:30:00,0.0,1.0,10506,0,0,2025-08-02 00:00:00,11.2,17.5,22.2,0.0,93.0,8.0,87.0,8.0,5.9,2025,8,August,Q3,Saturday,1,20,30,20:30,Winter,0.0,10655.0,0.0,10860.0,0.0,11208.0,0.0,-149.0,No change,0,,Week4_v2,Australia/Sydney (assumption; confirm with AEMO metadata)
2025-08-02 21:00:00,0.0,1.0,10315,0,0,2025-08-02 00:00:00,11.2,17.5,22.2,0.0,93.0,8.0,87.0,8.0,5.9,2025,8,August,Q3,Saturday,1,21,0,21:00,Winter,0.0,10506.0,0.0,10655.0,0.0,11082.0,0.0,-191.0,No change,0,,Week4_v2,Australia/Sydney (assumption; confirm with AEMO metadata)
2025-08-02 21:30:00,0.0,1.0,10053,0,0,2025-08-02 00:00:00,11.2,17.5,22.2,0.0,93.0,8.0,87.0,8.0,5.9,2025,8,August,Q3,Saturday,1,21,30,21:30,Winter,0.0,10315.0,0.0,10506.0,0.0,10860.0,0.0,-262.0,No change,0,,Week4_v2,Australia/Sydney (assumption; confirm with AEMO metadata)
2025-08-02 22:00:00,0.0,1.0,9776,0,0,2025-08-02 00:00:00,11.2,17.5,22.2,0.0,93.0,8.0,87.0,8.0,5.9,2025,8,August,Q3,Saturday,1,22,0,22:00,Winter,0.0,10053.0,0.0,10315.0,0.0,10655.0,0.0,-277.0,No change,0,,Week4_v2,Australia/Sydney (assumption; confirm with AEMO metadata)
2025-08-02 22:30:00,0.0,1.0,9531,0,0,2025-08-02 00:00:00,11.2,17.5,22.2,0.0,93.0,8.0,87.0,8.0,5.9,2025,8,August,Q3,Saturday,1,22,30,22:30,Winter,0.0,9776.0,0.0,10053.0,0.0,10506.0,0.0,-245.0,No change,0,,Week4_v2,Australia/Sydney (assumption; confirm with AEMO metadata)
2025-08-02 23:00:00,0.0,1.0,9288,0,0,2025-08-02 00:00:00,11.2,17.5,22.2,0.0,93.0,8.0,87.0,8.0,5.9,2025,8,August,Q3,Saturday,1,23,0,23:00,Winter,0.0,9531.0,0.0,9776.0,0.0,10315.0,0.0,-243.0,No change,0,,Week4_v2,Australia/Sydney (assumption; confirm with AEMO metadata)
2025-08-02 23:30:00,0.0,1.0,8984,0,0,2025-08-02 00:00:00,11.2,17.5,22.2,0.0,93.0,8.0,87.0,8.0,5.9,2025,8,August,Q3,Saturday,1,23,30,23:30,Winter,0.0,9288.0,0.0,9531.0,0.0,10053.0,0.0,-304.0,No change,0,,Week4_v2,Australia/Sydney (assumption; confirm with AEMO metadata)
2025-08-03 00:00:00,0.0,1.0,8649,0,0,2025-08-03 00:00:00,12.6,16.5,8.6,0.8,86.0,8.0,96.0,8.0,8.3,2025,8,August,Q3,Sunday,1,0,0,00:00,Winter,0.0,8984.0,0.0,9288.0,0.0,9776.0,0.0,-335.0,No change,0,,Week4_v2,Australia/Sydney (assumption; confirm with AEMO metadata)
2025-08-03 00:30:00,0.0,1.0,8430,0,0,2025-08-03 00:00:00,12.6,16.5,8.6,0.8,86.0,8.0,96.0,8.0,8.3,2025,8,August,Q3,Sunday,1,0,30,00:30,Winter,0.0,8649.0,0.0,8984.0,0.0,9531.0,0.0,-219.0,No change,0,,Week4_v2,Australia/Sydney (assumption; confirm with AEMO metadata)
2025-08-03 01:00:00,0.0,1.0,8232,0,0,2025-08-03 00:00:00,12.6,16.5,8.6,0.8,86.0,8.0,96.0,8.0,8.3,2025,8,August,Q3,Sunday,1,1,0,01:00,Winter,0.0,8430.0,0.0,8649.0,0.0,9288.0,0.0,-198.0,No change,0,,Week4_v2,Australia/Sydney (assumption; confirm with AEMO metadata)
2025-08-03 01:30:00,0.0,1.0,7954,0,0,2025-08-03 00:00:00,12.6,16.5,8.6,0.8,86.0,8.0,96.0,8.0,8.3,2025,8,August,Q3,Sunday,1,1,30,01:30,Winter,0.0,8232.0,0.0,8430.0,0.0,8984.0,0.0,-278.0,No change,0,,Week4_v2,Australia/Sydney (assumption; confirm with AEMO metadata)
2025-08-03 02:00:00,0.0,1.0,7685,0,0,2025-08-03 00:00:00,12.6,16.5,8.6,0.8,86.0,8.0,96.0,8.0,8.3,2025,8,August,Q3,Sunday,1,2,0,02:00,Winter,0.0,7954.0,0.0,8232.0,0.0,8649.0,0.0,-269.0,No change,0,,Week4_v2,Australia/Sydney (assumption; confirm with AEMO metadata)
2025-08-03 02:30:00,0.0,1.0,7482,0,0,2025-08-03 00:00:00,12.6,16.5,8.6,0.8,86.0,8.0,96.0,8.0,8.3,2025,8,August,Q3,Sunday,1,2,30,02:30,Winter,0.0,7685.0,0.0,7954.0,0.0,8430.0,0.0,-203.0,No change,0,,Week4_v2,Australia/Sydney (assumption; confirm with AEMO metadata)
2025-08-03 03:00:00,0.0,1.0,7276,0,0,2025-08-03 00:00:00,12.6,16.5,8.6,0.8,86.0,8.0,96.0,8.0,8.3,2025,8,August,Q3,Sunday,1,3,0,03:00,Winter,0.0,7482.0,0.0,7685.0,0.0,8232.0,0.0,-206.0,No change,0,,Week4_v2,Australia/Sydney (assumption; confirm with AEMO metadata)
2025-08-03 03:30:00,0.0,1.0,7309,0,0,2025-08-03 00:00:00,12.6,16.5,8.6,0.8,86.0,8.0,96.0,8.0,8.3,2025,8,August,Q3,Sunday,1,3,30,03:30,Winter,0.0,7276.0,0.0,7482.0,0.0,7954.0,0.0,33.0,No change,0,,Week4_v2,Australia/Sydney (assumption; confirm with AEMO metadata)
2025-08-03 04:00:00,0.0,1.0,7377,0,0,2025-08-03 00:00:00,12.6,16.5,8.6,0.8,86.0,8.0,96.0,8.0,8.3,2025,8,August,Q3,Sunday,1,4,0,04:00,Winter,0.0,7309.0,0.0,7276.0,0.0,7685.0,0.0,68.0,No change,0,,Week4_v2,Australia/Sydney (assumption; confirm with AEMO metadata)
2025-08-03 04:30:00,0.0,1.0,7216,0,0,2025-08-03 00:00:00,12.6,16.5,8.6,0.8,86.0,8.0,96.0,8.0,8.3,2025,8,August,Q3,Sunday,1,4,30,04:30,Winter,0.0,7377.0,0.0,7309.0,0.0,7482.0,0.0,-161.0,No change,0,,Week4_v2,Australia/Sydney (assumption; confirm with AEMO metadata)
2025-08-03 05:00:00,0.0,1.0,7160,0,0,2025-08-03 00:00:00,12.6,16.5,8.6,0.8,86.0,8.0,96.0,8.0,8.3,2025,8,August,Q3,Sunday,1,5,0,05:00,Winter,0.0,7216.0,0.0,7377.0,0.0,7276.0,0.0,-56.0,No change,0,,Week4_v2,Australia/Sydney (assumption; confirm with AEMO metadata)
2025-08-03 05:30:00,0.0,1.0,7212,0,0,2025-08-03 00:00:00,12.6,16.5,8.6,0.8,86.0,8.0,96.0,8.0,8.3,2025,8,August,Q3,Sunday,1,5,30,05:30,Winter,0.0,7160.0,0.0,7216.0,0.0,7309.0,0.0,52.0,No change,0,,Week4_v2,Australia/Sydney (assumption; confirm with AEMO metadata)
2025-08-03 06:00:00,0.0,1.0,7305,0,0,2025-08-03 00:00:00,12.6,16.5,8.6,0.8,86.0,8.0,96.0,8.0,8.3,2025,8,August,Q3,Sunday,1,6,0,06:00,Winter,0.0,7212.0,0.0,7160.0,0.0,7377.0,0.0,93.0,No change,0,,Week4_v2,Australia/Sydney (assumption; confirm with AEMO metadata)
2025-08-03 06:30:00,0.0,1.0,7437,0,0,2025-08-03 00:00:00,12.6,16.5,8.6,0.8,86.0,8.0,96.0,8.0,8.3,2025,8,August,Q3,Sunday,1,6,30,06:30,Winter,0.0,7305.0,0.0,7212.0,0.0,7216.0,0.0,132.0,No change,0,,Week4_v2,Australia/Sydney (assumption; confirm with AEMO metadata)
2025-08-03 07:00:00,4.192,1.0,7721,0,0,2025-08-03 00:00:00,12.6,16.5,8.6,0.8,86.0,8.0,96.0,8.0,8.3,2025,8,August,Q3,Sunday,1,7,0,07:00,Winter,0.0,7437.0,0.0,7305.0,0.0,7160.0,4.192,284.0,Increase,0,,Week4_v2,Australia/Sydney (assumption; confirm with AEMO metadata)
2025-08-03 07:30:00,89.791,1.0,7970,0,0,2025-08-03 00:00:00,12.6,16.5,8.6,0.8,86.0,8.0,96.0,8.0,8.3,2025,8,August,Q3,Sunday,1,7,30,07:30,Winter,4.192,7721.0,0.0,7437.0,0.0,7212.0,85.59899999999999,249.0,Increase,0,,Week4_v2,Australia/Sydney (assumption; confirm with AEMO metadata)
2025-08-03 08:00:00,288.981,1.0,8180,0,0,2025-08-03 00:00:00,12.6,16.5,8.6,0.8,86.0,8.0,96.0,8.0,8.3,2025,8,August,Q3,Sunday,1,8,0,08:00,Winter,89.791,7970.0,4.192,7721.0,0.0,7305.0,199.19,210.0,Increase,0,,Week4_v2,Australia/Sydney (assumption; confirm with AEMO metadata)
2025-08-03 08:30:00,633.884,1.0,8227,0,0,2025-08-03 00:00:00,12.6,16.5,8.6,0.8,86.0,8.0,96.0,8.0,8.3,2025,8,August,Q3,Sunday,1,8,30,08:30,Winter,288.981,8180.0,89.791,7970.0,0.0,7437.0,344.903,47.0,Increase,0,,Week4_v2,Australia/Sydney (assumption; confirm with AEMO metadata)
2025-08-03 09:00:00,1051.962,1.0,8116,0,0,2025-08-03 00:00:00,12.6,16.5,8.6,0.8,86.0,8.0,96.0,8.0,8.3,2025,8,August,Q3,Sunday,1,9,0,09:00,Winter,633.884,8227.0,288.981,8180.0,4.192,7721.0,418.078,-111.0,Increase,0,,Week4_v2,Australia/Sydney (assumption; confirm with AEMO metadata)
2025-08-03 09:30:00,1307.378,1.0,8319,0,0,2025-08-03 00:00:00,12.6,16.5,8.6,0.8,86.0,8.0,96.0,8.0,8.3,2025,8,August,Q3,Sunday,1,9,30,09:30,Winter,1051.962,8116.0,633.884,8227.0,89.791,7970.0,255.41599999999994,203.0,Increase,0,,Week4_v2,Australia/Sydney (assumption; confirm with AEMO metadata)
2025-08-03 10:00:00,1598.282,1.0,8090,0,0,2025-08-03 00:00:00,12.6,16.5,8.6,0.8,86.0,8.0,96.0,8.0,8.3,2025,8,August,Q3,Sunday,1,10,0,10:00,Winter,1307.378,8319.0,1051.962,8116.0,288.981,8180.0,290.904,-229.0,Increase,0,,Week4_v2,Australia/Sydney (assumption; confirm with AEMO metadata)
2025-08-03 10:30:00,2071.391,1.0,7776,0,0,2025-08-03 00:00:00,12.6,16.5,8.6,0.8,86.0,8.0,96.0,8.0,8.3,2025,8,August,Q3,Sunday,1,10,30,10:30,Winter,1598.282,8090.0,1307.378,8319.0,633.884,8227.0,473.10900000000015,-314.0,Increase,0,,Week4_v2,Australia/Sydney (assumption; confirm with AEMO metadata)
2025-08-03 11:00:00,2314.174,1.0,7576,0,0,2025-08-03 00:00:00,12.6,16.5,8.6,0.8,86.0,8.0,96.0,8.0,8.3,2025,8,August,Q3,Sunday,1,11,0,11:00,Winter,2071.391,7776.0,1598.282,8090.0,1051.962,8116.0,242.7829999999999,-200.0,Increase,0,,Week4_v2,Australia/Sydney (assumption; confirm with AEMO metadata)
2025-08-03 11:30:00,2232.353,1.0,7778,0,0,2025-08-03 00:00:00,12.6,16.5,8.6,0.8,86.0,8.0,96.0,8.0,8.3,2025,8,August,Q3,Sunday,1,11,30,11:30,Winter,2314.174,7576.0,2071.391,7776.0,1307.378,8319.0,-81.82099999999991,202.0,Decrease,0,,Week4_v2,Australia/Sydney (assumption; confirm with AEMO metadata)
2025-08-03 12:00:00,2295.373,1.0,7618,0,0,2025-08-03 00:00:00,12.6,16.5,8.6,0.8,86.0,8.0,96.0,8.0,8.3,2025,8,August,Q3,Sunday,1,12,0,12:00,Winter,2232.353,7778.0,2314.174,7576.0,1598.282,8090.0,63.01999999999998,-160.0,Increase,0,,Week4_v2,Australia/Sydney (assumption; confirm with AEMO metadata)
2025-08-03 12:30:00,2141.128,1.0,7730,0,0,2025-08-03 00:00:00,12.6,16.5,8.6,0.8,86.0,8.0,96.0,8.0,8.3,2025,8,August,Q3,Sunday,1,12,30,12:30,Winter,2295.373,7618.0,2232.353,7778.0,2071.391,7776.0,-154.2449999999999,112.0,Decrease,0,,Week4_v2,Australia/Sydney (assumption; confirm with AEMO metadata)
2025-08-03 13:00:00,1983.762,1.0,7793,0,0,2025-08-03 00:00:00,12.6,16.5,8.6,0.8,86.0,8.0,96.0,8.0,8.3,2025,8,August,Q3,Sunday,1,13,0,13:00,Winter,2141.128,7730.0,2295.373,7618.0,2314.174,7576.0,-157.3660000000002,63.0,Decrease,0,,Week4_v2,Australia/Sydney (assumption; confirm with AEMO metadata)
2025-08-03 13:30:00,1810.004,1.0,7843,0,0,2025-08-03 00:00:00,12.6,16.5,8.6,0.8,86.0,8.0,96.0,8.0,8.3,2025,8,August,Q3,Sunday,1,13,30,13:30,Winter,1983.762,7793.0,2141.128,7730.0,2232.353,7778.0,-173.75800000000004,50.0,Decrease,0,,Week4_v2,Australia/Sydney (assumption; confirm with AEMO metadata)
2025-08-03 14:00:00,1619.866,1.0,7990,0,0,2025-08-03 00:00:00,12.6,16.5,8.6,0.8,86.0,8.0,96.0,8.0,8.3,2025,8,August,Q3,Sunday,1,14,0,14:00,Winter,1810.004,7843.0,1983.762,7793.0,2295.373,7618.0,-190.13799999999992,147.0,Decrease,0,,Week4_v2,Australia/Sydney (assumption; confirm with AEMO metadata)
2025-08-03 14:30:00,1375.795,1.0,8091,0,0,2025-08-03 00:00:00,12.6,16.5,8.6,0.8,86.0,8.0,96.0,8.0,8.3,2025,8,August,Q3,Sunday,1,14,30,14:30,Winter,1619.866,7990.0,1810.004,7843.0,2141.128,7730.0,-244.0709999999999,101.0,Decrease,0,,Week4_v2,Australia/Sydney (assumption; confirm with AEMO metadata)
2025-08-03 15:00:00,1168.651,1.0,8293,0,0,2025-08-03 00:00:00,12.6,16.5,8.6,0.8,86.0,8.0,96.0,8.0,8.3,2025,8,August,Q3,Sunday,1,15,0,15:00,Winter,1375.795,8091.0,1619.866,7990.0,1983.762,7793.0,-207.144,202.0,Decrease,0,,Week4_v2,Australia/Sydney (assumption; confirm with AEMO metadata)
2025-08-03 15:30:00,928.397,1.0,8584,0,0,2025-08-03 00:00:00,12.6,16.5,8.6,0.8,86.0,8.0,96.0,8.0,8.3,2025,8,August,Q3,Sunday,1,15,30,15:30,Winter,1168.651,8293.0,1375.795,8091.0,1810.004,7843.0,-240.25400000000002,291.0,Decrease,0,,Week4_v2,Australia/Sydney (assumption; confirm with AEMO metadata)
2025-08-03 16:00:00,729.601,1.0,8851,0,0,2025-08-03 00:00:00,12.6,16.5,8.6,0.8,86.0,8.0,96.0,8.0,8.3,2025,8,August,Q3,Sunday,1,16,0,16:00,Winter,928.397,8584.0,1168.651,8293.0,1619.866,7990.0,-198.79600000000005,267.0,Decrease,0,,Week4_v2,Australia/Sydney (assumption; confirm with AEMO metadata)
2025-08-03 16:30:00,416.372,1.0,9232,0,0,2025-08-03 00:00:00,12.6,16.5,8.6,0.8,86.0,8.0,96.0,8.0,8.3,2025,8,August,Q3,Sunday,1,16,30,16:30,Winter,729.601,8851.0,928.397,8584.0,1375.795,8091.0,-313.229,381.0,Decrease,0,,Week4_v2,Australia/Sydney (assumption; confirm with AEMO metadata)
2025-08-03 17:00:00,168.904,1.0,9588,0,0,2025-08-03 00:00:00,12.6,16.5,8.6,0.8,86.0,8.0,96.0,8.0,8.3,2025,8,August,Q3,Sunday,1,17,0,17:00,Winter,416.372,9232.0,729.601,8851.0,1168.651,8293.0,-247.46800000000002,356.0,Decrease,0,,Week4_v2,Australia/Sydney (assumption; confirm with AEMO metadata)
2025-08-03 17:30:00,21.323,1.0,9960,0,0,2025-08-03 00:00:00,12.6,16.5,8.6,0.8,86.0,8.0,96.0,8.0,8.3,2025,8,August,Q3,Sunday,1,17,30,17:30,Winter,168.904,9588.0,416.372,9232.0,928.397,8584.0,-147.581,372.0,Decrease,0,,Week4_v2,Australia/Sydney (assumption; confirm with AEMO metadata)
2025-08-03 18:00:00,0.0,1.0,10445,0,0,2025-08-03 00:00:00,12.6,16.5,8.6,0.8,86.0,8.0,96.0,8.0,8.3,2025,8,August,Q3,Sunday,1,18,0,18:00,Winter,21.323,9960.0,168.904,9588.0,729.601,8851.0,-21.323,485.0,Decrease,0,,Week4_v2,Australia/Sydney (assumption; confirm with AEMO metadata)
2025-08-03 18:30:00,0.0,1.0,10667,0,0,2025-08-03 00:00:00,12.6,16.5,8.6,0.8,86.0,8.0,96.0,8.0,8.3,2025,8,August,Q3,Sunday,1,18,30,18:30,Winter,0.0,10445.0,21.323,9960.0,416.372,9232.0,0.0,222.0,No change,0,,Week4_v2,Australia/Sydney (assumption; confirm with AEMO metadata)
2025-08-03 19:00:00,0.0,1.0,10623,0,0,2025-08-03 00:00:00,12.6,16.5,8.6,0.8,86.0,8.0,96.0,8.0,8.3,2025,8,August,Q3,Sunday,1,19,0,19:00,Winter,0.0,10667.0,0.0,10445.0,168.904,9588.0,0.0,-44.0,No change,0,,Week4_v2,Australia/Sydney (assumption; confirm with AEMO metadata)
2025-08-03 19:30:00,0.0,1.0,10366,0,0,2025-08-03 00:00:00,12.6,16.5,8.6,0.8,86.0,8.0,96.0,8.0,8.3,2025,8,August,Q3,Sunday,1,19,30,19:30,Winter,0.0,10623.0,0.0,10667.0,21.323,9960.0,0.0,-257.0,No change,0,,Week4_v2,Australia/Sydney (assumption; confirm with AEMO metadata)
2025-08-03 20:00:00,0.0,1.0,10098,0,0,2025-08-03 00:00:00,12.6,16.5,8.6,0.8,86.0,8.0,96.0,8.0,8.3,2025,8,August,Q3,Sunday,1,20,0,20:00,Winter,0.0,10366.0,0.0,10623.0,0.0,10445.0,0.0,-268.0,No change,0,,Week4_v2,Australia/Sydney (assumption; confirm with AEMO metadata)
2025-08-03 20:30:00,0.0,1.0,9903,0,0,2025-08-03 00:00:00,12.6,16.5,8.6,0.8,86.0,8.0,96.0,8.0,8.3,2025,8,August,Q3,Sunday,1,20,30,20:30,Winter,0.0,10098.0,0.0,10366.0,0.0,10667.0,0.0,-195.0,No change,0,,Week4_v2,Australia/Sydney (assumption; confirm with AEMO metadata)
2025-08-03 21:00:00,0.0,1.0,9736,0,0,2025-08-03 00:00:00,12.6,16.5,8.6,0.8,86.0,8.0,96.0,8.0,8.3,2025,8,August,Q3,Sunday,1,21,0,21:00,Winter,0.0,9903.0,0.0,10098.0,0.0,10623.0,0.0,-167.0,No change,0,,Week4_v2,Australia/Sydney (assumption; confirm with AEMO metadata)
2025-08-03 21:30:00,0.0,1.0,9554,0,0,2025-08-03 00:00:00,12.6,16.5,8.6,0.8,86.0,8.0,96.0,8.0,8.3,2025,8,August,Q3,Sunday,1,21,30,21:30,Winter,0.0,9736.0,0.0,9903.0,0.0,10366.0,0.0,-182.0,No change,0,,Week4_v2,Australia/Sydney (assumption; confirm with AEMO metadata)
2025-08-03 22:00:00,0.0,1.0,9204,0,0,2025-08-03 00:00:00,12.6,16.5,8.6,0.8,86.0,8.0,96.0,8.0,8.3,2025,8,August,Q3,Sunday,1,22,0,22:00,Winter,0.0,9554.0,0.0,9736.0,0.0,10098.0,0.0,-350.0,No change,0,,Week4_v2,Australia/Sydney (assumption; confirm with AEMO metadata)
2025-08-03 22:30:00,0.0,1.0,8928,0,0,2025-08-03 00:00:00,12.6,16.5,8.6,0.8,86.0,8.0,96.0,8.0,8.3,2025,8,August,Q3,Sunday,1,22,30,22:30,Winter,0.0,9204.0,0.0,9554.0,0.0,9903.0,0.0,-276.0,No change,0,,Week4_v2,Australia/Sydney (assumption; confirm with AEMO metadata)
2025-08-03 23:00:00,0.0,1.0,8669,0,0,2025-08-03 00:00:00,12.6,16.5,8.6,0.8,86.0,8.0,96.0,8.0,8.3,2025,8,August,Q3,Sunday,1,23,0,23:00,Winter,0.0,8928.0,0.0,9204.0,0.0,9736.0,0.0,-259.0,No change,0,,Week4_v2,Australia/Sydney (assumption; confirm with AEMO metadata)
2025-08-03 23:30:00,0.0,1.0,8317,0,0,2025-08-03 00:00:00,12.6,16.5,8.6,0.8,86.0,8.0,96.0,8.0,8.3,2025,8,August,Q3,Sunday,1,23,30,23:30,Winter,0.0,8669.0,0.0,8928.0,0.0,9554.0,0.0,-352.0,No change,0,,Week4_v2,Australia/Sydney (assumption; confirm with AEMO metadata)
2025-08-04 00:00:00,0.0,1.0,8127,0,0,2025-08-04 00:00:00,12.8,17.3,28.4,6.7,96.0,6.0,84.0,6.0,10.3,2025,8,August,Q3,Monday,0,0,0,00:00,Winter,0.0,8317.0,0.0,8669.0,0.0,9204.0,0.0,-190.0,No change,0,,Week4_v2,Australia/Sydney (assumption; confirm with AEMO metadata)
2025-08-04 00:30:00,0.0,1.0,7906,0,0,2025-08-04 00:00:00,12.8,17.3,28.4,6.7,96.0,6.0,84.0,6.0,10.3,2025,8,August,Q3,Monday,0,0,30,00:30,Winter,0.0,8127.0,0.0,8317.0,0.0,8928.0,0.0,-221.0,No change,0,,Week4_v2,Australia/Sydney (assumption; confirm with AEMO metadata)
2025-08-04 01:00:00,0.0,1.0,7760,0,0,2025-08-04 00:00:00,12.8,17.3,28.4,6.7,96.0,6.0,84.0,6.0,10.3,2025,8,August,Q3,Monday,0,1,0,01:00,Winter,0.0,7906.0,0.0,8127.0,0.0,8669.0,0.0,-146.0,No change,0,,Week4_v2,Australia/Sydney (assumption; confirm with AEMO metadata)
2025-08-04 01:30:00,0.0,1.0,7575,0,0,2025-08-04 00:00:00,12.8,17.3,28.4,6.7,96.0,6.0,84.0,6.0,10.3,2025,8,August,Q3,Monday,0,1,30,01:30,Winter,0.0,7760.0,0.0,7906.0,0.0,8317.0,0.0,-185.0,No change,0,,Week4_v2,Australia/Sydney (assumption; confirm with AEMO metadata)
2025-08-04 02:00:00,0.0,1.0,7407,0,0,2025-08-04 00:00:00,12.8,17.3,28.4,6.7,96.0,6.0,84.0,6.0,10.3,2025,8,August,Q3,Monday,0,2,0,02:00,Winter,0.0,7575.0,0.0,7760.0,0.0,8127.0,0.0,-168.0,No change,0,,Week4_v2,Australia/Sydney (assumption; confirm with AEMO metadata)
2025-08-04 02:30:00,0.0,1.0,7523,0,0,2025-08-04 00:00:00,12.8,17.3,28.4,6.7,96.0,6.0,84.0,6.0,10.3,2025,8,August,Q3,Monday,0,2,30,02:30,Winter,0.0,7407.0,0.0,7575.0,0.0,7906.0,0.0,116.0,No change,0,,Week4_v2,Australia/Sydney (assumption; confirm with AEMO metadata)
2025-08-04 03:00:00,0.0,1.0,7322,0,0,2025-08-04 00:00:00,12.8,17.3,28.4,6.7,96.0,6.0,84.0,6.0,10.3,2025,8,August,Q3,Monday,0,3,0,03:00,Winter,0.0,7523.0,0.0,7407.0,0.0,7760.0,0.0,-201.0,No change,0,,Week4_v2,Australia/Sydney (assumption; confirm with AEMO metadata)
2025-08-04 03:30:00,0.0,1.0,7240,0,0,2025-08-04 00:00:00,12.8,17.3,28.4,6.7,96.0,6.0,84.0,6.0,10.3,2025,8,August,Q3,Monday,0,3,30,03:30,Winter,0.0,7322.0,0.0,7523.0,0.0,7575.0,0.0,-82.0,No change,0,,Week4_v2,Australia/Sydney (assumption; confirm with AEMO metadata)
2025-08-04 04:00:00,0.0,1.0,7113,0,0,2025-08-04 00:00:00,12.8,17.3,28.4,6.7,96.0,6.0,84.0,6.0,10.3,2025,8,August,Q3,Monday,0,4,0,04:00,Winter,0.0,7240.0,0.0,7322.0,0.0,7407.0,0.0,-127.0,No change,0,,Week4_v2,Australia/Sydney (assumption; confirm with AEMO metadata)
2025-08-04 04:30:00,0.0,1.0,7104,0,0,2025-08-04 00:00:00,12.8,17.3,28.4,6.7,96.0,6.0,84.0,6.0,10.3,2025,8,August,Q3,Monday,0,4,30,04:30,Winter,0.0,7113.0,0.0,7240.0,0.0,7523.0,0.0,-9.0,No change,0,,Week4_v2,Australia/Sydney (assumption; confirm with AEMO metadata)
2025-08-04 05:00:00,0.0,1.0,7250,0,0,2025-08-04 00:00:00,12.8,17.3,28.4,6.7,96.0,6.0,84.0,6.0,10.3,2025,8,August,Q3,Monday,0,5,0,05:00,Winter,0.0,7104.0,0.0,7113.0,0.0,7322.0,0.0,146.0,No change,0,,Week4_v2,Australia/Sydney (assumption; confirm with AEMO metadata)
2025-08-04 05:30:00,0.0,1.0,7582,0,0,2025-08-04 00:00:00,12.8,17.3,28.4,6.7,96.0,6.0,84.0,6.0,10.3,2025,8,August,Q3,Monday,0,5,30,05:30,Winter,0.0,7250.0,0.0,7104.0,0.0,7240.0,0.0,332.0,No change,0,,Week4_v2,Australia/Sydney (assumption; confirm with AEMO metadata)
2025-08-04 06:00:00,0.0,1.0,7970,0,0,2025-08-04 00:00:00,12.8,17.3,28.4,6.7,96.0,6.0,84.0,6.0,10.3,2025,8,August,Q3,Monday,0,6,0,06:00,Winter,0.0,7582.0,0.0,7250.0,0.0,7113.0,0.0,388.0,No change,0,,Week4_v2,Australia/Sydney (assumption; confirm with AEMO metadata)
2025-08-04 06:30:00,0.0,1.0,8666,0,0,2025-08-04 00:00:00,12.8,17.3,28.4,6.7,96.0,6.0,84.0,6.0,10.3,2025,8,August,Q3,Monday,0,6,30,06:30,Winter,0.0,7970.0,0.0,7582.0,0.0,7104.0,0.0,696.0,No change,0,,Week4_v2,Australia/Sydney (assumption; confirm with AEMO metadata)
2025-08-04 07:00:00,10.953,1.0,9362,0,0,2025-08-04 00:00:00,12.8,17.3,28.4,6.7,96.0,6.0,84.0,6.0,10.3,2025,8,August,Q3,Monday,0,7,0,07:00,Winter,0.0,8666.0,0.0,7970.0,0.0,7250.0,10.953,696.0,Increase,0,,Week4_v2,Australia/Sydney (assumption; confirm with AEMO metadata)
2025-08-04 07:30:00,159.896,1.0,9837,0,0,2025-08-04 00:00:00,12.8,17.3,28.4,6.7,96.0,6.0,84.0,6.0,10.3,2025,8,August,Q3,Monday,0,7,30,07:30,Winter,10.953,9362.0,0.0,8666.0,0.0,7582.0,148.94299999999998,475.0,Increase,0,,Week4_v2,Australia/Sydney (assumption; confirm with AEMO metadata)
2025-08-04 08:00:00,488.891,1.0,9845,0,0,2025-08-04 00:00:00,12.8,17.3,28.4,6.7,96.0,6.0,84.0,6.0,10.3,2025,8,August,Q3,Monday,0,8,0,08:00,Winter,159.896,9837.0,10.953,9362.0,0.0,7970.0,328.995,8.0,Increase,0,,Week4_v2,Australia/Sydney (assumption; confirm with AEMO metadata)
2025-08-04 08:30:00,913.072,1.0,9539,0,0,2025-08-04 00:00:00,12.8,17.3,28.4,6.7,96.0,6.0,84.0,6.0,10.3,2025,8,August,Q3,Monday,0,8,30,08:30,Winter,488.891,9845.0,159.896,9837.0,0.0,8666.0,424.181,-306.0,Increase,0,,Week4_v2,Australia/Sydney (assumption; confirm with AEMO metadata)
2025-08-04 09:00:00,1380.211,1.0,9077,0,0,2025-08-04 00:00:00,12.8,17.3,28.4,6.7,96.0,6.0,84.0,6.0,10.3,2025,8,August,Q3,Monday,0,9,0,09:00,Winter,913.072,9539.0,488.891,9845.0,10.953,9362.0,467.139,-462.0,Increase,0,,Week4_v2,Australia/Sydney (assumption; confirm with AEMO metadata)
2025-08-04 09:30:00,1819.817,1.0,8716,0,0,2025-08-04 00:00:00,12.8,17.3,28.4,6.7,96.0,6.0,84.0,6.0,10.3,2025,8,August,Q3,Monday,0,9,30,09:30,Winter,1380.211,9077.0,913.072,9539.0,159.896,9837.0,439.606,-361.0,Increase,0,,Week4_v2,Australia/Sydney (assumption; confirm with AEMO metadata)
2025-08-04 10:00:00,2160.428,1.0,8469,0,0,2025-08-04 00:00:00,12.8,17.3,28.4,6.7,96.0,6.0,84.0,6.0,10.3,2025,8,August,Q3,Monday,0,10,0,10:00,Winter,1819.817,8716.0,1380.211,9077.0,488.891,9845.0,340.6109999999999,-247.0,Increase,0,,Week4_v2,Australia/Sydney (assumption; confirm with AEMO metadata)
2025-08-04 10:30:00,2358.77,1.0,8117,0,0,2025-08-04 00:00:00,12.8,17.3,28.4,6.7,96.0,6.0,84.0,6.0,10.3,2025,8,August,Q3,Monday,0,10,30,10:30,Winter,2160.428,8469.0,1819.817,8716.0,913.072,9539.0,198.3420000000001,-352.0,Increase,0,,Week4_v2,Australia/Sydney (assumption; confirm with AEMO metadata)
2025-08-04 11:00:00,2457.316,1.0,7957,0,0,2025-08-04 00:00:00,12.8,17.3,28.4,6.7,96.0,6.0,84.0,6.0,10.3,2025,8,August,Q3,Monday,0,11,0,11:00,Winter,2358.77,8117.0,2160.428,8469.0,1380.211,9077.0,98.54599999999982,-160.0,Increase,0,,Week4_v2,Australia/Sydney (assumption; confirm with AEMO metadata)
2025-08-04 11:30:00,2530.34,1.0,7872,0,0,2025-08-04 00:00:00,12.8,17.3,28.4,6.7,96.0,6.0,84.0,6.0,10.3,2025,8,August,Q3,Monday,0,11,30,11:30,Winter,2457.316,7957.0,2358.77,8117.0,1819.817,8716.0,73.02400000000034,-85.0,Increase,0,,Week4_v2,Australia/Sydney (assumption; confirm with AEMO metadata)
2025-08-04 12:00:00,2579.699,1.0,7751,0,0,2025-08-04 00:00:00,12.8,17.3,28.4,6.7,96.0,6.0,84.0,6.0,10.3,2025,8,August,Q3,Monday,0,12,0,12:00,Winter,2530.34,7872.0,2457.316,7957.0,2160.428,8469.0,49.358999999999924,-121.0,Increase,0,,Week4_v2,Australia/Sydney (assumption; confirm with AEMO metadata)
2025-08-04 12:30:00,2561.4,1.0,7719,0,0,2025-08-04 00:00:00,12.8,17.3,28.4,6.7,96.0,6.0,84.0,6.0,10.3,2025,8,August,Q3,Monday,0,12,30,12:30,Winter,2579.699,7751.0,2530.34,7872.0,2358.77,8117.0,-18.298999999999978,-32.0,Decrease,0,,Week4_v2,Australia/Sydney (assumption; confirm with AEMO metadata)
2025-08-04 13:00:00,2593.649,1.0,7574,0,0,2025-08-04 00:00:00,12.8,17.3,28.4,6.7,96.0,6.0,84.0,6.0,10.3,2025,8,August,Q3,Monday,0,13,0,13:00,Winter,2561.4,7719.0,2579.699,7751.0,2457.316,7957.0,32.248999999999796,-145.0,Increase,0,,Week4_v2,Australia/Sydney (assumption; confirm with AEMO metadata)
2025-08-04 13:30:00,2441.405,1.0,7521,0,0,2025-08-04 00:00:00,12.8,17.3,28.4,6.7,96.0,6.0,84.0,6.0,10.3,2025,8,August,Q3,Monday,0,13,30,13:30,Winter,2593.649,7574.0,2561.4,7719.0,2530.34,7872.0,-152.2439999999997,-53.0,Decrease,0,,Week4_v2,Australia/Sydney (assumption; confirm with AEMO metadata)
2025-08-04 14:00:00,2294.461,1.0,7390,0,0,2025-08-04 00:00:00,12.8,17.3,28.4,6.7,96.0,6.0,84.0,6.0,10.3,2025,8,August,Q3,Monday,0,14,0,14:00,Winter,2441.405,7521.0,2593.649,7574.0,2579.699,7751.0,-146.94400000000041,-131.0,Decrease,0,,Week4_v2,Australia/Sydney (assumption; confirm with AEMO metadata)
2025-08-04 14:30:00,2277.035,1.0,7242,0,0,2025-08-04 00:00:00,12.8,17.3,28.4,6.7,96.0,6.0,84.0,6.0,10.3,2025,8,August,Q3,Monday,0,14,30,14:30,Winter,2294.461,7390.0,2441.405,7521.0,2561.4,7719.0,-17.42599999999993,-148.0,Decrease,0,,Week4_v2,Australia/Sydney (assumption; confirm with AEMO metadata)
2025-08-04 15:00:00,2042.229,1.0,7365,0,0,2025-08-04 00:00:00,12.8,17.3,28.4,6.7,96.0,6.0,84.0,6.0,10.3,2025,8,August,Q3,Monday,0,15,0,15:00,Winter,2277.035,7242.0,2294.461,7390.0,2593.649,7574.0,-234.8059999999998,123.0,Decrease,0,,Week4_v2,Australia/Sydney (assumption; confirm with AEMO metadata)
2025-08-04 15:30:00,1611.088,1.0,7688,0,0,2025-08-04 00:00:00,12.8,17.3,28.4,6.7,96.0,6.0,84.0,6.0,10.3,2025,8,August,Q3,Monday,0,15,30,15:30,Winter,2042.229,7365.0,2277.035,7242.0,2441.405,7521.0,-431.1410000000001,323.0,Decrease,0,,Week4_v2,Australia/Sydney (assumption; confirm with AEMO metadata)
2025-08-04 16:00:00,1087.153,1.0,8204,0,0,2025-08-04 00:00:00,12.8,17.3,28.4,6.7,96.0,6.0,84.0,6.0,10.3,2025,8,August,Q3,Monday,0,16,0,16:00,Winter,1611.088,7688.0,2042.229,7365.0,2294.461,7390.0,-523.935,516.0,Decrease,0,,Week4_v2,Australia/Sydney (assumption; confirm with AEMO metadata)
2025-08-04 16:30:00,625.993,1.0,8726,0,0,2025-08-04 00:00:00,12.8,17.3,28.4,6.7,96.0,6.0,84.0,6.0,10.3,2025,8,August,Q3,Monday,0,16,30,16:30,Winter,1087.153,8204.0,1611.088,7688.0,2277.035,7242.0,-461.15999999999997,522.0,Decrease,0,,Week4_v2,Australia/Sydney (assumption; confirm with AEMO metadata)
2025-08-04 17:00:00,215.468,1.0,9403,0,0,2025-08-04 00:00:00,12.8,17.3,28.4,6.7,96.0,6.0,84.0,6.0,10.3,2025,8,August,Q3,Monday,0,17,0,17:00,Winter,625.993,8726.0,1087.153,8204.0,2042.229,7365.0,-410.5250000000001,677.0,Decrease,0,,Week4_v2,Australia/Sydney (assumption; confirm with AEMO metadata)
2025-08-04 17:30:00,24.271,1.0,9982,0,0,2025-08-04 00:00:00,12.8,17.3,28.4,6.7,96.0,6.0,84.0,6.0,10.3,2025,8,August,Q3,Monday,0,17,30,17:30,Winter,215.468,9403.0,625.993,8726.0,1611.088,7688.0,-191.197,579.0,Decrease,0,,Week4_v2,Australia/Sydney (assumption; confirm with AEMO metadata)
2025-08-04 18:00:00,0.0,1.0,10663,0,0,2025-08-04 00:00:00,12.8,17.3,28.4,6.7,96.0,6.0,84.0,6.0,10.3,2025,8,August,Q3,Monday,0,18,0,18:00,Winter,24.271,9982.0,215.468,9403.0,1087.153,8204.0,-24.271,681.0,Decrease,0,,Week4_v2,Australia/Sydney (assumption; confirm with AEMO metadata)
2025-08-04 18:30:00,0.0,1.0,10860,0,0,2025-08-04 00:00:00,12.8,17.3,28.4,6.7,96.0,6.0,84.0,6.0,10.3,2025,8,August,Q3,Monday,0,18,30,18:30,Winter,0.0,10663.0,24.271,9982.0,625.993,8726.0,0.0,197.0,No change,0,,Week4_v2,Australia/Sydney (assumption; confirm with AEMO metadata)
2025-08-04 19:00:00,0.0,1.0,10839,0,0,2025-08-04 00:00:00,12.8,17.3,28.4,6.7,96.0,6.0,84.0,6.0,10.3,2025,8,August,Q3,Monday,0,19,0,19:00,Winter,0.0,10860.0,0.0,10663.0,215.468,9403.0,0.0,-21.0,No change,0,,Week4_v2,Australia/Sydney (assumption; confirm with AEMO metadata)
2025-08-04 19:30:00,0.0,1.0,10598,0,0,2025-08-04 00:00:00,12.8,17.3,28.4,6.7,96.0,6.0,84.0,6.0,10.3,2025,8,August,Q3,Monday,0,19,30,19:30,Winter,0.0,10839.0,0.0,10860.0,24.271,9982.0,0.0,-241.0,No change,0,,Week4_v2,Australia/Sydney (assumption; confirm with AEMO metadata)
2025-08-04 20:00:00,0.0,1.0,10483,0,0,2025-08-04 00:00:00,12.8,17.3,28.4,6.7,96.0,6.0,84.0,6.0,10.3,2025,8,August,Q3,Monday,0,20,0,20:00,Winter,0.0,10598.0,0.0,10839.0,0.0,10663.0,0.0,-115.0,No change,0,,Week4_v2,Australia/Sydney (assumption; confirm with AEMO metadata)
2025-08-04 20:30:00,0.0,1.0,10322,0,0,2025-08-04 00:00:00,12.8,17.3,28.4,6.7,96.0,6.0,84.0,6.0,10.3,2025,8,August,Q3,Monday,0,20,30,20:30,Winter,0.0,10483.0,0.0,10598.0,0.0,10860.0,0.0,-161.0,No change,0,,Week4_v2,Australia/Sydney (assumption; confirm with AEMO metadata)
2025-08-04 21:00:00,0.0,1.0,10112,0,0,2025-08-04 00:00:00,12.8,17.3,28.4,6.7,96.0,6.0,84.0,6.0,10.3,2025,8,August,Q3,Monday,0,21,0,21:00,Winter,0.0,10322.0,0.0,10483.0,0.0,10839.0,0.0,-210.0,No change,0,,Week4_v2,Australia/Sydney (assumption; confirm with AEMO metadata)
2025-08-04 21:30:00,0.0,1.0,9795,0,0,2025-08-04 00:00:00,12.8,17.3,28.4,6.7,96.0,6.0,84.0,6.0,10.3,2025,8,August,Q3,Monday,0,21,30,21:30,Winter,0.0,10112.0,0.0,10322.0,0.0,10598.0,0.0,-317.0,No change,0,,Week4_v2,Australia/Sydney (assumption; confirm with AEMO metadata)
2025-08-04 22:00:00,0.0,1.0,9493,0,0,2025-08-04 00:00:00,12.8,17.3,28.4,6.7,96.0,6.0,84.0,6.0,10.3,2025,8,August,Q3,Monday,0,22,0,22:00,Winter,0.0,9795.0,0.0,10112.0,0.0,10483.0,0.0,-302.0,No change,0,,Week4_v2,Australia/Sydney (assumption; confirm with AEMO metadata)
2025-08-04 22:30:00,0.0,1.0,9227,0,0,2025-08-04 00:00:00,12.8,17.3,28.4,6.7,96.0,6.0,84.0,6.0,10.3,2025,8,August,Q3,Monday,0,22,30,22:30,Winter,0.0,9493.0,0.0,9795.0,0.0,10322.0,0.0,-266.0,No change,0,,Week4_v2,Australia/Sydney (assumption; confirm with AEMO metadata)
2025-08-04 23:00:00,0.0,1.0,8955,0,0,2025-08-04 00:00:00,12.8,17.3,28.4,6.7,96.0,6.0,84.0,6.0,10.3,2025,8,August,Q3,Monday,0,23,0,23:00,Winter,0.0,9227.0,0.0,9493.0,0.0,10112.0,0.0,-272.0,No change,0,,Week4_v2,Australia/Sydney (assumption; confirm with AEMO metadata)
2025-08-04 23:30:00,0.0,1.0,8718,0,0,2025-08-04 00:00:00,12.8,17.3,28.4,6.7,96.0,6.0,84.0,6.0,10.3,2025,8,August,Q3,Monday,0,23,30,23:30,Winter,0.0,8955.0,0.0,9227.0,0.0,9795.0,0.0,-237.0,No change,0,,Week4_v2,Australia/Sydney (assumption; confirm with AEMO metadata)
2025-08-05 00:00:00,0.0,1.0,8444,0,0,2025-08-05 00:00:00,10.6,22.6,1.0,6.7,96.0,3.0,40.0,3.0,13.2,2025,8,August,Q3,Tuesday,0,0,0,00:00,Winter,0.0,8718.0,0.0,8955.0,0.0,9493.0,0.0,-274.0,No change,0,,Week4_v2,Australia/Sydney (assumption; confirm with AEMO metadata)
2025-08-05 00:30:00,0.0,1.0,8242,0,0,2025-08-05 00:00:00,10.6,22.6,1.0,6.7,96.0,3.0,40.0,3.0,13.2,2025,8,August,Q3,Tuesday,0,0,30,00:30,Winter,0.0,8444.0,0.0,8718.0,0.0,9227.0,0.0,-202.0,No change,0,,Week4_v2,Australia/Sydney (assumption; confirm with AEMO metadata)
2025-08-05 01:00:00,0.0,1.0,8067,0,0,2025-08-05 00:00:00,10.6,22.6,1.0,6.7,96.0,3.0,40.0,3.0,13.2,2025,8,August,Q3,Tuesday,0,1,0,01:00,Winter,0.0,8242.0,0.0,8444.0,0.0,8955.0,0.0,-175.0,No change,0,,Week4_v2,Australia/Sydney (assumption; confirm with AEMO metadata)
2025-08-05 01:30:00,0.0,1.0,7898,0,0,2025-08-05 00:00:00,10.6,22.6,1.0,6.7,96.0,3.0,40.0,3.0,13.2,2025,8,August,Q3,Tuesday,0,1,30,01:30,Winter,0.0,8067.0,0.0,8242.0,0.0,8718.0,0.0,-169.0,No change,0,,Week4_v2,Australia/Sydney (assumption; confirm with AEMO metadata)
2025-08-05 02:00:00,0.0,1.0,7703,0,0,2025-08-05 00:00:00,10.6,22.6,1.0,6.7,96.0,3.0,40.0,3.0,13.2,2025,8,August,Q3,Tuesday,0,2,0,02:00,Winter,0.0,7898.0,0.0,8067.0,0.0,8444.0,0.0,-195.0,No change,0,,Week4_v2,Australia/Sydney (assumption; confirm with AEMO metadata)
2025-08-05 02:30:00,0.0,1.0,7437,0,0,2025-08-05 00:00:00,10.6,22.6,1.0,6.7,96.0,3.0,40.0,3.0,13.2,2025,8,August,Q3,Tuesday,0,2,30,02:30,Winter,0.0,7703.0,0.0,7898.0,0.0,8242.0,0.0,-266.0,No change,0,,Week4_v2,Australia/Sydney (assumption; confirm with AEMO metadata)
2025-08-05 03:00:00,0.0,1.0,7442,0,0,2025-08-05 00:00:00,10.6,22.6,1.0,6.7,96.0,3.0,40.0,3.0,13.2,2025,8,August,Q3,Tuesday,0,3,0,03:00,Winter,0.0,7437.0,0.0,7703.0,0.0,8067.0,0.0,5.0,No change,0,,Week4_v2,Australia/Sydney (assumption; confirm with AEMO metadata)
2025-08-05 03:30:00,0.0,1.0,7348,0,0,2025-08-05 00:00:00,10.6,22.6,1.0,6.7,96.0,3.0,40.0,3.0,13.2,2025,8,August,Q3,Tuesday,0,3,30,03:30,Winter,0.0,7442.0,0.0,7437.0,0.0,7898.0,0.0,-94.0,No change,0,,Week4_v2,Australia/Sydney (assumption; confirm with AEMO metadata)
2025-08-05 04:00:00,0.0,1.0,7281,0,0,2025-08-05 00:00:00,10.6,22.6,1.0,6.7,96.0,3.0,40.0,3.0,13.2,2025,8,August,Q3,Tuesday,0,4,0,04:00,Winter,0.0,7348.0,0.0,7442.0,0.0,7703.0,0.0,-67.0,No change,0,,Week4_v2,Australia/Sydney (assumption; confirm with AEMO metadata)
2025-08-05 04:30:00,0.0,1.0,7310,0,0,2025-08-05 00:00:00,10.6,22.6,1.0,6.7,96.0,3.0,40.0,3.0,13.2,2025,8,August,Q3,Tuesday,0,4,30,04:30,Winter,0.0,7281.0,0.0,7348.0,0.0,7437.0,0.0,29.0,No change,0,,Week4_v2,Australia/Sydney (assumption; confirm with AEMO metadata)
2025-08-05 05:00:00,0.0,1.0,7376,0,0,2025-08-05 00:00:00,10.6,22.6,1.0,6.7,96.0,3.0,40.0,3.0,13.2,2025,8,August,Q3,Tuesday,0,5,0,05:00,Winter,0.0,7310.0,0.0,7281.0,0.0,7442.0,0.0,66.0,No change,0,,Week4_v2,Australia/Sydney (assumption; confirm with AEMO metadata)
2025-08-05 05:30:00,0.0,1.0,7714,0,0,2025-08-05 00:00:00,10.6,22.6,1.0,6.7,96.0,3.0,40.0,3.0,13.2,2025,8,August,Q3,Tuesday,0,5,30,05:30,Winter,0.0,7376.0,0.0,7310.0,0.0,7348.0,0.0,338.0,No change,0,,Week4_v2,Australia/Sydney (assumption; confirm with AEMO metadata)
2025-08-05 06:00:00,0.0,1.0,8104,0,0,2025-08-05 00:00:00,10.6,22.6,1.0,6.7,96.0,3.0,40.0,3.0,13.2,2025,8,August,Q3,Tuesday,0,6,0,06:00,Winter,0.0,7714.0,0.0,7376.0,0.0,7281.0,0.0,390.0,No change,0,,Week4_v2,Australia/Sydney (assumption; confirm with AEMO metadata)
2025-08-05 06:30:00,0.0,1.0,8790,0,0,2025-08-05 00:00:00,10.6,22.6,1.0,6.7,96.0,3.0,40.0,3.0,13.2,2025,8,August,Q3,Tuesday,0,6,30,06:30,Winter,0.0,8104.0,0.0,7714.0,0.0,7310.0,0.0,686.0,No change,0,,Week4_v2,Australia/Sydney (assumption; confirm with AEMO metadata)
2025-08-05 07:00:00,15.072,1.0,9516,0,0,2025-08-05 00:00:00,10.6,22.6,1.0,6.7,96.0,3.0,40.0,3.0,13.2,2025,8,August,Q3,Tuesday,0,7,0,07:00,Winter,0.0,8790.0,0.0,8104.0,0.0,7376.0,15.072,726.0,Increase,0,,Week4_v2,Australia/Sydney (assumption; confirm with AEMO metadata)
2025-08-05 07:30:00,178.493,1.0,9956,0,0,2025-08-05 00:00:00,10.6,22.6,1.0,6.7,96.0,3.0,40.0,3.0,13.2,2025,8,August,Q3,Tuesday,0,7,30,07:30,Winter,15.072,9516.0,0.0,8790.0,0.0,7714.0,163.421,440.0,Increase,0,,Week4_v2,Australia/Sydney (assumption; confirm with AEMO metadata)
2025-08-05 08:00:00,526.798,1.0,9890,0,0,2025-08-05 00:00:00,10.6,22.6,1.0,6.7,96.0,3.0,40.0,3.0,13.2,2025,8,August,Q3,Tuesday,0,8,0,08:00,Winter,178.493,9956.0,15.072,9516.0,0.0,8104.0,348.305,-66.0,Increase,0,,Week4_v2,Australia/Sydney (assumption; confirm with AEMO metadata)
2025-08-05 08:30:00,1033.473,1.0,9442,0,0,2025-08-05 00:00:00,10.6,22.6,1.0,6.7,96.0,3.0,40.0,3.0,13.2,2025,8,August,Q3,Tuesday,0,8,30,08:30,Winter,526.798,9890.0,178.493,9956.0,0.0,8790.0,506.67499999999995,-448.0,Increase,0,,Week4_v2,Australia/Sydney (assumption; confirm with AEMO metadata)
2025-08-05 09:00:00,1592.569,1.0,8738,0,0,2025-08-05 00:00:00,10.6,22.6,1.0,6.7,96.0,3.0,40.0,3.0,13.2,2025,8,August,Q3,Tuesday,0,9,0,09:00,Winter,1033.473,9442.0,526.798,9890.0,15.072,9516.0,559.096,-704.0,Increase,0,,Week4_v2,Australia/Sydney (assumption; confirm with AEMO metadata)
2025-08-05 09:30:00,2129.872,1.0,8211,0,0,2025-08-05 00:00:00,10.6,22.6,1.0,6.7,96.0,3.0,40.0,3.0,13.2,2025,8,August,Q3,Tuesday,0,9,30,09:30,Winter,1592.569,8738.0,1033.473,9442.0,178.493,9956.0,537.3029999999999,-527.0,Increase,0,,Week4_v2,Australia/Sydney (assumption; confirm with AEMO metadata)
2025-08-05 10:00:00,2660.875,1.0,7599,0,0,2025-08-05 00:00:00,10.6,22.6,1.0,6.7,96.0,3.0,40.0,3.0,13.2,2025,8,August,Q3,Tuesday,0,10,0,10:00,Winter,2129.872,8211.0,1592.569,8738.0,526.798,9890.0,531.0030000000002,-612.0,Increase,0,,Week4_v2,Australia/Sydney (assumption; confirm with AEMO metadata)
2025-08-05 10:30:00,3218.737,1.0,6988,0,0,2025-08-05 00:00:00,10.6,22.6,1.0,6.7,96.0,3.0,40.0,3.0,13.2,2025,8,August,Q3,Tuesday,0,10,30,10:30,Winter,2660.875,7599.0,2129.872,8211.0,1033.473,9442.0,557.8620000000001,-611.0,Increase,0,,Week4_v2,Australia/Sydney (assumption; confirm with AEMO metadata)
2025-08-05 11:00:00,3630.057,1.0,6604,0,0,2025-08-05 00:00:00,10.6,22.6,1.0,6.7,96.0,3.0,40.0,3.0,13.2,2025,8,August,Q3,Tuesday,0,11,0,11:00,Winter,3218.737,6988.0,2660.875,7599.0,1592.569,8738.0,411.3199999999997,-384.0,Increase,0,,Week4_v2,Australia/Sydney (assumption; confirm with AEMO metadata)
2025-08-05 11:30:00,3874.498,1.0,6115,0,0,2025-08-05 00:00:00,10.6,22.6,1.0,6.7,96.0,3.0,40.0,3.0,13.2,2025,8,August,Q3,Tuesday,0,11,30,11:30,Winter,3630.057,6604.0,3218.737,6988.0,2129.872,8211.0,244.44100000000026,-489.0,Increase,0,,Week4_v2,Australia/Sydney (assumption; confirm with AEMO metadata)
2025-08-05 12:00:00,3974.632,1.0,5844,0,0,2025-08-05 00:00:00,10.6,22.6,1.0,6.7,96.0,3.0,40.0,3.0,13.2,2025,8,August,Q3,Tuesday,0,12,0,12:00,Winter,3874.498,6115.0,3630.057,6604.0,2660.875,7599.0,100.13400000000001,-271.0,Increase,0,,Week4_v2,Australia/Sydney (assumption; confirm with AEMO metadata)
2025-08-05 12:30:00,3918.813,1.0,5688,0,0,2025-08-05 00:00:00,10.6,22.6,1.0,6.7,96.0,3.0,40.0,3.0,13.2,2025,8,August,Q3,Tuesday,0,12,30,12:30,Winter,3974.632,5844.0,3874.498,6115.0,3218.737,6988.0,-55.81899999999996,-156.0,Decrease,0,,Week4_v2,Australia/Sydney (assumption; confirm with AEMO metadata)
2025-08-05 13:00:00,3833.059,1.0,5666,0,0,2025-08-05 00:00:00,10.6,22.6,1.0,6.7,96.0,3.0,40.0,3.0,13.2,2025,8,August,Q3,Tuesday,0,13,0,13:00,Winter,3918.813,5688.0,3974.632,5844.0,3630.057,6604.0,-85.7539999999999,-22.0,Decrease,0,,Week4_v2,Australia/Sydney (assumption; confirm with AEMO metadata)
2025-08-05 13:30:00,3628.76,1.0,5702,0,0,2025-08-05 00:00:00,10.6,22.6,1.0,6.7,96.0,3.0,40.0,3.0,13.2,2025,8,August,Q3,Tuesday,0,13,30,13:30,Winter,3833.059,5666.0,3918.813,5688.0,3874.498,6115.0,-204.29899999999998,36.0,Decrease,0,,Week4_v2,Australia/Sydney (assumption; confirm with AEMO metadata)
2025-08-05 14:00:00,3254.979,1.0,5866,0,0,2025-08-05 00:00:00,10.6,22.6,1.0,6.7,96.0,3.0,40.0,3.0,13.2,2025,8,August,Q3,Tuesday,0,14,0,14:00,Winter,3628.76,5702.0,3833.059,5666.0,3974.632,5844.0,-373.7810000000004,164.0,Decrease,0,,Week4_v2,Australia/Sydney (assumption; confirm with AEMO metadata)
2025-08-05 14:30:00,2700.234,1.0,6148,0,0,2025-08-05 00:00:00,10.6,22.6,1.0,6.7,96.0,3.0,40.0,3.0,13.2,2025,8,August,Q3,Tuesday,0,14,30,14:30,Winter,3254.979,5866.0,3628.76,5702.0,3918.813,5688.0,-554.7449999999999,282.0,Decrease,0,,Week4_v2,Australia/Sydney (assumption; confirm with AEMO metadata)
2025-08-05 15:00:00,2266.614,1.0,6521,0,0,2025-08-05 00:00:00,10.6,22.6,1.0,6.7,96.0,3.0,40.0,3.0,13.2,2025,8,August,Q3,Tuesday,0,15,0,15:00,Winter,2700.234,6148.0,3254.979,5866.0,3833.059,5666.0,-433.6199999999999,373.0,Decrease,0,,Week4_v2,Australia/Sydney (assumption; confirm with AEMO metadata)
2025-08-05 15:30:00,1750.688,1.0,7046,0,0,2025-08-05 00:00:00,10.6,22.6,1.0,6.7,96.0,3.0,40.0,3.0,13.2,2025,8,August,Q3,Tuesday,0,15,30,15:30,Winter,2266.614,6521.0,2700.234,6148.0,3628.76,5702.0,-515.9259999999999,525.0,Decrease,0,,Week4_v2,Australia/Sydney (assumption; confirm with AEMO metadata)
2025-08-05 16:00:00,1187.472,1.0,7627,0,0,2025-08-05 00:00:00,10.6,22.6,1.0,6.7,96.0,3.0,40.0,3.0,13.2,2025,8,August,Q3,Tuesday,0,16,0,16:00,Winter,1750.688,7046.0,2266.614,6521.0,3254.979,5866.0,-563.2160000000001,581.0,Decrease,0,,Week4_v2,Australia/Sydney (assumption; confirm with AEMO metadata)
2025-08-05 16:30:00,693.649,1.0,8162,0,0,2025-08-05 00:00:00,10.6,22.6,1.0,6.7,96.0,3.0,40.0,3.0,13.2,2025,8,August,Q3,Tuesday,0,16,30,16:30,Winter,1187.472,7627.0,1750.688,7046.0,2700.234,6148.0,-493.823,535.0,Decrease,0,,Week4_v2,Australia/Sydney (assumption; confirm with AEMO metadata)
2025-08-05 17:00:00,250.641,1.0,8801,0,0,2025-08-05 00:00:00,10.6,22.6,1.0,6.7,96.0,3.0,40.0,3.0,13.2,2025,8,August,Q3,Tuesday,0,17,0,17:00,Winter,693.649,8162.0,1187.472,7627.0,2266.614,6521.0,-443.00800000000004,639.0,Decrease,0,,Week4_v2,Australia/Sydney (assumption; confirm with AEMO metadata)
2025-08-05 17:30:00,28.872,1.0,9355,0,0,2025-08-05 00:00:00,10.6,22.6,1.0,6.7,96.0,3.0,40.0,3.0,13.2,2025,8,August,Q3,Tuesday,0,17,30,17:30,Winter,250.641,8801.0,693.649,8162.0,1750.688,7046.0,-221.769,554.0,Decrease,0,,Week4_v2,Australia/Sydney (assumption; confirm with AEMO metadata)
2025-08-05 18:00:00,0.0,1.0,9988,0,0,2025-08-05 00:00:00,10.6,22.6,1.0,6.7,96.0,3.0,40.0,3.0,13.2,2025,8,August,Q3,Tuesday,0,18,0,18:00,Winter,28.872,9355.0,250.641,8801.0,1187.472,7627.0,-28.872,633.0,Decrease,0,,Week4_v2,Australia/Sydney (assumption; confirm with AEMO metadata)
2025-08-05 18:30:00,0.0,1.0,10225,0,0,2025-08-05 00:00:00,10.6,22.6,1.0,6.7,96.0,3.0,40.0,3.0,13.2,2025,8,August,Q3,Tuesday,0,18,30,18:30,Winter,0.0,9988.0,28.872,9355.0,693.649,8162.0,0.0,237.0,No change,0,,Week4_v2,Australia/Sydney (assumption; confirm with AEMO metadata)
2025-08-05 19:00:00,0.0,1.0,10244,0,0,2025-08-05 00:00:00,10.6,22.6,1.0,6.7,96.0,3.0,40.0,3.0,13.2,2025,8,August,Q3,Tuesday,0,19,0,19:00,Winter,0.0,10225.0,0.0,9988.0,250.641,8801.0,0.0,19.0,No change,0,,Week4_v2,Australia/Sydney (assumption; confirm with AEMO metadata)
2025-08-05 19:30:00,0.0,1.0,10118,0,0,2025-08-05 00:00:00,10.6,22.6,1.0,6.7,96.0,3.0,40.0,3.0,13.2,2025,8,August,Q3,Tuesday,0,19,30,19:30,Winter,0.0,10244.0,0.0,10225.0,28.872,9355.0,0.0,-126.0,No change,0,,Week4_v2,Australia/Sydney (assumption; confirm with AEMO metadata)
2025-08-05 20:00:00,0.0,1.0,9988,0,0,2025-08-05 00:00:00,10.6,22.6,1.0,6.7,96.0,3.0,40.0,3.0,13.2,2025,8,August,Q3,Tuesday,0,20,0,20:00,Winter,0.0,10118.0,0.0,10244.0,0.0,9988.0,0.0,-130.0,No change,0,,Week4_v2,Australia/Sydney (assumption; confirm with AEMO metadata)
2025-08-05 20:30:00,0.0,1.0,9842,0,0,2025-08-05 00:00:00,10.6,22.6,1.0,6.7,96.0,3.0,40.0,3.0,13.2,2025,8,August,Q3,Tuesday,0,20,30,20:30,Winter,0.0,9988.0,0.0,10118.0,0.0,10225.0,0.0,-146.0,No change,0,,Week4_v2,Australia/Sydney (assumption; confirm with AEMO metadata)
2025-08-05 21:00:00,0.0,1.0,9665,0,0,2025-08-05 00:00:00,10.6,22.6,1.0,6.7,96.0,3.0,40.0,3.0,13.2,2025,8,August,Q3,Tuesday,0,21,0,21:00,Winter,0.0,9842.0,0.0,9988.0,0.0,10244.0,0.0,-177.0,No change,0,,Week4_v2,Australia/Sydney (assumption; confirm with AEMO metadata)
2025-08-05 21:30:00,0.0,1.0,9411,0,0,2025-08-05 00:00:00,10.6,22.6,1.0,6.7,96.0,3.0,40.0,3.0,13.2,2025,8,August,Q3,Tuesday,0,21,30,21:30,Winter,0.0,9665.0,0.0,9842.0,0.0,10118.0,0.0,-254.0,No change,0,,Week4_v2,Australia/Sydney (assumption; confirm with AEMO metadata)
2025-08-05 22:00:00,0.0,1.0,9090,0,0,2025-08-05 00:00:00,10.6,22.6,1.0,6.7,96.0,3.0,40.0,3.0,13.2,2025,8,August,Q3,Tuesday,0,22,0,22:00,Winter,0.0,9411.0,0.0,9665.0,0.0,9988.0,0.0,-321.0,No change,0,,Week4_v2,Australia/Sydney (assumption; confirm with AEMO metadata)
2025-08-05 22:30:00,0.0,1.0,8889,0,0,2025-08-05 00:00:00,10.6,22.6,1.0,6.7,96.0,3.0,40.0,3.0,13.2,2025,8,August,Q3,Tuesday,0,22,30,22:30,Winter,0.0,9090.0,0.0,9411.0,0.0,9842.0,0.0,-201.0,No change,0,,Week4_v2,Australia/Sydney (assumption; confirm with AEMO metadata)
2025-08-05 23:00:00,0.0,1.0,8641,0,0,2025-08-05 00:00:00,10.6,22.6,1.0,6.7,96.0,3.0,40.0,3.0,13.2,2025,8,August,Q3,Tuesday,0,23,0,23:00,Winter,0.0,8889.0,0.0,9090.0,0.0,9665.0,0.0,-248.0,No change,0,,Week4_v2,Australia/Sydney (assumption; confirm with AEMO metadata)
2025-08-05 23:30:00,0.0,1.0,8418,0,0,2025-08-05 00:00:00,10.6,22.6,1.0,6.7,96.0,3.0,40.0,3.0,13.2,2025,8,August,Q3,Tuesday,0,23,30,23:30,Winter,0.0,8641.0,0.0,8889.0,0.0,9411.0,0.0,-223.0,No change,0,,Week4_v2,Australia/Sydney (assumption; confirm with AEMO metadata)
2025-08-06 00:00:00,0.0,1.0,8221,0,0,2025-08-06 00:00:00,9.9,19.2,0.0,9.6,55.0,2.0,33.0,1.0,13.8,2025,8,August,Q3,Wednesday,0,0,0,00:00,Winter,0.0,8418.0,0.0,8641.0,0.0,9090.0,0.0,-197.0,No change,0,,Week4_v2,Australia/Sydney (assumption; confirm with AEMO metadata)
2025-08-06 00:30:00,0.0,1.0,8066,0,0,2025-08-06 00:00:00,9.9,19.2,0.0,9.6,55.0,2.0,33.0,1.0,13.8,2025,8,August,Q3,Wednesday,0,0,30,00:30,Winter,0.0,8221.0,0.0,8418.0,0.0,8889.0,0.0,-155.0,No change,0,,Week4_v2,Australia/Sydney (assumption; confirm with AEMO metadata)
2025-08-06 01:00:00,0.0,1.0,7928,0,0,2025-08-06 00:00:00,9.9,19.2,0.0,9.6,55.0,2.0,33.0,1.0,13.8,2025,8,August,Q3,Wednesday,0,1,0,01:00,Winter,0.0,8066.0,0.0,8221.0,0.0,8641.0,0.0,-138.0,No change,0,,Week4_v2,Australia/Sydney (assumption; confirm with AEMO metadata)
2025-08-06 01:30:00,0.0,1.0,7770,0,0,2025-08-06 00:00:00,9.9,19.2,0.0,9.6,55.0,2.0,33.0,1.0,13.8,2025,8,August,Q3,Wednesday,0,1,30,01:30,Winter,0.0,7928.0,0.0,8066.0,0.0,8418.0,0.0,-158.0,No change,0,,Week4_v2,Australia/Sydney (assumption; confirm with AEMO metadata)
2025-08-06 02:00:00,0.0,1.0,7657,0,0,2025-08-06 00:00:00,9.9,19.2,0.0,9.6,55.0,2.0,33.0,1.0,13.8,2025,8,August,Q3,Wednesday,0,2,0,02:00,Winter,0.0,7770.0,0.0,7928.0,0.0,8221.0,0.0,-113.0,No change,0,,Week4_v2,Australia/Sydney (assumption; confirm with AEMO metadata)
2025-08-06 02:30:00,0.0,1.0,7462,0,0,2025-08-06 00:00:00,9.9,19.2,0.0,9.6,55.0,2.0,33.0,1.0,13.8,2025,8,August,Q3,Wednesday,0,2,30,02:30,Winter,0.0,7657.0,0.0,7770.0,0.0,8066.0,0.0,-195.0,No change,0,,Week4_v2,Australia/Sydney (assumption; confirm with AEMO metadata)
2025-08-06 03:00:00,0.0,1.0,7303,0,0,2025-08-06 00:00:00,9.9,19.2,0.0,9.6,55.0,2.0,33.0,1.0,13.8,2025,8,August,Q3,Wednesday,0,3,0,03:00,Winter,0.0,7462.0,0.0,7657.0,0.0,7928.0,0.0,-159.0,No change,0,,Week4_v2,Australia/Sydney (assumption; confirm with AEMO metadata)
2025-08-06 03:30:00,0.0,1.0,7255,0,0,2025-08-06 00:00:00,9.9,19.2,0.0,9.6,55.0,2.0,33.0,1.0,13.8,2025,8,August,Q3,Wednesday,0,3,30,03:30,Winter,0.0,7303.0,0.0,7462.0,0.0,7770.0,0.0,-48.0,No change,0,,Week4_v2,Australia/Sydney (assumption; confirm with AEMO metadata)
2025-08-06 04:00:00,0.0,1.0,7386,0,0,2025-08-06 00:00:00,9.9,19.2,0.0,9.6,55.0,2.0,33.0,1.0,13.8,2025,8,August,Q3,Wednesday,0,4,0,04:00,Winter,0.0,7255.0,0.0,7303.0,0.0,7657.0,0.0,131.0,No change,0,,Week4_v2,Australia/Sydney (assumption; confirm with AEMO metadata)
2025-08-06 04:30:00,0.0,1.0,7339,0,0,2025-08-06 00:00:00,9.9,19.2,0.0,9.6,55.0,2.0,33.0,1.0,13.8,2025,8,August,Q3,Wednesday,0,4,30,04:30,Winter,0.0,7386.0,0.0,7255.0,0.0,7462.0,0.0,-47.0,No change,0,,Week4_v2,Australia/Sydney (assumption; confirm with AEMO metadata)
2025-08-06 05:00:00,0.0,1.0,7407,0,0,2025-08-06 00:00:00,9.9,19.2,0.0,9.6,55.0,2.0,33.0,1.0,13.8,2025,8,August,Q3,Wednesday,0,5,0,05:00,Winter,0.0,7339.0,0.0,7386.0,0.0,7303.0,0.0,68.0,No change,0,,Week4_v2,Australia/Sydney (assumption; confirm with AEMO metadata)
2025-08-06 05:30:00,0.0,1.0,7765,0,0,2025-08-06 00:00:00,9.9,19.2,0.0,9.6,55.0,2.0,33.0,1.0,13.8,2025,8,August,Q3,Wednesday,0,5,30,05:30,Winter,0.0,7407.0,0.0,7339.0,0.0,7255.0,0.0,358.0,No change,0,,Week4_v2,Australia/Sydney (assumption; confirm with AEMO metadata)
2025-08-06 06:00:00,0.0,1.0,8158,0,0,2025-08-06 00:00:00,9.9,19.2,0.0,9.6,55.0,2.0,33.0,1.0,13.8,2025,8,August,Q3,Wednesday,0,6,0,06:00,Winter,0.0,7765.0,0.0,7407.0,0.0,7386.0,0.0,393.0,No change,0,,Week4_v2,Australia/Sydney (assumption; confirm with AEMO metadata)
2025-08-06 06:30:00,0.0,1.0,8905,0,0,2025-08-06 00:00:00,9.9,19.2,0.0,9.6,55.0,2.0,33.0,1.0,13.8,2025,8,August,Q3,Wednesday,0,6,30,06:30,Winter,0.0,8158.0,0.0,7765.0,0.0,7339.0,0.0,747.0,No change,0,,Week4_v2,Australia/Sydney (assumption; confirm with AEMO metadata)
2025-08-06 07:00:00,23.282,1.0,9643,0,0,2025-08-06 00:00:00,9.9,19.2,0.0,9.6,55.0,2.0,33.0,1.0,13.8,2025,8,August,Q3,Wednesday,0,7,0,07:00,Winter,0.0,8905.0,0.0,8158.0,0.0,7407.0,23.282,738.0,Increase,0,,Week4_v2,Australia/Sydney (assumption; confirm with AEMO metadata)
2025-08-06 07:30:00,253.344,1.0,10000,0,0,2025-08-06 00:00:00,9.9,19.2,0.0,9.6,55.0,2.0,33.0,1.0,13.8,2025,8,August,Q3,Wednesday,0,7,30,07:30,Winter,23.282,9643.0,0.0,8905.0,0.0,7765.0,230.06199999999998,357.0,Increase,0,,Week4_v2,Australia/Sydney (assumption; confirm with AEMO metadata)
2025-08-06 08:00:00,710.688,1.0,9882,0,0,2025-08-06 00:00:00,9.9,19.2,0.0,9.6,55.0,2.0,33.0,1.0,13.8,2025,8,August,Q3,Wednesday,0,8,0,08:00,Winter,253.344,10000.0,23.282,9643.0,0.0,8158.0,457.344,-118.0,Increase,0,,Week4_v2,Australia/Sydney (assumption; confirm with AEMO metadata)
2025-08-06 08:30:00,1292.33,1.0,9331,0,0,2025-08-06 00:00:00,9.9,19.2,0.0,9.6,55.0,2.0,33.0,1.0,13.8,2025,8,August,Q3,Wednesday,0,8,30,08:30,Winter,710.688,9882.0,253.344,10000.0,0.0,8905.0,581.6419999999999,-551.0,Increase,0,,Week4_v2,Australia/Sydney (assumption; confirm with AEMO metadata)
2025-08-06 09:00:00,1959.247,1.0,8508,0,0,2025-08-06 00:00:00,9.9,19.2,0.0,9.6,55.0,2.0,33.0,1.0,13.8,2025,8,August,Q3,Wednesday,0,9,0,09:00,Winter,1292.33,9331.0,710.688,9882.0,23.282,9643.0,666.9170000000001,-823.0,Increase,0,,Week4_v2,Australia/Sydney (assumption; confirm with AEMO metadata)
2025-08-06 09:30:00,2588.519,1.0,7745,0,0,2025-08-06 00:00:00,9.9,19.2,0.0,9.6,55.0,2.0,33.0,1.0,13.8,2025,8,August,Q3,Wednesday,0,9,30,09:30,Winter,1959.247,8508.0,1292.33,9331.0,253.344,10000.0,629.2719999999997,-763.0,Increase,0,,Week4_v2,Australia/Sydney (assumption; confirm with AEMO metadata)
2025-08-06 10:00:00,3142.819,1.0,7074,0,0,2025-08-06 00:00:00,9.9,19.2,0.0,9.6,55.0,2.0,33.0,1.0,13.8,2025,8,August,Q3,Wednesday,0,10,0,10:00,Winter,2588.519,7745.0,1959.247,8508.0,710.688,9882.0,554.3000000000002,-671.0,Increase,0,,Week4_v2,Australia/Sydney (assumption; confirm with AEMO metadata)
2025-08-06 10:30:00,3561.9,1.0,6571,0,0,2025-08-06 00:00:00,9.9,19.2,0.0,9.6,55.0,2.0,33.0,1.0,13.8,2025,8,August,Q3,Wednesday,0,10,30,10:30,Winter,3142.819,7074.0,2588.519,7745.0,1292.33,9331.0,419.08100000000013,-503.0,Increase,0,,Week4_v2,Australia/Sydney (assumption; confirm with AEMO metadata)
2025-08-06 11:00:00,3849.918,1.0,6263,0,0,2025-08-06 00:00:00,9.9,19.2,0.0,9.6,55.0,2.0,33.0,1.0,13.8,2025,8,August,Q3,Wednesday,0,11,0,11:00,Winter,3561.9,6571.0,3142.819,7074.0,1959.247,8508.0,288.01800000000003,-308.0,Increase,0,,Week4_v2,Australia/Sydney (assumption; confirm with AEMO metadata)
2025-08-06 11:30:00,4064.835,1.0,5953,0,0,2025-08-06 00:00:00,9.9,19.2,0.0,9.6,55.0,2.0,33.0,1.0,13.8,2025,8,August,Q3,Wednesday,0,11,30,11:30,Winter,3849.918,6263.0,3561.9,6571.0,2588.519,7745.0,214.91699999999992,-310.0,Increase,0,,Week4_v2,Australia/Sydney (assumption; confirm with AEMO metadata)
2025-08-06 12:00:00,4162.195,1.0,5741,0,0,2025-08-06 00:00:00,9.9,19.2,0.0,9.6,55.0,2.0,33.0,1.0,13.8,2025,8,August,Q3,Wednesday,0,12,0,12:00,Winter,4064.835,5953.0,3849.918,6263.0,3142.819,7074.0,97.35999999999967,-212.0,Increase,0,,Week4_v2,Australia/Sydney (assumption; confirm with AEMO metadata)
2025-08-06 12:30:00,4152.309,1.0,5561,0,0,2025-08-06 00:00:00,9.9,19.2,0.0,9.6,55.0,2.0,33.0,1.0,13.8,2025,8,August,Q3,Wednesday,0,12,30,12:30,Winter,4162.195,5741.0,4064.835,5953.0,3561.9,6571.0,-9.885999999999513,-180.0,Decrease,0,,Week4_v2,Australia/Sydney (assumption; confirm with AEMO metadata)
2025-08-06 13:00:00,4010.951,1.0,5489,0,0,2025-08-06 00:00:00,9.9,19.2,0.0,9.6,55.0,2.0,33.0,1.0,13.8,2025,8,August,Q3,Wednesday,0,13,0,13:00,Winter,4152.309,5561.0,4162.195,5741.0,3849.918,6263.0,-141.35800000000017,-72.0,Decrease,0,,Week4_v2,Australia/Sydney (assumption; confirm with AEMO metadata)
2025-08-06 13:30:00,3805.779,1.0,5546,0,0,2025-08-06 00:00:00,9.9,19.2,0.0,9.6,55.0,2.0,33.0,1.0,13.8,2025,8,August,Q3,Wednesday,0,13,30,13:30,Winter,4010.951,5489.0,4152.309,5561.0,4064.835,5953.0,-205.17200000000003,57.0,Decrease,0,,Week4_v2,Australia/Sydney (assumption; confirm with AEMO metadata)
2025-08-06 14:00:00,3466.389,1.0,5691,0,0,2025-08-06 00:00:00,9.9,19.2,0.0,9.6,55.0,2.0,33.0,1.0,13.8,2025,8,August,Q3,Wednesday,0,14,0,14:00,Winter,3805.779,5546.0,4010.951,5489.0,4162.195,5741.0,-339.3899999999999,145.0,Decrease,0,,Week4_v2,Australia/Sydney (assumption; confirm with AEMO metadata)
2025-08-06 14:30:00,3067.244,1.0,5932,0,0,2025-08-06 00:00:00,9.9,19.2,0.0,9.6,55.0,2.0,33.0,1.0,13.8,2025,8,August,Q3,Wednesday,0,14,30,14:30,Winter,3466.389,5691.0,3805.779,5546.0,4152.309,5561.0,-399.145,241.0,Decrease,0,,Week4_v2,Australia/Sydney (assumption; confirm with AEMO metadata)
2025-08-06 15:00:00,2571.656,1.0,6313,0,0,2025-08-06 00:00:00,9.9,19.2,0.0,9.6,55.0,2.0,33.0,1.0,13.8,2025,8,August,Q3,Wednesday,0,15,0,15:00,Winter,3067.244,5932.0,3466.389,5691.0,4010.951,5489.0,-495.5880000000002,381.0,Decrease,0,,Week4_v2,Australia/Sydney (assumption; confirm with AEMO metadata)
2025-08-06 15:30:00,2030.645,1.0,6839,0,0,2025-08-06 00:00:00,9.9,19.2,0.0,9.6,55.0,2.0,33.0,1.0,13.8,2025,8,August,Q3,Wednesday,0,15,30,15:30,Winter,2571.656,6313.0,3067.244,5932.0,3805.779,5546.0,-541.011,526.0,Decrease,0,,Week4_v2,Australia/Sydney (assumption; confirm with AEMO metadata)
2025-08-06 16:00:00,1400.435,1.0,7512,0,0,2025-08-06 00:00:00,9.9,19.2,0.0,9.6,55.0,2.0,33.0,1.0,13.8,2025,8,August,Q3,Wednesday,0,16,0,16:00,Winter,2030.645,6839.0,2571.656,6313.0,3466.389,5691.0,-630.21,673.0,Decrease,0,,Week4_v2,Australia/Sydney (assumption; confirm with AEMO metadata)
2025-08-06 16:30:00,761.599,1.0,8220,0,0,2025-08-06 00:00:00,9.9,19.2,0.0,9.6,55.0,2.0,33.0,1.0,13.8,2025,8,August,Q3,Wednesday,0,16,30,16:30,Winter,1400.435,7512.0,2030.645,6839.0,3067.244,5932.0,-638.8359999999999,708.0,Decrease,0,,Week4_v2,Australia/Sydney (assumption; confirm with AEMO metadata)
2025-08-06 17:00:00,274.057,1.0,8997,0,0,2025-08-06 00:00:00,9.9,19.2,0.0,9.6,55.0,2.0,33.0,1.0,13.8,2025,8,August,Q3,Wednesday,0,17,0,17:00,Winter,761.599,8220.0,1400.435,7512.0,2571.656,6313.0,-487.54200000000003,777.0,Decrease,0,,Week4_v2,Australia/Sydney (assumption; confirm with AEMO metadata)
2025-08-06 17:30:00,31.45,1.0,9652,0,0,2025-08-06 00:00:00,9.9,19.2,0.0,9.6,55.0,2.0,33.0,1.0,13.8,2025,8,August,Q3,Wednesday,0,17,30,17:30,Winter,274.057,8997.0,761.599,8220.0,2030.645,6839.0,-242.60700000000003,655.0,Decrease,0,,Week4_v2,Australia/Sydney (assumption; confirm with AEMO metadata)
2025-08-06 18:00:00,0.0,1.0,10389,0,0,2025-08-06 00:00:00,9.9,19.2,0.0,9.6,55.0,2.0,33.0,1.0,13.8,2025,8,August,Q3,Wednesday,0,18,0,18:00,Winter,31.45,9652.0,274.057,8997.0,1400.435,7512.0,-31.45,737.0,Decrease,0,,Week4_v2,Australia/Sydney (assumption; confirm with AEMO metadata)
2025-08-06 18:30:00,0.0,1.0,10675,0,0,2025-08-06 00:00:00,9.9,19.2,0.0,9.6,55.0,2.0,33.0,1.0,13.8,2025,8,August,Q3,Wednesday,0,18,30,18:30,Winter,0.0,10389.0,31.45,9652.0,761.599,8220.0,0.0,286.0,No change,0,,Week4_v2,Australia/Sydney (assumption; confirm with AEMO metadata)
2025-08-06 19:00:00,0.0,1.0,10742,0,0,2025-08-06 00:00:00,9.9,19.2,0.0,9.6,55.0,2.0,33.0,1.0,13.8,2025,8,August,Q3,Wednesday,0,19,0,19:00,Winter,0.0,10675.0,0.0,10389.0,274.057,8997.0,0.0,67.0,No change,0,,Week4_v2,Australia/Sydney (assumption; confirm with AEMO metadata)
2025-08-06 19:30:00,0.0,1.0,10690,0,0,2025-08-06 00:00:00,9.9,19.2,0.0,9.6,55.0,2.0,33.0,1.0,13.8,2025,8,August,Q3,Wednesday,0,19,30,19:30,Winter,0.0,10742.0,0.0,10675.0,31.45,9652.0,0.0,-52.0,No change,0,,Week4_v2,Australia/Sydney (assumption; confirm with AEMO metadata)
2025-08-06 20:00:00,0.0,1.0,10596,0,0,2025-08-06 00:00:00,9.9,19.2,0.0,9.6,55.0,2.0,33.0,1.0,13.8,2025,8,August,Q3,Wednesday,0,20,0,20:00,Winter,0.0,10690.0,0.0,10742.0,0.0,10389.0,0.0,-94.0,No change,0,,Week4_v2,Australia/Sydney (assumption; confirm with AEMO metadata)
2025-08-06 20:30:00,0.0,1.0,10464,0,0,2025-08-06 00:00:00,9.9,19.2,0.0,9.6,55.0,2.0,33.0,1.0,13.8,2025,8,August,Q3,Wednesday,0,20,30,20:30,Winter,0.0,10596.0,0.0,10690.0,0.0,10675.0,0.0,-132.0,No change,0,,Week4_v2,Australia/Sydney (assumption; confirm with AEMO metadata)
2025-08-06 21:00:00,0.0,1.0,10256,0,0,2025-08-06 00:00:00,9.9,19.2,0.0,9.6,55.0,2.0,33.0,1.0,13.8,2025,8,August,Q3,Wednesday,0,21,0,21:00,Winter,0.0,10464.0,0.0,10596.0,0.0,10742.0,0.0,-208.0,No change,0,,Week4_v2,Australia/Sydney (assumption; confirm with AEMO metadata)
2025-08-06 21:30:00,0.0,1.0,9958,0,0,2025-08-06 00:00:00,9.9,19.2,0.0,9.6,55.0,2.0,33.0,1.0,13.8,2025,8,August,Q3,Wednesday,0,21,30,21:30,Winter,0.0,10256.0,0.0,10464.0,0.0,10690.0,0.0,-298.0,No change,0,,Week4_v2,Australia/Sydney (assumption; confirm with AEMO metadata)
2025-08-06 22:00:00,0.0,1.0,9597,0,0,2025-08-06 00:00:00,9.9,19.2,0.0,9.6,55.0,2.0,33.0,1.0,13.8,2025,8,August,Q3,Wednesday,0,22,0,22:00,Winter,0.0,9958.0,0.0,10256.0,0.0,10596.0,0.0,-361.0,No change,0,,Week4_v2,Australia/Sydney (assumption; confirm with AEMO metadata)
2025-08-06 22:30:00,0.0,1.0,9328,0,0,2025-08-06 00:00:00,9.9,19.2,0.0,9.6,55.0,2.0,33.0,1.0,13.8,2025,8,August,Q3,Wednesday,0,22,30,22:30,Winter,0.0,9597.0,0.0,9958.0,0.0,10464.0,0.0,-269.0,No change,0,,Week4_v2,Australia/Sydney (assumption; confirm with AEMO metadata)
2025-08-06 23:00:00,0.0,1.0,9057,0,0,2025-08-06 00:00:00,9.9,19.2,0.0,9.6,55.0,2.0,33.0,1.0,13.8,2025,8,August,Q3,Wednesday,0,23,0,23:00,Winter,0.0,9328.0,0.0,9597.0,0.0,10256.0,0.0,-271.0,No change,0,,Week4_v2,Australia/Sydney (assumption; confirm with AEMO metadata)
2025-08-06 23:30:00,0.0,1.0,8769,0,0,2025-08-06 00:00:00,9.9,19.2,0.0,9.6,55.0,2.0,33.0,1.0,13.8,2025,8,August,Q3,Wednesday,0,23,30,23:30,Winter,0.0,9057.0,0.0,9328.0,0.0,9958.0,0.0,-288.0,No change,0,,Week4_v2,Australia/Sydney (assumption; confirm with AEMO metadata)
2025-08-07 00:00:00,0.0,1.0,8580,0,0,2025-08-07 00:00:00,9.9,15.9,1.4,1.3,92.0,7.0,62.0,6.0,10.0,2025,8,August,Q3,Thursday,0,0,0,00:00,Winter,0.0,8769.0,0.0,9057.0,0.0,9597.0,0.0,-189.0,No change,0,,Week4_v2,Australia/Sydney (assumption; confirm with AEMO metadata)
2025-08-07 00:30:00,0.0,1.0,8409,0,0,2025-08-07 00:00:00,9.9,15.9,1.4,1.3,92.0,7.0,62.0,6.0,10.0,2025,8,August,Q3,Thursday,0,0,30,00:30,Winter,0.0,8580.0,0.0,8769.0,0.0,9328.0,0.0,-171.0,No change,0,,Week4_v2,Australia/Sydney (assumption; confirm with AEMO metadata)
2025-08-07 01:00:00,0.0,1.0,8259,0,0,2025-08-07 00:00:00,9.9,15.9,1.4,1.3,92.0,7.0,62.0,6.0,10.0,2025,8,August,Q3,Thursday,0,1,0,01:00,Winter,0.0,8409.0,0.0,8580.0,0.0,9057.0,0.0,-150.0,No change,0,,Week4_v2,Australia/Sydney (assumption; confirm with AEMO metadata)
2025-08-07 01:30:00,0.0,1.0,8073,0,0,2025-08-07 00:00:00,9.9,15.9,1.4,1.3,92.0,7.0,62.0,6.0,10.0,2025,8,August,Q3,Thursday,0,1,30,01:30,Winter,0.0,8259.0,0.0,8409.0,0.0,8769.0,0.0,-186.0,No change,0,,Week4_v2,Australia/Sydney (assumption; confirm with AEMO metadata)
2025-08-07 02:00:00,0.0,1.0,7882,0,0,2025-08-07 00:00:00,9.9,15.9,1.4,1.3,92.0,7.0,62.0,6.0,10.0,2025,8,August,Q3,Thursday,0,2,0,02:00,Winter,0.0,8073.0,0.0,8259.0,0.0,8580.0,0.0,-191.0,No change,0,,Week4_v2,Australia/Sydney (assumption; confirm with AEMO metadata)
2025-08-07 02:30:00,0.0,1.0,7697,0,0,2025-08-07 00:00:00,9.9,15.9,1.4,1.3,92.0,7.0,62.0,6.0,10.0,2025,8,August,Q3,Thursday,0,2,30,02:30,Winter,0.0,7882.0,0.0,8073.0,0.0,8409.0,0.0,-185.0,No change,0,,Week4_v2,Australia/Sydney (assumption; confirm with AEMO metadata)
2025-08-07 03:00:00,0.0,1.0,7559,0,0,2025-08-07 00:00:00,9.9,15.9,1.4,1.3,92.0,7.0,62.0,6.0,10.0,2025,8,August,Q3,Thursday,0,3,0,03:00,Winter,0.0,7697.0,0.0,7882.0,0.0,8259.0,0.0,-138.0,No change,0,,Week4_v2,Australia/Sydney (assumption; confirm with AEMO metadata)
2025-08-07 03:30:00,0.0,1.0,7535,0,0,2025-08-07 00:00:00,9.9,15.9,1.4,1.3,92.0,7.0,62.0,6.0,10.0,2025,8,August,Q3,Thursday,0,3,30,03:30,Winter,0.0,7559.0,0.0,7697.0,0.0,8073.0,0.0,-24.0,No change,0,,Week4_v2,Australia/Sydney (assumption; confirm with AEMO metadata)
2025-08-07 04:00:00,0.0,1.0,7639,0,0,2025-08-07 00:00:00,9.9,15.9,1.4,1.3,92.0,7.0,62.0,6.0,10.0,2025,8,August,Q3,Thursday,0,4,0,04:00,Winter,0.0,7535.0,0.0,7559.0,0.0,7882.0,0.0,104.0,No change,0,,Week4_v2,Australia/Sydney (assumption; confirm with AEMO metadata)
2025-08-07 04:30:00,0.0,1.0,7780,0,0,2025-08-07 00:00:00,9.9,15.9,1.4,1.3,92.0,7.0,62.0,6.0,10.0,2025,8,August,Q3,Thursday,0,4,30,04:30,Winter,0.0,7639.0,0.0,7535.0,0.0,7697.0,0.0,141.0,No change,0,,Week4_v2,Australia/Sydney (assumption; confirm with AEMO metadata)
2025-08-07 05:00:00,0.0,1.0,7768,0,0,2025-08-07 00:00:00,9.9,15.9,1.4,1.3,92.0,7.0,62.0,6.0,10.0,2025,8,August,Q3,Thursday,0,5,0,05:00,Winter,0.0,7780.0,0.0,7639.0,0.0,7559.0,0.0,-12.0,No change,0,,Week4_v2,Australia/Sydney (assumption; confirm with AEMO metadata)
2025-08-07 05:30:00,0.0,1.0,8040,0,0,2025-08-07 00:00:00,9.9,15.9,1.4,1.3,92.0,7.0,62.0,6.0,10.0,2025,8,August,Q3,Thursday,0,5,30,05:30,Winter,0.0,7768.0,0.0,7780.0,0.0,7535.0,0.0,272.0,No change,0,,Week4_v2,Australia/Sydney (assumption; confirm with AEMO metadata)
2025-08-07 06:00:00,0.0,1.0,8363,0,0,2025-08-07 00:00:00,9.9,15.9,1.4,1.3,92.0,7.0,62.0,6.0,10.0,2025,8,August,Q3,Thursday,0,6,0,06:00,Winter,0.0,8040.0,0.0,7768.0,0.0,7639.0,0.0,323.0,No change,0,,Week4_v2,Australia/Sydney (assumption; confirm with AEMO metadata)
2025-08-07 06:30:00,0.0,1.0,9115,0,0,2025-08-07 00:00:00,9.9,15.9,1.4,1.3,92.0,7.0,62.0,6.0,10.0,2025,8,August,Q3,Thursday,0,6,30,06:30,Winter,0.0,8363.0,0.0,8040.0,0.0,7780.0,0.0,752.0,No change,0,,Week4_v2,Australia/Sydney (assumption; confirm with AEMO metadata)
2025-08-07 07:00:00,13.223,1.0,9830,0,0,2025-08-07 00:00:00,9.9,15.9,1.4,1.3,92.0,7.0,62.0,6.0,10.0,2025,8,August,Q3,Thursday,0,7,0,07:00,Winter,0.0,9115.0,0.0,8363.0,0.0,7768.0,13.223,715.0,Increase,0,,Week4_v2,Australia/Sydney (assumption; confirm with AEMO metadata)
2025-08-07 07:30:00,138.347,1.0,10381,0,0,2025-08-07 00:00:00,9.9,15.9,1.4,1.3,92.0,7.0,62.0,6.0,10.0,2025,8,August,Q3,Thursday,0,7,30,07:30,Winter,13.223,9830.0,0.0,9115.0,0.0,8040.0,125.12400000000001,551.0,Increase,0,,Week4_v2,Australia/Sydney (assumption; confirm with AEMO metadata)
2025-08-07 08:00:00,398.755,1.0,10586,0,0,2025-08-07 00:00:00,9.9,15.9,1.4,1.3,92.0,7.0,62.0,6.0,10.0,2025,8,August,Q3,Thursday,0,8,0,08:00,Winter,138.347,10381.0,13.223,9830.0,0.0,8363.0,260.408,205.0,Increase,0,,Week4_v2,Australia/Sydney (assumption; confirm with AEMO metadata)
2025-08-07 08:30:00,723.084,1.0,10453,0,0,2025-08-07 00:00:00,9.9,15.9,1.4,1.3,92.0,7.0,62.0,6.0,10.0,2025,8,August,Q3,Thursday,0,8,30,08:30,Winter,398.755,10586.0,138.347,10381.0,0.0,9115.0,324.32899999999995,-133.0,Increase,0,,Week4_v2,Australia/Sydney (assumption; confirm with AEMO metadata)
2025-08-07 09:00:00,1112.159,1.0,9930,0,0,2025-08-07 00:00:00,9.9,15.9,1.4,1.3,92.0,7.0,62.0,6.0,10.0,2025,8,August,Q3,Thursday,0,9,0,09:00,Winter,723.084,10453.0,398.755,10586.0,13.223,9830.0,389.07500000000016,-523.0,Increase,0,,Week4_v2,Australia/Sydney (assumption; confirm with AEMO metadata)
2025-08-07 09:30:00,1535.529,1.0,9565,0,0,2025-08-07 00:00:00,9.9,15.9,1.4,1.3,92.0,7.0,62.0,6.0,10.0,2025,8,August,Q3,Thursday,0,9,30,09:30,Winter,1112.159,9930.0,723.084,10453.0,138.347,10381.0,423.3699999999999,-365.0,Increase,0,,Week4_v2,Australia/Sydney (assumption; confirm with AEMO metadata)
2025-08-07 10:00:00,2005.688,1.0,8882,0,0,2025-08-07 00:00:00,9.9,15.9,1.4,1.3,92.0,7.0,62.0,6.0,10.0,2025,8,August,Q3,Thursday,0,10,0,10:00,Winter,1535.529,9565.0,1112.159,9930.0,398.755,10586.0,470.1590000000001,-683.0,Increase,0,,Week4_v2,Australia/Sydney (assumption; confirm with AEMO metadata)
2025-08-07 10:30:00,2406.797,1.0,8390,0,0,2025-08-07 00:00:00,9.9,15.9,1.4,1.3,92.0,7.0,62.0,6.0,10.0,2025,8,August,Q3,Thursday,0,10,30,10:30,Winter,2005.688,8882.0,1535.529,9565.0,723.084,10453.0,401.1089999999999,-492.0,Increase,0,,Week4_v2,Australia/Sydney (assumption; confirm with AEMO metadata)
2025-08-07 11:00:00,2664.681,1.0,8049,0,0,2025-08-07 00:00:00,9.9,15.9,1.4,1.3,92.0,7.0,62.0,6.0,10.0,2025,8,August,Q3,Thursday,0,11,0,11:00,Winter,2406.797,8390.0,2005.688,8882.0,1112.159,9930.0,257.884,-341.0,Increase,0,,Week4_v2,Australia/Sydney (assumption; confirm with AEMO metadata)
2025-08-07 11:30:00,2774.574,1.0,7803,0,0,2025-08-07 00:00:00,9.9,15.9,1.4,1.3,92.0,7.0,62.0,6.0,10.0,2025,8,August,Q3,Thursday,0,11,30,11:30,Winter,2664.681,8049.0,2406.797,8390.0,1535.529,9565.0,109.89300000000003,-246.0,Increase,0,,Week4_v2,Australia/Sydney (assumption; confirm with AEMO metadata)
2025-08-07 12:00:00,2612.159,1.0,7844,0,0,2025-08-07 00:00:00,9.9,15.9,1.4,1.3,92.0,7.0,62.0,6.0,10.0,2025,8,August,Q3,Thursday,0,12,0,12:00,Winter,2774.574,7803.0,2664.681,8049.0,2005.688,8882.0,-162.41499999999996,41.0,Decrease,0,,Week4_v2,Australia/Sydney (assumption; confirm with AEMO metadata)
2025-08-07 12:30:00,2489.697,1.0,7873,0,0,2025-08-07 00:00:00,9.9,15.9,1.4,1.3,92.0,7.0,62.0,6.0,10.0,2025,8,August,Q3,Thursday,0,12,30,12:30,Winter,2612.159,7844.0,2774.574,7803.0,2406.797,8390.0,-122.46199999999999,29.0,Decrease,0,,Week4_v2,Australia/Sydney (assumption; confirm with AEMO metadata)
2025-08-07 13:00:00,2305.509,1.0,7949,0,0,2025-08-07 00:00:00,9.9,15.9,1.4,1.3,92.0,7.0,62.0,6.0,10.0,2025,8,August,Q3,Thursday,0,13,0,13:00,Winter,2489.697,7873.0,2612.159,7844.0,2664.681,8049.0,-184.1880000000001,76.0,Decrease,0,,Week4_v2,Australia/Sydney (assumption; confirm with AEMO metadata)
2025-08-07 13:30:00,2065.763,1.0,8059,0,0,2025-08-07 00:00:00,9.9,15.9,1.4,1.3,92.0,7.0,62.0,6.0,10.0,2025,8,August,Q3,Thursday,0,13,30,13:30,Winter,2305.509,7949.0,2489.697,7873.0,2774.574,7803.0,-239.7460000000001,110.0,Decrease,0,,Week4_v2,Australia/Sydney (assumption; confirm with AEMO metadata)
2025-08-07 14:00:00,1995.419,1.0,8046,0,0,2025-08-07 00:00:00,9.9,15.9,1.4,1.3,92.0,7.0,62.0,6.0,10.0,2025,8,August,Q3,Thursday,0,14,0,14:00,Winter,2065.763,8059.0,2305.509,7949.0,2612.159,7844.0,-70.34399999999982,-13.0,Decrease,0,,Week4_v2,Australia/Sydney (assumption; confirm with AEMO metadata)
2025-08-07 14:30:00,1740.12,1.0,8170,0,0,2025-08-07 00:00:00,9.9,15.9,1.4,1.3,92.0,7.0,62.0,6.0,10.0,2025,8,August,Q3,Thursday,0,14,30,14:30,Winter,1995.419,8046.0,2065.763,8059.0,2489.697,7873.0,-255.2990000000002,124.0,Decrease,0,,Week4_v2,Australia/Sydney (assumption; confirm with AEMO metadata)
2025-08-07 15:00:00,1457.733,1.0,8334,0,0,2025-08-07 00:00:00,9.9,15.9,1.4,1.3,92.0,7.0,62.0,6.0,10.0,2025,8,August,Q3,Thursday,0,15,0,15:00,Winter,1740.12,8170.0,1995.419,8046.0,2305.509,7949.0,-282.38699999999994,164.0,Decrease,0,,Week4_v2,Australia/Sydney (assumption; confirm with AEMO metadata)
2025-08-07 15:30:00,1234.648,1.0,8490,0,0,2025-08-07 00:00:00,9.9,15.9,1.4,1.3,92.0,7.0,62.0,6.0,10.0,2025,8,August,Q3,Thursday,0,15,30,15:30,Winter,1457.733,8334.0,1740.12,8170.0,2065.763,8059.0,-223.08500000000004,156.0,Decrease,0,,Week4_v2,Australia/Sydney (assumption; confirm with AEMO metadata)
2025-08-07 16:00:00,889.11,1.0,8912,0,0,2025-08-07 00:00:00,9.9,15.9,1.4,1.3,92.0,7.0,62.0,6.0,10.0,2025,8,August,Q3,Thursday,0,16,0,16:00,Winter,1234.648,8490.0,1457.733,8334.0,1995.419,8046.0,-345.5379999999999,422.0,Decrease,0,,Week4_v2,Australia/Sydney (assumption; confirm with AEMO metadata)
2025-08-07 16:30:00,490.393,1.0,9504,0,0,2025-08-07 00:00:00,9.9,15.9,1.4,1.3,92.0,7.0,62.0,6.0,10.0,2025,8,August,Q3,Thursday,0,16,30,16:30,Winter,889.11,8912.0,1234.648,8490.0,1740.12,8170.0,-398.71700000000004,592.0,Decrease,0,,Week4_v2,Australia/Sydney (assumption; confirm with AEMO metadata)
2025-08-07 17:00:00,185.111,1.0,10183,0,0,2025-08-07 00:00:00,9.9,15.9,1.4,1.3,92.0,7.0,62.0,6.0,10.0,2025,8,August,Q3,Thursday,0,17,0,17:00,Winter,490.393,9504.0,889.11,8912.0,1457.733,8334.0,-305.282,679.0,Decrease,0,,Week4_v2,Australia/Sydney (assumption; confirm with AEMO metadata)
2025-08-07 17:30:00,22.573,1.0,10630,0,0,2025-08-07 00:00:00,9.9,15.9,1.4,1.3,92.0,7.0,62.0,6.0,10.0,2025,8,August,Q3,Thursday,0,17,30,17:30,Winter,185.111,10183.0,490.393,9504.0,1234.648,8490.0,-162.53799999999998,447.0,Decrease,0,,Week4_v2,Australia/Sydney (assumption; confirm with AEMO metadata)
2025-08-07 18:00:00,0.0,1.0,11198,0,0,2025-08-07 00:00:00,9.9,15.9,1.4,1.3,92.0,7.0,62.0,6.0,10.0,2025,8,August,Q3,Thursday,0,18,0,18:00,Winter,22.573,10630.0,185.111,10183.0,889.11,8912.0,-22.573,568.0,Decrease,0,,Week4_v2,Australia/Sydney (assumption; confirm with AEMO metadata)
2025-08-07 18:30:00,0.0,1.0,11351,0,0,2025-08-07 00:00:00,9.9,15.9,1.4,1.3,92.0,7.0,62.0,6.0,10.0,2025,8,August,Q3,Thursday,0,18,30,18:30,Winter,0.0,11198.0,22.573,10630.0,490.393,9504.0,0.0,153.0,No change,0,,Week4_v2,Australia/Sydney (assumption; confirm with AEMO metadata)
2025-08-07 19:00:00,0.0,1.0,11269,0,0,2025-08-07 00:00:00,9.9,15.9,1.4,1.3,92.0,7.0,62.0,6.0,10.0,2025,8,August,Q3,Thursday,0,19,0,19:00,Winter,0.0,11351.0,0.0,11198.0,185.111,10183.0,0.0,-82.0,No change,0,,Week4_v2,Australia/Sydney (assumption; confirm with AEMO metadata)
2025-08-07 19:30:00,0.0,1.0,11097,0,0,2025-08-07 00:00:00,9.9,15.9,1.4,1.3,92.0,7.0,62.0,6.0,10.0,2025,8,August,Q3,Thursday,0,19,30,19:30,Winter,0.0,11269.0,0.0,11351.0,22.573,10630.0,0.0,-172.0,No change,0,,Week4_v2,Australia/Sydney (assumption; confirm with AEMO metadata)
2025-08-07 20:00:00,0.0,1.0,10977,0,0,2025-08-07 00:00:00,9.9,15.9,1.4,1.3,92.0,7.0,62.0,6.0,10.0,2025,8,August,Q3,Thursday,0,20,0,20:00,Winter,0.0,11097.0,0.0,11269.0,0.0,11198.0,0.0,-120.0,No change,0,,Week4_v2,Australia/Sydney (assumption; confirm with AEMO metadata)
2025-08-07 20:30:00,0.0,1.0,10819,0,0,2025-08-07 00:00:00,9.9,15.9,1.4,1.3,92.0,7.0,62.0,6.0,10.0,2025,8,August,Q3,Thursday,0,20,30,20:30,Winter,0.0,10977.0,0.0,11097.0,0.0,11351.0,0.0,-158.0,No change,0,,Week4_v2,Australia/Sydney (assumption; confirm with AEMO metadata)
2025-08-07 21:00:00,0.0,1.0,10573,0,0,2025-08-07 00:00:00,9.9,15.9,1.4,1.3,92.0,7.0,62.0,6.0,10.0,2025,8,August,Q3,Thursday,0,21,0,21:00,Winter,0.0,10819.0,0.0,10977.0,0.0,11269.0,0.0,-246.0,No change,0,,Week4_v2,Australia/Sydney (assumption; confirm with AEMO metadata)
2025-08-07 21:30:00,0.0,1.0,10242,0,0,2025-08-07 00:00:00,9.9,15.9,1.4,1.3,92.0,7.0,62.0,6.0,10.0,2025,8,August,Q3,Thursday,0,21,30,21:30,Winter,0.0,10573.0,0.0,10819.0,0.0,11097.0,0.0,-331.0,No change,0,,Week4_v2,Australia/Sydney (assumption; confirm with AEMO metadata)
2025-08-07 22:00:00,0.0,1.0,9908,0,0,2025-08-07 00:00:00,9.9,15.9,1.4,1.3,92.0,7.0,62.0,6.0,10.0,2025,8,August,Q3,Thursday,0,22,0,22:00,Winter,0.0,10242.0,0.0,10573.0,0.0,10977.0,0.0,-334.0,No change,0,,Week4_v2,Australia/Sydney (assumption; confirm with AEMO metadata)
2025-08-07 22:30:00,0.0,1.0,9588,0,0,2025-08-07 00:00:00,9.9,15.9,1.4,1.3,92.0,7.0,62.0,6.0,10.0,2025,8,August,Q3,Thursday,0,22,30,22:30,Winter,0.0,9908.0,0.0,10242.0,0.0,10819.0,0.0,-320.0,No change,0,,Week4_v2,Australia/Sydney (assumption; confirm with AEMO metadata)
2025-08-07 23:00:00,0.0,1.0,9306,0,0,2025-08-07 00:00:00,9.9,15.9,1.4,1.3,92.0,7.0,62.0,6.0,10.0,2025,8,August,Q3,Thursday,0,23,0,23:00,Winter,0.0,9588.0,0.0,9908.0,0.0,10573.0,0.0,-282.0,No change,0,,Week4_v2,Australia/Sydney (assumption; confirm with AEMO metadata)
2025-08-07 23:30:00,0.0,1.0,8974,0,0,2025-08-07 00:00:00,9.9,15.9,1.4,1.3,92.0,7.0,62.0,6.0,10.0,2025,8,August,Q3,Thursday,0,23,30,23:30,Winter,0.0,9306.0,0.0,9588.0,0.0,10242.0,0.0,-332.0,No change,0,,Week4_v2,Australia/Sydney (assumption; confirm with AEMO metadata)
2025-08-08 00:00:00,0.0,1.0,8706,0,0,2025-08-08 00:00:00,9.2,16.6,0.0,5.4,77.0,7.0,74.0,8.0,12.4,2025,8,August,Q3,Friday,0,0,0,00:00,Winter,0.0,8974.0,0.0,9306.0,0.0,9908.0,0.0,-268.0,No change,0,,Week4_v2,Australia/Sydney (assumption; confirm with AEMO metadata)
2025-08-08 00:30:00,0.0,1.0,8519,0,0,2025-08-08 00:00:00,9.2,16.6,0.0,5.4,77.0,7.0,74.0,8.0,12.4,2025,8,August,Q3,Friday,0,0,30,00:30,Winter,0.0,8706.0,0.0,8974.0,0.0,9588.0,0.0,-187.0,No change,0,,Week4_v2,Australia/Sydney (assumption; confirm with AEMO metadata)
2025-08-08 01:00:00,0.0,1.0,8349,0,0,2025-08-08 00:00:00,9.2,16.6,0.0,5.4,77.0,7.0,74.0,8.0,12.4,2025,8,August,Q3,Friday,0,1,0,01:00,Winter,0.0,8519.0,0.0,8706.0,0.0,9306.0,0.0,-170.0,No change,0,,Week4_v2,Australia/Sydney (assumption; confirm with AEMO metadata)
2025-08-08 01:30:00,0.0,1.0,8170,0,0,2025-08-08 00:00:00,9.2,16.6,0.0,5.4,77.0,7.0,74.0,8.0,12.4,2025,8,August,Q3,Friday,0,1,30,01:30,Winter,0.0,8349.0,0.0,8519.0,0.0,8974.0,0.0,-179.0,No change,0,,Week4_v2,Australia/Sydney (assumption; confirm with AEMO metadata)
2025-08-08 02:00:00,0.0,1.0,7938,0,0,2025-08-08 00:00:00,9.2,16.6,0.0,5.4,77.0,7.0,74.0,8.0,12.4,2025,8,August,Q3,Friday,0,2,0,02:00,Winter,0.0,8170.0,0.0,8349.0,0.0,8706.0,0.0,-232.0,No change,0,,Week4_v2,Australia/Sydney (assumption; confirm with AEMO metadata)
2025-08-08 02:30:00,0.0,1.0,7757,0,0,2025-08-08 00:00:00,9.2,16.6,0.0,5.4,77.0,7.0,74.0,8.0,12.4,2025,8,August,Q3,Friday,0,2,30,02:30,Winter,0.0,7938.0,0.0,8170.0,0.0,8519.0,0.0,-181.0,No change,0,,Week4_v2,Australia/Sydney (assumption; confirm with AEMO metadata)
2025-08-08 03:00:00,0.0,1.0,7584,0,0,2025-08-08 00:00:00,9.2,16.6,0.0,5.4,77.0,7.0,74.0,8.0,12.4,2025,8,August,Q3,Friday,0,3,0,03:00,Winter,0.0,7757.0,0.0,7938.0,0.0,8349.0,0.0,-173.0,No change,0,,Week4_v2,Australia/Sydney (assumption; confirm with AEMO metadata)
2025-08-08 03:30:00,0.0,1.0,7530,0,0,2025-08-08 00:00:00,9.2,16.6,0.0,5.4,77.0,7.0,74.0,8.0,12.4,2025,8,August,Q3,Friday,0,3,30,03:30,Winter,0.0,7584.0,0.0,7757.0,0.0,8170.0,0.0,-54.0,No change,0,,Week4_v2,Australia/Sydney (assumption; confirm with AEMO metadata)
2025-08-08 04:00:00,0.0,1.0,7498,0,0,2025-08-08 00:00:00,9.2,16.6,0.0,5.4,77.0,7.0,74.0,8.0,12.4,2025,8,August,Q3,Friday,0,4,0,04:00,Winter,0.0,7530.0,0.0,7584.0,0.0,7938.0,0.0,-32.0,No change,0,,Week4_v2,Australia/Sydney (assumption; confirm with AEMO metadata)
2025-08-08 04:30:00,0.0,1.0,7691,0,0,2025-08-08 00:00:00,9.2,16.6,0.0,5.4,77.0,7.0,74.0,8.0,12.4,2025,8,August,Q3,Friday,0,4,30,04:30,Winter,0.0,7498.0,0.0,7530.0,0.0,7757.0,0.0,193.0,No change,0,,Week4_v2,Australia/Sydney (assumption; confirm with AEMO metadata)
2025-08-08 05:00:00,0.0,1.0,7716,0,0,2025-08-08 00:00:00,9.2,16.6,0.0,5.4,77.0,7.0,74.0,8.0,12.4,2025,8,August,Q3,Friday,0,5,0,05:00,Winter,0.0,7691.0,0.0,7498.0,0.0,7584.0,0.0,25.0,No change,0,,Week4_v2,Australia/Sydney (assumption; confirm with AEMO metadata)
2025-08-08 05:30:00,0.0,1.0,8003,0,0,2025-08-08 00:00:00,9.2,16.6,0.0,5.4,77.0,7.0,74.0,8.0,12.4,2025,8,August,Q3,Friday,0,5,30,05:30,Winter,0.0,7716.0,0.0,7691.0,0.0,7530.0,0.0,287.0,No change,0,,Week4_v2,Australia/Sydney (assumption; confirm with AEMO metadata)
2025-08-08 06:00:00,0.0,1.0,8348,0,0,2025-08-08 00:00:00,9.2,16.6,0.0,5.4,77.0,7.0,74.0,8.0,12.4,2025,8,August,Q3,Friday,0,6,0,06:00,Winter,0.0,8003.0,0.0,7716.0,0.0,7498.0,0.0,345.0,No change,0,,Week4_v2,Australia/Sydney (assumption; confirm with AEMO metadata)
2025-08-08 06:30:00,0.0,1.0,9006,0,0,2025-08-08 00:00:00,9.2,16.6,0.0,5.4,77.0,7.0,74.0,8.0,12.4,2025,8,August,Q3,Friday,0,6,30,06:30,Winter,0.0,8348.0,0.0,8003.0,0.0,7691.0,0.0,658.0,No change,0,,Week4_v2,Australia/Sydney (assumption; confirm with AEMO metadata)
2025-08-08 07:00:00,9.564,1.0,9728,0,0,2025-08-08 00:00:00,9.2,16.6,0.0,5.4,77.0,7.0,74.0,8.0,12.4,2025,8,August,Q3,Friday,0,7,0,07:00,Winter,0.0,9006.0,0.0,8348.0,0.0,7716.0,9.564,722.0,Increase,0,,Week4_v2,Australia/Sydney (assumption; confirm with AEMO metadata)
2025-08-08 07:30:00,135.429,1.0,10261,0,0,2025-08-08 00:00:00,9.2,16.6,0.0,5.4,77.0,7.0,74.0,8.0,12.4,2025,8,August,Q3,Friday,0,7,30,07:30,Winter,9.564,9728.0,0.0,9006.0,0.0,8003.0,125.86500000000001,533.0,Increase,0,,Week4_v2,Australia/Sydney (assumption; confirm with AEMO metadata)
2025-08-08 08:00:00,387.743,1.0,10371,0,0,2025-08-08 00:00:00,9.2,16.6,0.0,5.4,77.0,7.0,74.0,8.0,12.4,2025,8,August,Q3,Friday,0,8,0,08:00,Winter,135.429,10261.0,9.564,9728.0,0.0,8348.0,252.314,110.0,Increase,0,,Week4_v2,Australia/Sydney (assumption; confirm with AEMO metadata)
2025-08-08 08:30:00,745.631,1.0,10173,0,0,2025-08-08 00:00:00,9.2,16.6,0.0,5.4,77.0,7.0,74.0,8.0,12.4,2025,8,August,Q3,Friday,0,8,30,08:30,Winter,387.743,10371.0,135.429,10261.0,0.0,9006.0,357.888,-198.0,Increase,0,,Week4_v2,Australia/Sydney (assumption; confirm with AEMO metadata)
2025-08-08 09:00:00,1133.945,1.0,9724,0,0,2025-08-08 00:00:00,9.2,16.6,0.0,5.4,77.0,7.0,74.0,8.0,12.4,2025,8,August,Q3,Friday,0,9,0,09:00,Winter,745.631,10173.0,387.743,10371.0,9.564,9728.0,388.31399999999996,-449.0,Increase,0,,Week4_v2,Australia/Sydney (assumption; confirm with AEMO metadata)
2025-08-08 09:30:00,1541.548,1.0,9278,0,0,2025-08-08 00:00:00,9.2,16.6,0.0,5.4,77.0,7.0,74.0,8.0,12.4,2025,8,August,Q3,Friday,0,9,30,09:30,Winter,1133.945,9724.0,745.631,10173.0,135.429,10261.0,407.60300000000007,-446.0,Increase,0,,Week4_v2,Australia/Sydney (assumption; confirm with AEMO metadata)
2025-08-08 10:00:00,2032.327,1.0,8680,0,0,2025-08-08 00:00:00,9.2,16.6,0.0,5.4,77.0,7.0,74.0,8.0,12.4,2025,8,August,Q3,Friday,0,10,0,10:00,Winter,1541.548,9278.0,1133.945,9724.0,387.743,10371.0,490.779,-598.0,Increase,0,,Week4_v2,Australia/Sydney (assumption; confirm with AEMO metadata)
2025-08-08 10:30:00,2426.334,1.0,8218,0,0,2025-08-08 00:00:00,9.2,16.6,0.0,5.4,77.0,7.0,74.0,8.0,12.4,2025,8,August,Q3,Friday,0,10,30,10:30,Winter,2032.327,8680.0,1541.548,9278.0,745.631,10173.0,394.00699999999983,-462.0,Increase,0,,Week4_v2,Australia/Sydney (assumption; confirm with AEMO metadata)
2025-08-08 11:00:00,2819.842,1.0,7745,0,0,2025-08-08 00:00:00,9.2,16.6,0.0,5.4,77.0,7.0,74.0,8.0,12.4,2025,8,August,Q3,Friday,0,11,0,11:00,Winter,2426.334,8218.0,2032.327,8680.0,1133.945,9724.0,393.50800000000027,-473.0,Increase,0,,Week4_v2,Australia/Sydney (assumption; confirm with AEMO metadata)
2025-08-08 11:30:00,2728.537,1.0,7857,0,0,2025-08-08 00:00:00,9.2,16.6,0.0,5.4,77.0,7.0,74.0,8.0,12.4,2025,8,August,Q3,Friday,0,11,30,11:30,Winter,2819.842,7745.0,2426.334,8218.0,1541.548,9278.0,-91.30500000000029,112.0,Decrease,0,,Week4_v2,Australia/Sydney (assumption; confirm with AEMO metadata)
2025-08-08 12:00:00,2551.845,1.0,7758,0,0,2025-08-08 00:00:00,9.2,16.6,0.0,5.4,77.0,7.0,74.0,8.0,12.4,2025,8,August,Q3,Friday,0,12,0,12:00,Winter,2728.537,7857.0,2819.842,7745.0,2032.327,8680.0,-176.692,-99.0,Decrease,0,,Week4_v2,Australia/Sydney (assumption; confirm with AEMO metadata)
2025-08-08 12:30:00,2481.401,1.0,7732,0,0,2025-08-08 00:00:00,9.2,16.6,0.0,5.4,77.0,7.0,74.0,8.0,12.4,2025,8,August,Q3,Friday,0,12,30,12:30,Winter,2551.845,7758.0,2728.537,7857.0,2426.334,8218.0,-70.44399999999996,-26.0,Decrease,0,,Week4_v2,Australia/Sydney (assumption; confirm with AEMO metadata)
2025-08-08 13:00:00,2388.629,1.0,7655,0,0,2025-08-08 00:00:00,9.2,16.6,0.0,5.4,77.0,7.0,74.0,8.0,12.4,2025,8,August,Q3,Friday,0,13,0,13:00,Winter,2481.401,7732.0,2551.845,7758.0,2819.842,7745.0,-92.77199999999993,-77.0,Decrease,0,,Week4_v2,Australia/Sydney (assumption; confirm with AEMO metadata)
2025-08-08 13:30:00,2217.154,1.0,7694,0,0,2025-08-08 00:00:00,9.2,16.6,0.0,5.4,77.0,7.0,74.0,8.0,12.4,2025,8,August,Q3,Friday,0,13,30,13:30,Winter,2388.629,7655.0,2481.401,7732.0,2728.537,7857.0,-171.4749999999999,39.0,Decrease,0,,Week4_v2,Australia/Sydney (assumption; confirm with AEMO metadata)
2025-08-08 14:00:00,1947.715,1.0,7812,0,0,2025-08-08 00:00:00,9.2,16.6,0.0,5.4,77.0,7.0,74.0,8.0,12.4,2025,8,August,Q3,Friday,0,14,0,14:00,Winter,2217.154,7694.0,2388.629,7655.0,2551.845,7758.0,-269.4390000000001,118.0,Decrease,0,,Week4_v2,Australia/Sydney (assumption; confirm with AEMO metadata)
2025-08-08 14:30:00,1673.664,1.0,7983,0,0,2025-08-08 00:00:00,9.2,16.6,0.0,5.4,77.0,7.0,74.0,8.0,12.4,2025,8,August,Q3,Friday,0,14,30,14:30,Winter,1947.715,7812.0,2217.154,7694.0,2481.401,7732.0,-274.05099999999993,171.0,Decrease,0,,Week4_v2,Australia/Sydney (assumption; confirm with AEMO metadata)
2025-08-08 15:00:00,1401.007,1.0,8193,0,0,2025-08-08 00:00:00,9.2,16.6,0.0,5.4,77.0,7.0,74.0,8.0,12.4,2025,8,August,Q3,Friday,0,15,0,15:00,Winter,1673.664,7983.0,1947.715,7812.0,2388.629,7655.0,-272.6569999999999,210.0,Decrease,0,,Week4_v2,Australia/Sydney (assumption; confirm with AEMO metadata)
2025-08-08 15:30:00,1090.261,1.0,8477,0,0,2025-08-08 00:00:00,9.2,16.6,0.0,5.4,77.0,7.0,74.0,8.0,12.4,2025,8,August,Q3,Friday,0,15,30,15:30,Winter,1401.007,8193.0,1673.664,7983.0,2217.154,7694.0,-310.7460000000001,284.0,Decrease,0,,Week4_v2,Australia/Sydney (assumption; confirm with AEMO metadata)
2025-08-08 16:00:00,771.236,1.0,8943,0,0,2025-08-08 00:00:00,9.2,16.6,0.0,5.4,77.0,7.0,74.0,8.0,12.4,2025,8,August,Q3,Friday,0,16,0,16:00,Winter,1090.261,8477.0,1401.007,8193.0,1947.715,7812.0,-319.025,466.0,Decrease,0,,Week4_v2,Australia/Sydney (assumption; confirm with AEMO metadata)
2025-08-08 16:30:00,450.755,1.0,9458,0,0,2025-08-08 00:00:00,9.2,16.6,0.0,5.4,77.0,7.0,74.0,8.0,12.4,2025,8,August,Q3,Friday,0,16,30,16:30,Winter,771.236,8943.0,1090.261,8477.0,1673.664,7983.0,-320.481,515.0,Decrease,0,,Week4_v2,Australia/Sydney (assumption; confirm with AEMO metadata)
2025-08-08 17:00:00,181.344,1.0,10071,0,0,2025-08-08 00:00:00,9.2,16.6,0.0,5.4,77.0,7.0,74.0,8.0,12.4,2025,8,August,Q3,Friday,0,17,0,17:00,Winter,450.755,9458.0,771.236,8943.0,1401.007,8193.0,-269.411,613.0,Decrease,0,,Week4_v2,Australia/Sydney (assumption; confirm with AEMO metadata)
2025-08-08 17:30:00,24.427,1.0,10527,0,0,2025-08-08 00:00:00,9.2,16.6,0.0,5.4,77.0,7.0,74.0,8.0,12.4,2025,8,August,Q3,Friday,0,17,30,17:30,Winter,181.344,10071.0,450.755,9458.0,1090.261,8477.0,-156.917,456.0,Decrease,0,,Week4_v2,Australia/Sydney (assumption; confirm with AEMO metadata)
2025-08-08 18:00:00,0.0,1.0,11005,0,0,2025-08-08 00:00:00,9.2,16.6,0.0,5.4,77.0,7.0,74.0,8.0,12.4,2025,8,August,Q3,Friday,0,18,0,18:00,Winter,24.427,10527.0,181.344,10071.0,771.236,8943.0,-24.427,478.0,Decrease,0,,Week4_v2,Australia/Sydney (assumption; confirm with AEMO metadata)
2025-08-08 18:30:00,0.0,1.0,11076,0,0,2025-08-08 00:00:00,9.2,16.6,0.0,5.4,77.0,7.0,74.0,8.0,12.4,2025,8,August,Q3,Friday,0,18,30,18:30,Winter,0.0,11005.0,24.427,10527.0,450.755,9458.0,0.0,71.0,No change,0,,Week4_v2,Australia/Sydney (assumption; confirm with AEMO metadata)
2025-08-08 19:00:00,0.0,1.0,11007,0,0,2025-08-08 00:00:00,9.2,16.6,0.0,5.4,77.0,7.0,74.0,8.0,12.4,2025,8,August,Q3,Friday,0,19,0,19:00,Winter,0.0,11076.0,0.0,11005.0,181.344,10071.0,0.0,-69.0,No change,0,,Week4_v2,Australia/Sydney (assumption; confirm with AEMO metadata)
2025-08-08 19:30:00,0.0,1.0,10814,0,0,2025-08-08 00:00:00,9.2,16.6,0.0,5.4,77.0,7.0,74.0,8.0,12.4,2025,8,August,Q3,Friday,0,19,30,19:30,Winter,0.0,11007.0,0.0,11076.0,24.427,10527.0,0.0,-193.0,No change,0,,Week4_v2,Australia/Sydney (assumption; confirm with AEMO metadata)
2025-08-08 20:00:00,0.0,1.0,10661,0,0,2025-08-08 00:00:00,9.2,16.6,0.0,5.4,77.0,7.0,74.0,8.0,12.4,2025,8,August,Q3,Friday,0,20,0,20:00,Winter,0.0,10814.0,0.0,11007.0,0.0,11005.0,0.0,-153.0,No change,0,,Week4_v2,Australia/Sydney (assumption; confirm with AEMO metadata)
2025-08-08 20:30:00,0.0,1.0,10530,0,0,2025-08-08 00:00:00,9.2,16.6,0.0,5.4,77.0,7.0,74.0,8.0,12.4,2025,8,August,Q3,Friday,0,20,30,20:30,Winter,0.0,10661.0,0.0,10814.0,0.0,11076.0,0.0,-131.0,No change,0,,Week4_v2,Australia/Sydney (assumption; confirm with AEMO metadata)
2025-08-08 21:00:00,0.0,1.0,10335,0,0,2025-08-08 00:00:00,9.2,16.6,0.0,5.4,77.0,7.0,74.0,8.0,12.4,2025,8,August,Q3,Friday,0,21,0,21:00,Winter,0.0,10530.0,0.0,10661.0,0.0,11007.0,0.0,-195.0,No change,0,,Week4_v2,Australia/Sydney (assumption; confirm with AEMO metadata)
2025-08-08 21:30:00,0.0,1.0,10096,0,0,2025-08-08 00:00:00,9.2,16.6,0.0,5.4,77.0,7.0,74.0,8.0,12.4,2025,8,August,Q3,Friday,0,21,30,21:30,Winter,0.0,10335.0,0.0,10530.0,0.0,10814.0,0.0,-239.0,No change,0,,Week4_v2,Australia/Sydney (assumption; confirm with AEMO metadata)
2025-08-08 22:00:00,0.0,1.0,9819,0,0,2025-08-08 00:00:00,9.2,16.6,0.0,5.4,77.0,7.0,74.0,8.0,12.4,2025,8,August,Q3,Friday,0,22,0,22:00,Winter,0.0,10096.0,0.0,10335.0,0.0,10661.0,0.0,-277.0,No change,0,,Week4_v2,Australia/Sydney (assumption; confirm with AEMO metadata)
2025-08-08 22:30:00,0.0,1.0,9613,0,0,2025-08-08 00:00:00,9.2,16.6,0.0,5.4,77.0,7.0,74.0,8.0,12.4,2025,8,August,Q3,Friday,0,22,30,22:30,Winter,0.0,9819.0,0.0,10096.0,0.0,10530.0,0.0,-206.0,No change,0,,Week4_v2,Australia/Sydney (assumption; confirm with AEMO metadata)
2025-08-08 23:00:00,0.0,1.0,9371,0,0,2025-08-08 00:00:00,9.2,16.6,0.0,5.4,77.0,7.0,74.0,8.0,12.4,2025,8,August,Q3,Friday,0,23,0,23:00,Winter,0.0,9613.0,0.0,9819.0,0.0,10335.0,0.0,-242.0,No change,0,,Week4_v2,Australia/Sydney (assumption; confirm with AEMO metadata)
2025-08-08 23:30:00,0.0,1.0,9075,0,0,2025-08-08 00:00:00,9.2,16.6,0.0,5.4,77.0,7.0,74.0,8.0,12.4,2025,8,August,Q3,Friday,0,23,30,23:30,Winter,0.0,9371.0,0.0,9613.0,0.0,10096.0,0.0,-296.0,No change,0,,Week4_v2,Australia/Sydney (assumption; confirm with AEMO metadata)
2025-08-09 00:00:00,0.0,1.0,8862,0,0,2025-08-09 00:00:00,12.0,16.0,50.6,4.2,96.0,8.0,89.0,6.0,11.0,2025,8,August,Q3,Saturday,1,0,0,00:00,Winter,0.0,9075.0,0.0,9371.0,0.0,9819.0,0.0,-213.0,No change,0,,Week4_v2,Australia/Sydney (assumption; confirm with AEMO metadata)
2025-08-09 00:30:00,0.0,1.0,8633,0,0,2025-08-09 00:00:00,12.0,16.0,50.6,4.2,96.0,8.0,89.0,6.0,11.0,2025,8,August,Q3,Saturday,1,0,30,00:30,Winter,0.0,8862.0,0.0,9075.0,0.0,9613.0,0.0,-229.0,No change,0,,Week4_v2,Australia/Sydney (assumption; confirm with AEMO metadata)
2025-08-09 01:00:00,0.0,1.0,8448,0,0,2025-08-09 00:00:00,12.0,16.0,50.6,4.2,96.0,8.0,89.0,6.0,11.0,2025,8,August,Q3,Saturday,1,1,0,01:00,Winter,0.0,8633.0,0.0,8862.0,0.0,9371.0,0.0,-185.0,No change,0,,Week4_v2,Australia/Sydney (assumption; confirm with AEMO metadata)
2025-08-09 01:30:00,0.0,1.0,8198,0,0,2025-08-09 00:00:00,12.0,16.0,50.6,4.2,96.0,8.0,89.0,6.0,11.0,2025,8,August,Q3,Saturday,1,1,30,01:30,Winter,0.0,8448.0,0.0,8633.0,0.0,9075.0,0.0,-250.0,No change,0,,Week4_v2,Australia/Sydney (assumption; confirm with AEMO metadata)
2025-08-09 02:00:00,0.0,1.0,7967,0,0,2025-08-09 00:00:00,12.0,16.0,50.6,4.2,96.0,8.0,89.0,6.0,11.0,2025,8,August,Q3,Saturday,1,2,0,02:00,Winter,0.0,8198.0,0.0,8448.0,0.0,8862.0,0.0,-231.0,No change,0,,Week4_v2,Australia/Sydney (assumption; confirm with AEMO metadata)
2025-08-09 02:30:00,0.0,1.0,7750,0,0,2025-08-09 00:00:00,12.0,16.0,50.6,4.2,96.0,8.0,89.0,6.0,11.0,2025,8,August,Q3,Saturday,1,2,30,02:30,Winter,0.0,7967.0,0.0,8198.0,0.0,8633.0,0.0,-217.0,No change,0,,Week4_v2,Australia/Sydney (assumption; confirm with AEMO metadata)
2025-08-09 03:00:00,0.0,1.0,7521,0,0,2025-08-09 00:00:00,12.0,16.0,50.6,4.2,96.0,8.0,89.0,6.0,11.0,2025,8,August,Q3,Saturday,1,3,0,03:00,Winter,0.0,7750.0,0.0,7967.0,0.0,8448.0,0.0,-229.0,No change,0,,Week4_v2,Australia/Sydney (assumption; confirm with AEMO metadata)
2025-08-09 03:30:00,0.0,1.0,7507,0,0,2025-08-09 00:00:00,12.0,16.0,50.6,4.2,96.0,8.0,89.0,6.0,11.0,2025,8,August,Q3,Saturday,1,3,30,03:30,Winter,0.0,7521.0,0.0,7750.0,0.0,8198.0,0.0,-14.0,No change,0,,Week4_v2,Australia/Sydney (assumption; confirm with AEMO metadata)
2025-08-09 04:00:00,0.0,1.0,7375,0,0,2025-08-09 00:00:00,12.0,16.0,50.6,4.2,96.0,8.0,89.0,6.0,11.0,2025,8,August,Q3,Saturday,1,4,0,04:00,Winter,0.0,7507.0,0.0,7521.0,0.0,7967.0,0.0,-132.0,No change,0,,Week4_v2,Australia/Sydney (assumption; confirm with AEMO metadata)
2025-08-09 04:30:00,0.0,1.0,7363,0,0,2025-08-09 00:00:00,12.0,16.0,50.6,4.2,96.0,8.0,89.0,6.0,11.0,2025,8,August,Q3,Saturday,1,4,30,04:30,Winter,0.0,7375.0,0.0,7507.0,0.0,7750.0,0.0,-12.0,No change,0,,Week4_v2,Australia/Sydney (assumption; confirm with AEMO metadata)
2025-08-09 05:00:00,0.0,1.0,7374,0,0,2025-08-09 00:00:00,12.0,16.0,50.6,4.2,96.0,8.0,89.0,6.0,11.0,2025,8,August,Q3,Saturday,1,5,0,05:00,Winter,0.0,7363.0,0.0,7375.0,0.0,7521.0,0.0,11.0,No change,0,,Week4_v2,Australia/Sydney (assumption; confirm with AEMO metadata)
2025-08-09 05:30:00,0.0,1.0,7475,0,0,2025-08-09 00:00:00,12.0,16.0,50.6,4.2,96.0,8.0,89.0,6.0,11.0,2025,8,August,Q3,Saturday,1,5,30,05:30,Winter,0.0,7374.0,0.0,7363.0,0.0,7507.0,0.0,101.0,No change,0,,Week4_v2,Australia/Sydney (assumption; confirm with AEMO metadata)
2025-08-09 06:00:00,0.0,1.0,7568,0,0,2025-08-09 00:00:00,12.0,16.0,50.6,4.2,96.0,8.0,89.0,6.0,11.0,2025,8,August,Q3,Saturday,1,6,0,06:00,Winter,0.0,7475.0,0.0,7374.0,0.0,7375.0,0.0,93.0,No change,0,,Week4_v2,Australia/Sydney (assumption; confirm with AEMO metadata)
2025-08-09 06:30:00,0.0,1.0,7895,0,0,2025-08-09 00:00:00,12.0,16.0,50.6,4.2,96.0,8.0,89.0,6.0,11.0,2025,8,August,Q3,Saturday,1,6,30,06:30,Winter,0.0,7568.0,0.0,7475.0,0.0,7363.0,0.0,327.0,No change,0,,Week4_v2,Australia/Sydney (assumption; confirm with AEMO metadata)
2025-08-09 07:00:00,10.99,1.0,8259,0,0,2025-08-09 00:00:00,12.0,16.0,50.6,4.2,96.0,8.0,89.0,6.0,11.0,2025,8,August,Q3,Saturday,1,7,0,07:00,Winter,0.0,7895.0,0.0,7568.0,0.0,7374.0,10.99,364.0,Increase,0,,Week4_v2,Australia/Sydney (assumption; confirm with AEMO metadata)
2025-08-09 07:30:00,131.326,1.0,8598,0,0,2025-08-09 00:00:00,12.0,16.0,50.6,4.2,96.0,8.0,89.0,6.0,11.0,2025,8,August,Q3,Saturday,1,7,30,07:30,Winter,10.99,8259.0,0.0,7895.0,0.0,7475.0,120.336,339.0,Increase,0,,Week4_v2,Australia/Sydney (assumption; confirm with AEMO metadata)
2025-08-09 08:00:00,404.866,1.0,8692,0,0,2025-08-09 00:00:00,12.0,16.0,50.6,4.2,96.0,8.0,89.0,6.0,11.0,2025,8,August,Q3,Saturday,1,8,0,08:00,Winter,131.326,8598.0,10.99,8259.0,0.0,7568.0,273.53999999999996,94.0,Increase,0,,Week4_v2,Australia/Sydney (assumption; confirm with AEMO metadata)
2025-08-09 08:30:00,907.891,1.0,8588,0,0,2025-08-09 00:00:00,12.0,16.0,50.6,4.2,96.0,8.0,89.0,6.0,11.0,2025,8,August,Q3,Saturday,1,8,30,08:30,Winter,404.866,8692.0,131.326,8598.0,0.0,7895.0,503.025,-104.0,Increase,0,,Week4_v2,Australia/Sydney (assumption; confirm with AEMO metadata)
2025-08-09 09:00:00,1312.226,1.0,8365,0,0,2025-08-09 00:00:00,12.0,16.0,50.6,4.2,96.0,8.0,89.0,6.0,11.0,2025,8,August,Q3,Saturday,1,9,0,09:00,Winter,907.891,8588.0,404.866,8692.0,10.99,8259.0,404.33500000000015,-223.0,Increase,0,,Week4_v2,Australia/Sydney (assumption; confirm with AEMO metadata)
2025-08-09 09:30:00,1695.526,1.0,8246,0,0,2025-08-09 00:00:00,12.0,16.0,50.6,4.2,96.0,8.0,89.0,6.0,11.0,2025,8,August,Q3,Saturday,1,9,30,09:30,Winter,1312.226,8365.0,907.891,8588.0,131.326,8598.0,383.29999999999995,-119.0,Increase,0,,Week4_v2,Australia/Sydney (assumption; confirm with AEMO metadata)
2025-08-09 10:00:00,2019.292,1.0,7927,0,0,2025-08-09 00:00:00,12.0,16.0,50.6,4.2,96.0,8.0,89.0,6.0,11.0,2025,8,August,Q3,Saturday,1,10,0,10:00,Winter,1695.526,8246.0,1312.226,8365.0,404.866,8692.0,323.76599999999985,-319.0,Increase,0,,Week4_v2,Australia/Sydney (assumption; confirm with AEMO metadata)
2025-08-09 10:30:00,2332.778,1.0,7625,0,0,2025-08-09 00:00:00,12.0,16.0,50.6,4.2,96.0,8.0,89.0,6.0,11.0,2025,8,August,Q3,Saturday,1,10,30,10:30,Winter,2019.292,7927.0,1695.526,8246.0,907.891,8588.0,313.4859999999999,-302.0,Increase,0,,Week4_v2,Australia/Sydney (assumption; confirm with AEMO metadata)
2025-08-09 11:00:00,2506.78,1.0,7477,0,0,2025-08-09 00:00:00,12.0,16.0,50.6,4.2,96.0,8.0,89.0,6.0,11.0,2025,8,August,Q3,Saturday,1,11,0,11:00,Winter,2332.778,7625.0,2019.292,7927.0,1312.226,8365.0,174.0020000000004,-148.0,Increase,0,,Week4_v2,Australia/Sydney (assumption; confirm with AEMO metadata)
2025-08-09 11:30:00,2498.495,1.0,7502,0,0,2025-08-09 00:00:00,12.0,16.0,50.6,4.2,96.0,8.0,89.0,6.0,11.0,2025,8,August,Q3,Saturday,1,11,30,11:30,Winter,2506.78,7477.0,2332.778,7625.0,1695.526,8246.0,-8.28500000000031,25.0,Decrease,0,,Week4_v2,Australia/Sydney (assumption; confirm with AEMO metadata)
2025-08-09 12:00:00,2599.266,1.0,7341,0,0,2025-08-09 00:00:00,12.0,16.0,50.6,4.2,96.0,8.0,89.0,6.0,11.0,2025,8,August,Q3,Saturday,1,12,0,12:00,Winter,2498.495,7502.0,2506.78,7477.0,2019.292,7927.0,100.77100000000019,-161.0,Increase,0,,Week4_v2,Australia/Sydney (assumption; confirm with AEMO metadata)
2025-08-09 12:30:00,2846.233,1.0,7114,0,0,2025-08-09 00:00:00,12.0,16.0,50.6,4.2,96.0,8.0,89.0,6.0,11.0,2025,8,August,Q3,Saturday,1,12,30,12:30,Winter,2599.266,7341.0,2498.495,7502.0,2332.778,7625.0,246.9670000000001,-227.0,Increase,0,,Week4_v2,Australia/Sydney (assumption; confirm with AEMO metadata)
2025-08-09 13:00:00,2907.411,1.0,6834,0,0,2025-08-09 00:00:00,12.0,16.0,50.6,4.2,96.0,8.0,89.0,6.0,11.0,2025,8,August,Q3,Saturday,1,13,0,13:00,Winter,2846.233,7114.0,2599.266,7341.0,2506.78,7477.0,61.177999999999884,-280.0,Increase,0,,Week4_v2,Australia/Sydney (assumption; confirm with AEMO metadata)
2025-08-09 13:30:00,2615.487,1.0,6921,0,0,2025-08-09 00:00:00,12.0,16.0,50.6,4.2,96.0,8.0,89.0,6.0,11.0,2025,8,August,Q3,Saturday,1,13,30,13:30,Winter,2907.411,6834.0,2846.233,7114.0,2498.495,7502.0,-291.924,87.0,Decrease,0,,Week4_v2,Australia/Sydney (assumption; confirm with AEMO metadata)
2025-08-09 14:00:00,2293.182,1.0,7031,0,0,2025-08-09 00:00:00,12.0,16.0,50.6,4.2,96.0,8.0,89.0,6.0,11.0,2025,8,August,Q3,Saturday,1,14,0,14:00,Winter,2615.487,6921.0,2907.411,6834.0,2599.266,7341.0,-322.3050000000003,110.0,Decrease,0,,Week4_v2,Australia/Sydney (assumption; confirm with AEMO metadata)
2025-08-09 14:30:00,1998.575,1.0,7190,0,0,2025-08-09 00:00:00,12.0,16.0,50.6,4.2,96.0,8.0,89.0,6.0,11.0,2025,8,August,Q3,Saturday,1,14,30,14:30,Winter,2293.182,7031.0,2615.487,6921.0,2846.233,7114.0,-294.60699999999974,159.0,Decrease,0,,Week4_v2,Australia/Sydney (assumption; confirm with AEMO metadata)
2025-08-09 15:00:00,1831.485,1.0,7388,0,0,2025-08-09 00:00:00,12.0,16.0,50.6,4.2,96.0,8.0,89.0,6.0,11.0,2025,8,August,Q3,Saturday,1,15,0,15:00,Winter,1998.575,7190.0,2293.182,7031.0,2907.411,6834.0,-167.09000000000015,198.0,Decrease,0,,Week4_v2,Australia/Sydney (assumption; confirm with AEMO metadata)
2025-08-09 15:30:00,1449.18,1.0,7594,0,0,2025-08-09 00:00:00,12.0,16.0,50.6,4.2,96.0,8.0,89.0,6.0,11.0,2025,8,August,Q3,Saturday,1,15,30,15:30,Winter,1831.485,7388.0,1998.575,7190.0,2615.487,6921.0,-382.30499999999984,206.0,Decrease,0,,Week4_v2,Australia/Sydney (assumption; confirm with AEMO metadata)
2025-08-09 16:00:00,989.497,1.0,8083,0,0,2025-08-09 00:00:00,12.0,16.0,50.6,4.2,96.0,8.0,89.0,6.0,11.0,2025,8,August,Q3,Saturday,1,16,0,16:00,Winter,1449.18,7594.0,1831.485,7388.0,2293.182,7031.0,-459.6830000000001,489.0,Decrease,0,,Week4_v2,Australia/Sydney (assumption; confirm with AEMO metadata)
2025-08-09 16:30:00,,0.0,8625,0,0,2025-08-09 00:00:00,12.0,16.0,50.6,4.2,96.0,8.0,89.0,6.0,11.0,2025,8,August,Q3,Saturday,1,16,30,16:30,Winter,989.497,8083.0,1449.18,7594.0,1998.575,7190.0,,542.0,,0,,Week4_v2,Australia/Sydney (assumption; confirm with AEMO metadata)
2025-08-09 17:00:00,0.0,0.7,9313,0,0,2025-08-09 00:00:00,12.0,16.0,50.6,4.2,96.0,8.0,89.0,6.0,11.0,2025,8,August,Q3,Saturday,1,17,0,17:00,Winter,,8625.0,989.497,8083.0,1831.485,7388.0,,688.0,,0,,Week4_v2,Australia/Sydney (assumption; confirm with AEMO metadata)
2025-08-09 17:30:00,34.929,1.0,9795,0,0,2025-08-09 00:00:00,12.0,16.0,50.6,4.2,96.0,8.0,89.0,6.0,11.0,2025,8,August,Q3,Saturday,1,17,30,17:30,Winter,0.0,9313.0,,8625.0,1449.18,7594.0,34.929,482.0,Increase,0,,Week4_v2,Australia/Sydney (assumption; confirm with AEMO metadata)
2025-08-09 18:00:00,0.0,1.0,10315,0,0,2025-08-09 00:00:00,12.0,16.0,50.6,4.2,96.0,8.0,89.0,6.0,11.0,2025,8,August,Q3,Saturday,1,18,0,18:00,Winter,34.929,9795.0,0.0,9313.0,989.497,8083.0,-34.929,520.0,Decrease,0,,Week4_v2,Australia/Sydney (assumption; confirm with AEMO metadata)
2025-08-09 18:30:00,0.0,1.0,10484,0,0,2025-08-09 00:00:00,12.0,16.0,50.6,4.2,96.0,8.0,89.0,6.0,11.0,2025,8,August,Q3,Saturday,1,18,30,18:30,Winter,0.0,10315.0,34.929,9795.0,,8625.0,0.0,169.0,No change,0,,Week4_v2,Australia/Sydney (assumption; confirm with AEMO metadata)
2025-08-09 19:00:00,0.0,1.0,10421,0,0,2025-08-09 00:00:00,12.0,16.0,50.6,4.2,96.0,8.0,89.0,6.0,11.0,2025,8,August,Q3,Saturday,1,19,0,19:00,Winter,0.0,10484.0,0.0,10315.0,0.0,9313.0,0.0,-63.0,No change,0,,Week4_v2,Australia/Sydney (assumption; confirm with AEMO metadata)
2025-08-09 19:30:00,0.0,1.0,10258,0,0,2025-08-09 00:00:00,12.0,16.0,50.6,4.2,96.0,8.0,89.0,6.0,11.0,2025,8,August,Q3,Saturday,1,19,30,19:30,Winter,0.0,10421.0,0.0,10484.0,34.929,9795.0,0.0,-163.0,No change,0,,Week4_v2,Australia/Sydney (assumption; confirm with AEMO metadata)
2025-08-09 20:00:00,0.0,1.0,10146,0,0,2025-08-09 00:00:00,12.0,16.0,50.6,4.2,96.0,8.0,89.0,6.0,11.0,2025,8,August,Q3,Saturday,1,20,0,20:00,Winter,0.0,10258.0,0.0,10421.0,0.0,10315.0,0.0,-112.0,No change,0,,Week4_v2,Australia/Sydney (assumption; confirm with AEMO metadata)
2025-08-09 20:30:00,0.0,1.0,9985,0,0,2025-08-09 00:00:00,12.0,16.0,50.6,4.2,96.0,8.0,89.0,6.0,11.0,2025,8,August,Q3,Saturday,1,20,30,20:30,Winter,0.0,10146.0,0.0,10258.0,0.0,10484.0,0.0,-161.0,No change,0,,Week4_v2,Australia/Sydney (assumption; confirm with AEMO metadata)
2025-08-09 21:00:00,0.0,1.0,9872,0,0,2025-08-09 00:00:00,12.0,16.0,50.6,4.2,96.0,8.0,89.0,6.0,11.0,2025,8,August,Q3,Saturday,1,21,0,21:00,Winter,0.0,9985.0,0.0,10146.0,0.0,10421.0,0.0,-113.0,No change,0,,Week4_v2,Australia/Sydney (assumption; confirm with AEMO metadata)
2025-08-09 21:30:00,0.0,1.0,9631,0,0,2025-08-09 00:00:00,12.0,16.0,50.6,4.2,96.0,8.0,89.0,6.0,11.0,2025,8,August,Q3,Saturday,1,21,30,21:30,Winter,0.0,9872.0,0.0,9985.0,0.0,10258.0,0.0,-241.0,No change,0,,Week4_v2,Australia/Sydney (assumption; confirm with AEMO metadata)
2025-08-09 22:00:00,0.0,1.0,9422,0,0,2025-08-09 00:00:00,12.0,16.0,50.6,4.2,96.0,8.0,89.0,6.0,11.0,2025,8,August,Q3,Saturday,1,22,0,22:00,Winter,0.0,9631.0,0.0,9872.0,0.0,10146.0,0.0,-209.0,No change,0,,Week4_v2,Australia/Sydney (assumption; confirm with AEMO metadata)
2025-08-09 22:30:00,0.0,1.0,9281,0,0,2025-08-09 00:00:00,12.0,16.0,50.6,4.2,96.0,8.0,89.0,6.0,11.0,2025,8,August,Q3,Saturday,1,22,30,22:30,Winter,0.0,9422.0,0.0,9631.0,0.0,9985.0,0.0,-141.0,No change,0,,Week4_v2,Australia/Sydney (assumption; confirm with AEMO metadata)
2025-08-09 23:00:00,0.0,1.0,9041,0,0,2025-08-09 00:00:00,12.0,16.0,50.6,4.2,96.0,8.0,89.0,6.0,11.0,2025,8,August,Q3,Saturday,1,23,0,23:00,Winter,0.0,9281.0,0.0,9422.0,0.0,9872.0,0.0,-240.0,No change,0,,Week4_v2,Australia/Sydney (assumption; confirm with AEMO metadata)
2025-08-09 23:30:00,0.0,1.0,8768,0,0,2025-08-09 00:00:00,12.0,16.0,50.6,4.2,96.0,8.0,89.0,6.0,11.0,2025,8,August,Q3,Saturday,1,23,30,23:30,Winter,0.0,9041.0,0.0,9281.0,0.0,9631.0,0.0,-273.0,No change,0,,Week4_v2,Australia/Sydney (assumption; confirm with AEMO metadata)
2025-08-10 00:00:00,0.0,1.0,8498,0,0,2025-08-10 00:00:00,11.2,16.2,26.8,1.3,92.0,7.0,89.0,7.0,8.9,2025,8,August,Q3,Sunday,1,0,0,00:00,Winter,0.0,8768.0,0.0,9041.0,0.0,9422.0,0.0,-270.0,No change,0,,Week4_v2,Australia/Sydney (assumption; confirm with AEMO metadata)
2025-08-10 00:30:00,0.0,1.0,8279,0,0,2025-08-10 00:00:00,11.2,16.2,26.8,1.3,92.0,7.0,89.0,7.0,8.9,2025,8,August,Q3,Sunday,1,0,30,00:30,Winter,0.0,8498.0,0.0,8768.0,0.0,9281.0,0.0,-219.0,No change,0,,Week4_v2,Australia/Sydney (assumption; confirm with AEMO metadata)
2025-08-10 01:00:00,0.0,1.0,8048,0,0,2025-08-10 00:00:00,11.2,16.2,26.8,1.3,92.0,7.0,89.0,7.0,8.9,2025,8,August,Q3,Sunday,1,1,0,01:00,Winter,0.0,8279.0,0.0,8498.0,0.0,9041.0,0.0,-231.0,No change,0,,Week4_v2,Australia/Sydney (assumption; confirm with AEMO metadata)
2025-08-10 01:30:00,0.0,1.0,7866,0,0,2025-08-10 00:00:00,11.2,16.2,26.8,1.3,92.0,7.0,89.0,7.0,8.9,2025,8,August,Q3,Sunday,1,1,30,01:30,Winter,0.0,8048.0,0.0,8279.0,0.0,8768.0,0.0,-182.0,No change,0,,Week4_v2,Australia/Sydney (assumption; confirm with AEMO metadata)
2025-08-10 02:00:00,0.0,1.0,7595,0,0,2025-08-10 00:00:00,11.2,16.2,26.8,1.3,92.0,7.0,89.0,7.0,8.9,2025,8,August,Q3,Sunday,1,2,0,02:00,Winter,0.0,7866.0,0.0,8048.0,0.0,8498.0,0.0,-271.0,No change,0,,Week4_v2,Australia/Sydney (assumption; confirm with AEMO metadata)
2025-08-10 02:30:00,0.0,1.0,7412,0,0,2025-08-10 00:00:00,11.2,16.2,26.8,1.3,92.0,7.0,89.0,7.0,8.9,2025,8,August,Q3,Sunday,1,2,30,02:30,Winter,0.0,7595.0,0.0,7866.0,0.0,8279.0,0.0,-183.0,No change,0,,Week4_v2,Australia/Sydney (assumption; confirm with AEMO metadata)
2025-08-10 03:00:00,0.0,1.0,7291,0,0,2025-08-10 00:00:00,11.2,16.2,26.8,1.3,92.0,7.0,89.0,7.0,8.9,2025,8,August,Q3,Sunday,1,3,0,03:00,Winter,0.0,7412.0,0.0,7595.0,0.0,8048.0,0.0,-121.0,No change,0,,Week4_v2,Australia/Sydney (assumption; confirm with AEMO metadata)
2025-08-10 03:30:00,0.0,1.0,7183,0,0,2025-08-10 00:00:00,11.2,16.2,26.8,1.3,92.0,7.0,89.0,7.0,8.9,2025,8,August,Q3,Sunday,1,3,30,03:30,Winter,0.0,7291.0,0.0,7412.0,0.0,7866.0,0.0,-108.0,No change,0,,Week4_v2,Australia/Sydney (assumption; confirm with AEMO metadata)
2025-08-10 04:00:00,0.0,1.0,7176,0,0,2025-08-10 00:00:00,11.2,16.2,26.8,1.3,92.0,7.0,89.0,7.0,8.9,2025,8,August,Q3,Sunday,1,4,0,04:00,Winter,0.0,7183.0,0.0,7291.0,0.0,7595.0,0.0,-7.0,No change,0,,Week4_v2,Australia/Sydney (assumption; confirm with AEMO metadata)
2025-08-10 04:30:00,0.0,1.0,7202,0,0,2025-08-10 00:00:00,11.2,16.2,26.8,1.3,92.0,7.0,89.0,7.0,8.9,2025,8,August,Q3,Sunday,1,4,30,04:30,Winter,0.0,7176.0,0.0,7183.0,0.0,7412.0,0.0,26.0,No change,0,,Week4_v2,Australia/Sydney (assumption; confirm with AEMO metadata)
2025-08-10 05:00:00,0.0,1.0,7217,0,0,2025-08-10 00:00:00,11.2,16.2,26.8,1.3,92.0,7.0,89.0,7.0,8.9,2025,8,August,Q3,Sunday,1,5,0,05:00,Winter,0.0,7202.0,0.0,7176.0,0.0,7291.0,0.0,15.0,No change,0,,Week4_v2,Australia/Sydney (assumption; confirm with AEMO metadata)
2025-08-10 05:30:00,0.0,1.0,7240,0,0,2025-08-10 00:00:00,11.2,16.2,26.8,1.3,92.0,7.0,89.0,7.0,8.9,2025,8,August,Q3,Sunday,1,5,30,05:30,Winter,0.0,7217.0,0.0,7202.0,0.0,7183.0,0.0,23.0,No change,0,,Week4_v2,Australia/Sydney (assumption; confirm with AEMO metadata)
2025-08-10 06:00:00,0.0,1.0,7396,0,0,2025-08-10 00:00:00,11.2,16.2,26.8,1.3,92.0,7.0,89.0,7.0,8.9,2025,8,August,Q3,Sunday,1,6,0,06:00,Winter,0.0,7240.0,0.0,7217.0,0.0,7176.0,0.0,156.0,No change,0,,Week4_v2,Australia/Sydney (assumption; confirm with AEMO metadata)
2025-08-10 06:30:00,0.0,1.0,7585,0,0,2025-08-10 00:00:00,11.2,16.2,26.8,1.3,92.0,7.0,89.0,7.0,8.9,2025,8,August,Q3,Sunday,1,6,30,06:30,Winter,0.0,7396.0,0.0,7240.0,0.0,7202.0,0.0,189.0,No change,0,,Week4_v2,Australia/Sydney (assumption; confirm with AEMO metadata)
2025-08-10 07:00:00,16.474,1.0,7861,0,0,2025-08-10 00:00:00,11.2,16.2,26.8,1.3,92.0,7.0,89.0,7.0,8.9,2025,8,August,Q3,Sunday,1,7,0,07:00,Winter,0.0,7585.0,0.0,7396.0,0.0,7217.0,16.474,276.0,Increase,0,,Week4_v2,Australia/Sydney (assumption; confirm with AEMO metadata)
2025-08-10 07:30:00,192.447,1.0,8035,0,0,2025-08-10 00:00:00,11.2,16.2,26.8,1.3,92.0,7.0,89.0,7.0,8.9,2025,8,August,Q3,Sunday,1,7,30,07:30,Winter,16.474,7861.0,0.0,7585.0,0.0,7240.0,175.973,174.0,Increase,0,,Week4_v2,Australia/Sydney (assumption; confirm with AEMO metadata)
2025-08-10 08:00:00,574.74,1.0,8049,0,0,2025-08-10 00:00:00,11.2,16.2,26.8,1.3,92.0,7.0,89.0,7.0,8.9,2025,8,August,Q3,Sunday,1,8,0,08:00,Winter,192.447,8035.0,16.474,7861.0,0.0,7396.0,382.293,14.0,Increase,0,,Week4_v2,Australia/Sydney (assumption; confirm with AEMO metadata)
2025-08-10 08:30:00,1042.705,1.0,7961,0,0,2025-08-10 00:00:00,11.2,16.2,26.8,1.3,92.0,7.0,89.0,7.0,8.9,2025,8,August,Q3,Sunday,1,8,30,08:30,Winter,574.74,8049.0,192.447,8035.0,0.0,7585.0,467.9649999999999,-88.0,Increase,0,,Week4_v2,Australia/Sydney (assumption; confirm with AEMO metadata)
2025-08-10 09:00:00,1480.387,1.0,7778,0,0,2025-08-10 00:00:00,11.2,16.2,26.8,1.3,92.0,7.0,89.0,7.0,8.9,2025,8,August,Q3,Sunday,1,9,0,09:00,Winter,1042.705,7961.0,574.74,8049.0,16.474,7861.0,437.682,-183.0,Increase,0,,Week4_v2,Australia/Sydney (assumption; confirm with AEMO metadata)
2025-08-10 09:30:00,1879.792,1.0,7320,0,0,2025-08-10 00:00:00,11.2,16.2,26.8,1.3,92.0,7.0,89.0,7.0,8.9,2025,8,August,Q3,Sunday,1,9,30,09:30,Winter,1480.387,7778.0,1042.705,7961.0,192.447,8035.0,399.405,-458.0,Increase,0,,Week4_v2,Australia/Sydney (assumption; confirm with AEMO metadata)
2025-08-10 10:00:00,2142.557,1.0,7445,0,0,2025-08-10 00:00:00,11.2,16.2,26.8,1.3,92.0,7.0,89.0,7.0,8.9,2025,8,August,Q3,Sunday,1,10,0,10:00,Winter,1879.792,7320.0,1480.387,7778.0,574.74,8049.0,262.7649999999999,125.0,Increase,0,,Week4_v2,Australia/Sydney (assumption; confirm with AEMO metadata)
2025-08-10 10:30:00,2226.22,1.0,7433,0,0,2025-08-10 00:00:00,11.2,16.2,26.8,1.3,92.0,7.0,89.0,7.0,8.9,2025,8,August,Q3,Sunday,1,10,30,10:30,Winter,2142.557,7445.0,1879.792,7320.0,1042.705,7961.0,83.66300000000001,-12.0,Increase,0,,Week4_v2,Australia/Sydney (assumption; confirm with AEMO metadata)
2025-08-10 11:00:00,2334.425,1.0,7388,0,0,2025-08-10 00:00:00,11.2,16.2,26.8,1.3,92.0,7.0,89.0,7.0,8.9,2025,8,August,Q3,Sunday,1,11,0,11:00,Winter,2226.22,7433.0,2142.557,7445.0,1480.387,7778.0,108.20500000000038,-45.0,Increase,0,,Week4_v2,Australia/Sydney (assumption; confirm with AEMO metadata)
2025-08-10 11:30:00,2575.42,1.0,7303,0,0,2025-08-10 00:00:00,11.2,16.2,26.8,1.3,92.0,7.0,89.0,7.0,8.9,2025,8,August,Q3,Sunday,1,11,30,11:30,Winter,2334.425,7388.0,2226.22,7433.0,1879.792,7320.0,240.9949999999999,-85.0,Increase,0,,Week4_v2,Australia/Sydney (assumption; confirm with AEMO metadata)
2025-08-10 12:00:00,2557.697,1.0,7199,0,0,2025-08-10 00:00:00,11.2,16.2,26.8,1.3,92.0,7.0,89.0,7.0,8.9,2025,8,August,Q3,Sunday,1,12,0,12:00,Winter,2575.42,7303.0,2334.425,7388.0,2142.557,7445.0,-17.722999999999956,-104.0,Decrease,0,,Week4_v2,Australia/Sydney (assumption; confirm with AEMO metadata)
2025-08-10 12:30:00,2584.709,1.0,7354,0,0,2025-08-10 00:00:00,11.2,16.2,26.8,1.3,92.0,7.0,89.0,7.0,8.9,2025,8,August,Q3,Sunday,1,12,30,12:30,Winter,2557.697,7199.0,2575.42,7303.0,2226.22,7433.0,27.011999999999716,155.0,Increase,0,,Week4_v2,Australia/Sydney (assumption; confirm with AEMO metadata)
2025-08-10 13:00:00,2631.609,1.0,7092,0,0,2025-08-10 00:00:00,11.2,16.2,26.8,1.3,92.0,7.0,89.0,7.0,8.9,2025,8,August,Q3,Sunday,1,13,0,13:00,Winter,2584.709,7354.0,2557.697,7199.0,2334.425,7388.0,46.90000000000009,-262.0,Increase,0,,Week4_v2,Australia/Sydney (assumption; confirm with AEMO metadata)
2025-08-10 13:30:00,2665.222,1.0,6810,0,0,2025-08-10 00:00:00,11.2,16.2,26.8,1.3,92.0,7.0,89.0,7.0,8.9,2025,8,August,Q3,Sunday,1,13,30,13:30,Winter,2631.609,7092.0,2584.709,7354.0,2575.42,7303.0,33.613000000000284,-282.0,Increase,0,,Week4_v2,Australia/Sydney (assumption; confirm with AEMO metadata)
2025-08-10 14:00:00,2265.769,1.0,7074,0,0,2025-08-10 00:00:00,11.2,16.2,26.8,1.3,92.0,7.0,89.0,7.0,8.9,2025,8,August,Q3,Sunday,1,14,0,14:00,Winter,2665.222,6810.0,2631.609,7092.0,2557.697,7199.0,-399.45300000000043,264.0,Decrease,0,,Week4_v2,Australia/Sydney (assumption; confirm with AEMO metadata)
2025-08-10 14:30:00,2153.395,1.0,7176,0,0,2025-08-10 00:00:00,11.2,16.2,26.8,1.3,92.0,7.0,89.0,7.0,8.9,2025,8,August,Q3,Sunday,1,14,30,14:30,Winter,2265.769,7074.0,2665.222,6810.0,2584.709,7354.0,-112.3739999999998,102.0,Decrease,0,,Week4_v2,Australia/Sydney (assumption; confirm with AEMO metadata)
2025-08-10 15:00:00,1782.636,1.0,7410,0,0,2025-08-10 00:00:00,11.2,16.2,26.8,1.3,92.0,7.0,89.0,7.0,8.9,2025,8,August,Q3,Sunday,1,15,0,15:00,Winter,2153.395,7176.0,2265.769,7074.0,2631.609,7092.0,-370.759,234.0,Decrease,0,,Week4_v2,Australia/Sydney (assumption; confirm with AEMO metadata)
2025-08-10 15:30:00,1461.211,1.0,7814,0,0,2025-08-10 00:00:00,11.2,16.2,26.8,1.3,92.0,7.0,89.0,7.0,8.9,2025,8,August,Q3,Sunday,1,15,30,15:30,Winter,1782.636,7410.0,2153.395,7176.0,2665.222,6810.0,-321.42499999999995,404.0,Decrease,0,,Week4_v2,Australia/Sydney (assumption; confirm with AEMO metadata)
2025-08-10 16:00:00,1012.913,1.0,8338,0,0,2025-08-10 00:00:00,11.2,16.2,26.8,1.3,92.0,7.0,89.0,7.0,8.9,2025,8,August,Q3,Sunday,1,16,0,16:00,Winter,1461.211,7814.0,1782.636,7410.0,2265.769,7074.0,-448.298,524.0,Decrease,0,,Week4_v2,Australia/Sydney (assumption; confirm with AEMO metadata)
2025-08-10 16:30:00,620.761,1.0,8887,0,0,2025-08-10 00:00:00,11.2,16.2,26.8,1.3,92.0,7.0,89.0,7.0,8.9,2025,8,August,Q3,Sunday,1,16,30,16:30,Winter,1012.913,8338.0,1461.211,7814.0,2153.395,7176.0,-392.15200000000004,549.0,Decrease,0,,Week4_v2,Australia/Sydney (assumption; confirm with AEMO metadata)
2025-08-10 17:00:00,271.398,1.0,9506,0,0,2025-08-10 00:00:00,11.2,16.2,26.8,1.3,92.0,7.0,89.0,7.0,8.9,2025,8,August,Q3,Sunday,1,17,0,17:00,Winter,620.761,8887.0,1012.913,8338.0,1782.636,7410.0,-349.36299999999994,619.0,Decrease,0,,Week4_v2,Australia/Sydney (assumption; confirm with AEMO metadata)
2025-08-10 17:30:00,39.92,1.0,10029,0,0,2025-08-10 00:00:00,11.2,16.2,26.8,1.3,92.0,7.0,89.0,7.0,8.9,2025,8,August,Q3,Sunday,1,17,30,17:30,Winter,271.398,9506.0,620.761,8887.0,1461.211,7814.0,-231.478,523.0,Decrease,0,,Week4_v2,Australia/Sydney (assumption; confirm with AEMO metadata)
2025-08-10 18:00:00,0.0,1.0,10639,0,0,2025-08-10 00:00:00,11.2,16.2,26.8,1.3,92.0,7.0,89.0,7.0,8.9,2025,8,August,Q3,Sunday,1,18,0,18:00,Winter,39.92,10029.0,271.398,9506.0,1012.913,8338.0,-39.92,610.0,Decrease,0,,Week4_v2,Australia/Sydney (assumption; confirm with AEMO metadata)
2025-08-10 18:30:00,0.0,1.0,10908,0,0,2025-08-10 00:00:00,11.2,16.2,26.8,1.3,92.0,7.0,89.0,7.0,8.9,2025,8,August,Q3,Sunday,1,18,30,18:30,Winter,0.0,10639.0,39.92,10029.0,620.761,8887.0,0.0,269.0,No change,0,,Week4_v2,Australia/Sydney (assumption; confirm with AEMO metadata)
2025-08-10 19:00:00,0.0,1.0,10857,0,0,2025-08-10 00:00:00,11.2,16.2,26.8,1.3,92.0,7.0,89.0,7.0,8.9,2025,8,August,Q3,Sunday,1,19,0,19:00,Winter,0.0,10908.0,0.0,10639.0,271.398,9506.0,0.0,-51.0,No change,0,,Week4_v2,Australia/Sydney (assumption; confirm with AEMO metadata)
2025-08-10 19:30:00,0.0,1.0,10724,0,0,2025-08-10 00:00:00,11.2,16.2,26.8,1.3,92.0,7.0,89.0,7.0,8.9,2025,8,August,Q3,Sunday,1,19,30,19:30,Winter,0.0,10857.0,0.0,10908.0,39.92,10029.0,0.0,-133.0,No change,0,,Week4_v2,Australia/Sydney (assumption; confirm with AEMO metadata)
2025-08-10 20:00:00,0.0,1.0,10545,0,0,2025-08-10 00:00:00,11.2,16.2,26.8,1.3,92.0,7.0,89.0,7.0,8.9,2025,8,August,Q3,Sunday,1,20,0,20:00,Winter,0.0,10724.0,0.0,10857.0,0.0,10639.0,0.0,-179.0,No change,0,,Week4_v2,Australia/Sydney (assumption; confirm with AEMO metadata)
2025-08-10 20:30:00,0.0,1.0,10397,0,0,2025-08-10 00:00:00,11.2,16.2,26.8,1.3,92.0,7.0,89.0,7.0,8.9,2025,8,August,Q3,Sunday,1,20,30,20:30,Winter,0.0,10545.0,0.0,10724.0,0.0,10908.0,0.0,-148.0,No change,0,,Week4_v2,Australia/Sydney (assumption; confirm with AEMO metadata)
2025-08-10 21:00:00,0.0,1.0,10161,0,0,2025-08-10 00:00:00,11.2,16.2,26.8,1.3,92.0,7.0,89.0,7.0,8.9,2025,8,August,Q3,Sunday,1,21,0,21:00,Winter,0.0,10397.0,0.0,10545.0,0.0,10857.0,0.0,-236.0,No change,0,,Week4_v2,Australia/Sydney (assumption; confirm with AEMO metadata)
2025-08-10 21:30:00,0.0,1.0,9845,0,0,2025-08-10 00:00:00,11.2,16.2,26.8,1.3,92.0,7.0,89.0,7.0,8.9,2025,8,August,Q3,Sunday,1,21,30,21:30,Winter,0.0,10161.0,0.0,10397.0,0.0,10724.0,0.0,-316.0,No change,0,,Week4_v2,Australia/Sydney (assumption; confirm with AEMO metadata)
2025-08-10 22:00:00,0.0,1.0,9462,0,0,2025-08-10 00:00:00,11.2,16.2,26.8,1.3,92.0,7.0,89.0,7.0,8.9,2025,8,August,Q3,Sunday,1,22,0,22:00,Winter,0.0,9845.0,0.0,10161.0,0.0,10545.0,0.0,-383.0,No change,0,,Week4_v2,Australia/Sydney (assumption; confirm with AEMO metadata)
2025-08-10 22:30:00,0.0,1.0,9138,0,0,2025-08-10 00:00:00,11.2,16.2,26.8,1.3,92.0,7.0,89.0,7.0,8.9,2025,8,August,Q3,Sunday,1,22,30,22:30,Winter,0.0,9462.0,0.0,9845.0,0.0,10397.0,0.0,-324.0,No change,0,,Week4_v2,Australia/Sydney (assumption; confirm with AEMO metadata)
2025-08-10 23:00:00,0.0,1.0,8820,0,0,2025-08-10 00:00:00,11.2,16.2,26.8,1.3,92.0,7.0,89.0,7.0,8.9,2025,8,August,Q3,Sunday,1,23,0,23:00,Winter,0.0,9138.0,0.0,9462.0,0.0,10161.0,0.0,-318.0,No change,0,,Week4_v2,Australia/Sydney (assumption; confirm with AEMO metadata)
2025-08-10 23:30:00,0.0,1.0,8540,0,0,2025-08-10 00:00:00,11.2,16.2,26.8,1.3,92.0,7.0,89.0,7.0,8.9,2025,8,August,Q3,Sunday,1,23,30,23:30,Winter,0.0,8820.0,0.0,9138.0,0.0,9845.0,0.0,-280.0,No change,0,,Week4_v2,Australia/Sydney (assumption; confirm with AEMO metadata)
2025-08-11 00:00:00,0.0,1.0,8310,0,0,2025-08-11 00:00:00,10.5,14.9,18.6,2.8,94.0,7.0,76.0,7.0,9.8,2025,8,August,Q3,Monday,0,0,0,00:00,Winter,0.0,8540.0,0.0,8820.0,0.0,9462.0,0.0,-230.0,No change,0,,Week4_v2,Australia/Sydney (assumption; confirm with AEMO metadata)
2025-08-11 00:30:00,0.0,1.0,8168,0,0,2025-08-11 00:00:00,10.5,14.9,18.6,2.8,94.0,7.0,76.0,7.0,9.8,2025,8,August,Q3,Monday,0,0,30,00:30,Winter,0.0,8310.0,0.0,8540.0,0.0,9138.0,0.0,-142.0,No change,0,,Week4_v2,Australia/Sydney (assumption; confirm with AEMO metadata)
2025-08-11 01:00:00,0.0,1.0,7983,0,0,2025-08-11 00:00:00,10.5,14.9,18.6,2.8,94.0,7.0,76.0,7.0,9.8,2025,8,August,Q3,Monday,0,1,0,01:00,Winter,0.0,8168.0,0.0,8310.0,0.0,8820.0,0.0,-185.0,No change,0,,Week4_v2,Australia/Sydney (assumption; confirm with AEMO metadata)
2025-08-11 01:30:00,0.0,1.0,7816,0,0,2025-08-11 00:00:00,10.5,14.9,18.6,2.8,94.0,7.0,76.0,7.0,9.8,2025,8,August,Q3,Monday,0,1,30,01:30,Winter,0.0,7983.0,0.0,8168.0,0.0,8540.0,0.0,-167.0,No change,0,,Week4_v2,Australia/Sydney (assumption; confirm with AEMO metadata)
2025-08-11 02:00:00,0.0,1.0,7597,0,0,2025-08-11 00:00:00,10.5,14.9,18.6,2.8,94.0,7.0,76.0,7.0,9.8,2025,8,August,Q3,Monday,0,2,0,02:00,Winter,0.0,7816.0,0.0,7983.0,0.0,8310.0,0.0,-219.0,No change,0,,Week4_v2,Australia/Sydney (assumption; confirm with AEMO metadata)
2025-08-11 02:30:00,0.0,1.0,7475,0,0,2025-08-11 00:00:00,10.5,14.9,18.6,2.8,94.0,7.0,76.0,7.0,9.8,2025,8,August,Q3,Monday,0,2,30,02:30,Winter,0.0,7597.0,0.0,7816.0,0.0,8168.0,0.0,-122.0,No change,0,,Week4_v2,Australia/Sydney (assumption; confirm with AEMO metadata)
2025-08-11 03:00:00,0.0,1.0,7307,0,0,2025-08-11 00:00:00,10.5,14.9,18.6,2.8,94.0,7.0,76.0,7.0,9.8,2025,8,August,Q3,Monday,0,3,0,03:00,Winter,0.0,7475.0,0.0,7597.0,0.0,7983.0,0.0,-168.0,No change,0,,Week4_v2,Australia/Sydney (assumption; confirm with AEMO metadata)
2025-08-11 03:30:00,0.0,1.0,7265,0,0,2025-08-11 00:00:00,10.5,14.9,18.6,2.8,94.0,7.0,76.0,7.0,9.8,2025,8,August,Q3,Monday,0,3,30,03:30,Winter,0.0,7307.0,0.0,7475.0,0.0,7816.0,0.0,-42.0,No change,0,,Week4_v2,Australia/Sydney (assumption; confirm with AEMO metadata)
2025-08-11 04:00:00,0.0,1.0,7173,0,0,2025-08-11 00:00:00,10.5,14.9,18.6,2.8,94.0,7.0,76.0,7.0,9.8,2025,8,August,Q3,Monday,0,4,0,04:00,Winter,0.0,7265.0,0.0,7307.0,0.0,7597.0,0.0,-92.0,No change,0,,Week4_v2,Australia/Sydney (assumption; confirm with AEMO metadata)
2025-08-11 04:30:00,0.0,1.0,7222,0,0,2025-08-11 00:00:00,10.5,14.9,18.6,2.8,94.0,7.0,76.0,7.0,9.8,2025,8,August,Q3,Monday,0,4,30,04:30,Winter,0.0,7173.0,0.0,7265.0,0.0,7475.0,0.0,49.0,No change,0,,Week4_v2,Australia/Sydney (assumption; confirm with AEMO metadata)
2025-08-11 05:00:00,0.0,1.0,7344,0,0,2025-08-11 00:00:00,10.5,14.9,18.6,2.8,94.0,7.0,76.0,7.0,9.8,2025,8,August,Q3,Monday,0,5,0,05:00,Winter,0.0,7222.0,0.0,7173.0,0.0,7307.0,0.0,122.0,No change,0,,Week4_v2,Australia/Sydney (assumption; confirm with AEMO metadata)
2025-08-11 05:30:00,0.0,1.0,7688,0,0,2025-08-11 00:00:00,10.5,14.9,18.6,2.8,94.0,7.0,76.0,7.0,9.8,2025,8,August,Q3,Monday,0,5,30,05:30,Winter,0.0,7344.0,0.0,7222.0,0.0,7265.0,0.0,344.0,No change,0,,Week4_v2,Australia/Sydney (assumption; confirm with AEMO metadata)
2025-08-11 06:00:00,0.0,1.0,8107,0,0,2025-08-11 00:00:00,10.5,14.9,18.6,2.8,94.0,7.0,76.0,7.0,9.8,2025,8,August,Q3,Monday,0,6,0,06:00,Winter,0.0,7688.0,0.0,7344.0,0.0,7173.0,0.0,419.0,No change,0,,Week4_v2,Australia/Sydney (assumption; confirm with AEMO metadata)
2025-08-11 06:30:00,0.0,1.0,8925,0,0,2025-08-11 00:00:00,10.5,14.9,18.6,2.8,94.0,7.0,76.0,7.0,9.8,2025,8,August,Q3,Monday,0,6,30,06:30,Winter,0.0,8107.0,0.0,7688.0,0.0,7222.0,0.0,818.0,No change,0,,Week4_v2,Australia/Sydney (assumption; confirm with AEMO metadata)
2025-08-11 07:00:00,21.606,1.0,9731,0,0,2025-08-11 00:00:00,10.5,14.9,18.6,2.8,94.0,7.0,76.0,7.0,9.8,2025,8,August,Q3,Monday,0,7,0,07:00,Winter,0.0,8925.0,0.0,8107.0,0.0,7344.0,21.606,806.0,Increase,0,,Week4_v2,Australia/Sydney (assumption; confirm with AEMO metadata)
2025-08-11 07:30:00,223.226,1.0,10288,0,0,2025-08-11 00:00:00,10.5,14.9,18.6,2.8,94.0,7.0,76.0,7.0,9.8,2025,8,August,Q3,Monday,0,7,30,07:30,Winter,21.606,9731.0,0.0,8925.0,0.0,7688.0,201.62,557.0,Increase,0,,Week4_v2,Australia/Sydney (assumption; confirm with AEMO metadata)
2025-08-11 08:00:00,634.299,1.0,10296,0,0,2025-08-11 00:00:00,10.5,14.9,18.6,2.8,94.0,7.0,76.0,7.0,9.8,2025,8,August,Q3,Monday,0,8,0,08:00,Winter,223.226,10288.0,21.606,9731.0,0.0,8107.0,411.073,8.0,Increase,0,,Week4_v2,Australia/Sydney (assumption; confirm with AEMO metadata)
2025-08-11 08:30:00,1145.42,1.0,9878,0,0,2025-08-11 00:00:00,10.5,14.9,18.6,2.8,94.0,7.0,76.0,7.0,9.8,2025,8,August,Q3,Monday,0,8,30,08:30,Winter,634.299,10296.0,223.226,10288.0,0.0,8925.0,511.1210000000001,-418.0,Increase,0,,Week4_v2,Australia/Sydney (assumption; confirm with AEMO metadata)
2025-08-11 09:00:00,1653.177,1.0,9278,0,0,2025-08-11 00:00:00,10.5,14.9,18.6,2.8,94.0,7.0,76.0,7.0,9.8,2025,8,August,Q3,Monday,0,9,0,09:00,Winter,1145.42,9878.0,634.299,10296.0,21.606,9731.0,507.75699999999983,-600.0,Increase,0,,Week4_v2,Australia/Sydney (assumption; confirm with AEMO metadata)
2025-08-11 09:30:00,2162.939,1.0,8734,0,0,2025-08-11 00:00:00,10.5,14.9,18.6,2.8,94.0,7.0,76.0,7.0,9.8,2025,8,August,Q3,Monday,0,9,30,09:30,Winter,1653.177,9278.0,1145.42,9878.0,223.226,10288.0,509.76199999999994,-544.0,Increase,0,,Week4_v2,Australia/Sydney (assumption; confirm with AEMO metadata)
2025-08-11 10:00:00,2502.667,1.0,8223,0,0,2025-08-11 00:00:00,10.5,14.9,18.6,2.8,94.0,7.0,76.0,7.0,9.8,2025,8,August,Q3,Monday,0,10,0,10:00,Winter,2162.939,8734.0,1653.177,9278.0,634.299,10296.0,339.72800000000007,-511.0,Increase,0,,Week4_v2,Australia/Sydney (assumption; confirm with AEMO metadata)
2025-08-11 10:30:00,2745.754,1.0,8068,0,0,2025-08-11 00:00:00,10.5,14.9,18.6,2.8,94.0,7.0,76.0,7.0,9.8,2025,8,August,Q3,Monday,0,10,30,10:30,Winter,2502.667,8223.0,2162.939,8734.0,1145.42,9878.0,243.087,-155.0,Increase,0,,Week4_v2,Australia/Sydney (assumption; confirm with AEMO metadata)
2025-08-11 11:00:00,2971.733,1.0,7738,0,0,2025-08-11 00:00:00,10.5,14.9,18.6,2.8,94.0,7.0,76.0,7.0,9.8,2025,8,August,Q3,Monday,0,11,0,11:00,Winter,2745.754,8068.0,2502.667,8223.0,1653.177,9278.0,225.97900000000027,-330.0,Increase,0,,Week4_v2,Australia/Sydney (assumption; confirm with AEMO metadata)
2025-08-11 11:30:00,3029.033,1.0,7603,0,0,2025-08-11 00:00:00,10.5,14.9,18.6,2.8,94.0,7.0,76.0,7.0,9.8,2025,8,August,Q3,Monday,0,11,30,11:30,Winter,2971.733,7738.0,2745.754,8068.0,2162.939,8734.0,57.29999999999973,-135.0,Increase,0,,Week4_v2,Australia/Sydney (assumption; confirm with AEMO metadata)
2025-08-11 12:00:00,2965.605,1.0,7484,0,0,2025-08-11 00:00:00,10.5,14.9,18.6,2.8,94.0,7.0,76.0,7.0,9.8,2025,8,August,Q3,Monday,0,12,0,12:00,Winter,3029.033,7603.0,2971.733,7738.0,2502.667,8223.0,-63.427999999999884,-119.0,Decrease,0,,Week4_v2,Australia/Sydney (assumption; confirm with AEMO metadata)
2025-08-11 12:30:00,3008.197,1.0,7432,0,0,2025-08-11 00:00:00,10.5,14.9,18.6,2.8,94.0,7.0,76.0,7.0,9.8,2025,8,August,Q3,Monday,0,12,30,12:30,Winter,2965.605,7484.0,3029.033,7603.0,2745.754,8068.0,42.5920000000001,-52.0,Increase,0,,Week4_v2,Australia/Sydney (assumption; confirm with AEMO metadata)
2025-08-11 13:00:00,2969.011,1.0,7350,0,0,2025-08-11 00:00:00,10.5,14.9,18.6,2.8,94.0,7.0,76.0,7.0,9.8,2025,8,August,Q3,Monday,0,13,0,13:00,Winter,3008.197,7432.0,2965.605,7484.0,2971.733,7738.0,-39.18600000000015,-82.0,Decrease,0,,Week4_v2,Australia/Sydney (assumption; confirm with AEMO metadata)
2025-08-11 13:30:00,2780.046,1.0,7386,0,0,2025-08-11 00:00:00,10.5,14.9,18.6,2.8,94.0,7.0,76.0,7.0,9.8,2025,8,August,Q3,Monday,0,13,30,13:30,Winter,2969.011,7350.0,3008.197,7432.0,3029.033,7603.0,-188.96500000000015,36.0,Decrease,0,,Week4_v2,Australia/Sydney (assumption; confirm with AEMO metadata)
2025-08-11 14:00:00,2555.892,1.0,7454,0,0,2025-08-11 00:00:00,10.5,14.9,18.6,2.8,94.0,7.0,76.0,7.0,9.8,2025,8,August,Q3,Monday,0,14,0,14:00,Winter,2780.046,7386.0,2969.011,7350.0,2965.605,7484.0,-224.154,68.0,Decrease,0,,Week4_v2,Australia/Sydney (assumption; confirm with AEMO metadata)
2025-08-11 14:30:00,2248.089,1.0,7640,0,0,2025-08-11 00:00:00,10.5,14.9,18.6,2.8,94.0,7.0,76.0,7.0,9.8,2025,8,August,Q3,Monday,0,14,30,14:30,Winter,2555.892,7454.0,2780.046,7386.0,3008.197,7432.0,-307.8029999999999,186.0,Decrease,0,,Week4_v2,Australia/Sydney (assumption; confirm with AEMO metadata)
2025-08-11 15:00:00,1869.71,1.0,7880,0,0,2025-08-11 00:00:00,10.5,14.9,18.6,2.8,94.0,7.0,76.0,7.0,9.8,2025,8,August,Q3,Monday,0,15,0,15:00,Winter,2248.089,7640.0,2555.892,7454.0,2969.011,7350.0,-378.3789999999999,240.0,Decrease,0,,Week4_v2,Australia/Sydney (assumption; confirm with AEMO metadata)
2025-08-11 15:30:00,1563.496,1.0,8056,0,0,2025-08-11 00:00:00,10.5,14.9,18.6,2.8,94.0,7.0,76.0,7.0,9.8,2025,8,August,Q3,Monday,0,15,30,15:30,Winter,1869.71,7880.0,2248.089,7640.0,2780.046,7386.0,-306.21399999999994,176.0,Decrease,0,,Week4_v2,Australia/Sydney (assumption; confirm with AEMO metadata)
2025-08-11 16:00:00,1092.299,1.0,8535,0,0,2025-08-11 00:00:00,10.5,14.9,18.6,2.8,94.0,7.0,76.0,7.0,9.8,2025,8,August,Q3,Monday,0,16,0,16:00,Winter,1563.496,8056.0,1869.71,7880.0,2555.892,7454.0,-471.1970000000001,479.0,Decrease,0,,Week4_v2,Australia/Sydney (assumption; confirm with AEMO metadata)
2025-08-11 16:30:00,633.629,1.0,9158,0,0,2025-08-11 00:00:00,10.5,14.9,18.6,2.8,94.0,7.0,76.0,7.0,9.8,2025,8,August,Q3,Monday,0,16,30,16:30,Winter,1092.299,8535.0,1563.496,8056.0,2248.089,7640.0,-458.66999999999996,623.0,Decrease,0,,Week4_v2,Australia/Sydney (assumption; confirm with AEMO metadata)
2025-08-11 17:00:00,280.355,1.0,9848,0,0,2025-08-11 00:00:00,10.5,14.9,18.6,2.8,94.0,7.0,76.0,7.0,9.8,2025,8,August,Q3,Monday,0,17,0,17:00,Winter,633.629,9158.0,1092.299,8535.0,1869.71,7880.0,-353.274,690.0,Decrease,0,,Week4_v2,Australia/Sydney (assumption; confirm with AEMO metadata)
2025-08-11 17:30:00,43.265,1.0,10488,0,0,2025-08-11 00:00:00,10.5,14.9,18.6,2.8,94.0,7.0,76.0,7.0,9.8,2025,8,August,Q3,Monday,0,17,30,17:30,Winter,280.355,9848.0,633.629,9158.0,1563.496,8056.0,-237.09000000000003,640.0,Decrease,0,,Week4_v2,Australia/Sydney (assumption; confirm with AEMO metadata)
2025-08-11 18:00:00,0.0,1.0,11248,0,0,2025-08-11 00:00:00,10.5,14.9,18.6,2.8,94.0,7.0,76.0,7.0,9.8,2025,8,August,Q3,Monday,0,18,0,18:00,Winter,43.265,10488.0,280.355,9848.0,1092.299,8535.0,-43.265,760.0,Decrease,0,,Week4_v2,Australia/Sydney (assumption; confirm with AEMO metadata)
2025-08-11 18:30:00,0.0,1.0,11546,0,0,2025-08-11 00:00:00,10.5,14.9,18.6,2.8,94.0,7.0,76.0,7.0,9.8,2025,8,August,Q3,Monday,0,18,30,18:30,Winter,0.0,11248.0,43.265,10488.0,633.629,9158.0,0.0,298.0,No change,0,,Week4_v2,Australia/Sydney (assumption; confirm with AEMO metadata)
2025-08-11 19:00:00,0.0,1.0,11553,0,0,2025-08-11 00:00:00,10.5,14.9,18.6,2.8,94.0,7.0,76.0,7.0,9.8,2025,8,August,Q3,Monday,0,19,0,19:00,Winter,0.0,11546.0,0.0,11248.0,280.355,9848.0,0.0,7.0,No change,0,,Week4_v2,Australia/Sydney (assumption; confirm with AEMO metadata)
2025-08-11 19:30:00,0.0,1.0,11413,0,0,2025-08-11 00:00:00,10.5,14.9,18.6,2.8,94.0,7.0,76.0,7.0,9.8,2025,8,August,Q3,Monday,0,19,30,19:30,Winter,0.0,11553.0,0.0,11546.0,43.265,10488.0,0.0,-140.0,No change,0,,Week4_v2,Australia/Sydney (assumption; confirm with AEMO metadata)
2025-08-11 20:00:00,0.0,1.0,11222,0,0,2025-08-11 00:00:00,10.5,14.9,18.6,2.8,94.0,7.0,76.0,7.0,9.8,2025,8,August,Q3,Monday,0,20,0,20:00,Winter,0.0,11413.0,0.0,11553.0,0.0,11248.0,0.0,-191.0,No change,0,,Week4_v2,Australia/Sydney (assumption; confirm with AEMO metadata)
2025-08-11 20:30:00,0.0,1.0,11052,0,0,2025-08-11 00:00:00,10.5,14.9,18.6,2.8,94.0,7.0,76.0,7.0,9.8,2025,8,August,Q3,Monday,0,20,30,20:30,Winter,0.0,11222.0,0.0,11413.0,0.0,11546.0,0.0,-170.0,No change,0,,Week4_v2,Australia/Sydney (assumption; confirm with AEMO metadata)
2025-08-11 21:00:00,0.0,1.0,10748,0,0,2025-08-11 00:00:00,10.5,14.9,18.6,2.8,94.0,7.0,76.0,7.0,9.8,2025,8,August,Q3,Monday,0,21,0,21:00,Winter,0.0,11052.0,0.0,11222.0,0.0,11553.0,0.0,-304.0,No change,0,,Week4_v2,Australia/Sydney (assumption; confirm with AEMO metadata)
2025-08-11 21:30:00,0.0,1.0,10388,0,0,2025-08-11 00:00:00,10.5,14.9,18.6,2.8,94.0,7.0,76.0,7.0,9.8,2025,8,August,Q3,Monday,0,21,30,21:30,Winter,0.0,10748.0,0.0,11052.0,0.0,11413.0,0.0,-360.0,No change,0,,Week4_v2,Australia/Sydney (assumption; confirm with AEMO metadata)
2025-08-11 22:00:00,0.0,1.0,10024,0,0,2025-08-11 00:00:00,10.5,14.9,18.6,2.8,94.0,7.0,76.0,7.0,9.8,2025,8,August,Q3,Monday,0,22,0,22:00,Winter,0.0,10388.0,0.0,10748.0,0.0,11222.0,0.0,-364.0,No change,0,,Week4_v2,Australia/Sydney (assumption; confirm with AEMO metadata)
2025-08-11 22:30:00,0.0,1.0,9668,0,0,2025-08-11 00:00:00,10.5,14.9,18.6,2.8,94.0,7.0,76.0,7.0,9.8,2025,8,August,Q3,Monday,0,22,30,22:30,Winter,0.0,10024.0,0.0,10388.0,0.0,11052.0,0.0,-356.0,No change,0,,Week4_v2,Australia/Sydney (assumption; confirm with AEMO metadata)
2025-08-11 23:00:00,0.0,1.0,9322,0,0,2025-08-11 00:00:00,10.5,14.9,18.6,2.8,94.0,7.0,76.0,7.0,9.8,2025,8,August,Q3,Monday,0,23,0,23:00,Winter,0.0,9668.0,0.0,10024.0,0.0,10748.0,0.0,-346.0,No change,0,,Week4_v2,Australia/Sydney (assumption; confirm with AEMO metadata)
2025-08-11 23:30:00,0.0,1.0,9019,0,0,2025-08-11 00:00:00,10.5,14.9,18.6,2.8,94.0,7.0,76.0,7.0,9.8,2025,8,August,Q3,Monday,0,23,30,23:30,Winter,0.0,9322.0,0.0,9668.0,0.0,10388.0,0.0,-303.0,No change,0,,Week4_v2,Australia/Sydney (assumption; confirm with AEMO metadata)
2025-08-12 00:00:00,0.0,1.0,8734,0,0,2025-08-12 00:00:00,7.6,16.5,5.4,9.5,76.0,1.0,70.0,3.0,13.8,2025,8,August,Q3,Tuesday,0,0,0,00:00,Winter,0.0,9019.0,0.0,9322.0,0.0,10024.0,0.0,-285.0,No change,0,,Week4_v2,Australia/Sydney (assumption; confirm with AEMO metadata)
2025-08-12 00:30:00,0.0,1.0,8564,0,0,2025-08-12 00:00:00,7.6,16.5,5.4,9.5,76.0,1.0,70.0,3.0,13.8,2025,8,August,Q3,Tuesday,0,0,30,00:30,Winter,0.0,8734.0,0.0,9019.0,0.0,9668.0,0.0,-170.0,No change,0,,Week4_v2,Australia/Sydney (assumption; confirm with AEMO metadata)
2025-08-12 01:00:00,0.0,1.0,8376,0,0,2025-08-12 00:00:00,7.6,16.5,5.4,9.5,76.0,1.0,70.0,3.0,13.8,2025,8,August,Q3,Tuesday,0,1,0,01:00,Winter,0.0,8564.0,0.0,8734.0,0.0,9322.0,0.0,-188.0,No change,0,,Week4_v2,Australia/Sydney (assumption; confirm with AEMO metadata)
2025-08-12 01:30:00,0.0,1.0,8272,0,0,2025-08-12 00:00:00,7.6,16.5,5.4,9.5,76.0,1.0,70.0,3.0,13.8,2025,8,August,Q3,Tuesday,0,1,30,01:30,Winter,0.0,8376.0,0.0,8564.0,0.0,9019.0,0.0,-104.0,No change,0,,Week4_v2,Australia/Sydney (assumption; confirm with AEMO metadata)
2025-08-12 02:00:00,0.0,1.0,8068,0,0,2025-08-12 00:00:00,7.6,16.5,5.4,9.5,76.0,1.0,70.0,3.0,13.8,2025,8,August,Q3,Tuesday,0,2,0,02:00,Winter,0.0,8272.0,0.0,8376.0,0.0,8734.0,0.0,-204.0,No change,0,,Week4_v2,Australia/Sydney (assumption; confirm with AEMO metadata)
2025-08-12 02:30:00,0.0,1.0,7830,0,0,2025-08-12 00:00:00,7.6,16.5,5.4,9.5,76.0,1.0,70.0,3.0,13.8,2025,8,August,Q3,Tuesday,0,2,30,02:30,Winter,0.0,8068.0,0.0,8272.0,0.0,8564.0,0.0,-238.0,No change,0,,Week4_v2,Australia/Sydney (assumption; confirm with AEMO metadata)
2025-08-12 03:00:00,0.0,1.0,7693,0,0,2025-08-12 00:00:00,7.6,16.5,5.4,9.5,76.0,1.0,70.0,3.0,13.8,2025,8,August,Q3,Tuesday,0,3,0,03:00,Winter,0.0,7830.0,0.0,8068.0,0.0,8376.0,0.0,-137.0,No change,0,,Week4_v2,Australia/Sydney (assumption; confirm with AEMO metadata)
2025-08-12 03:30:00,0.0,1.0,7702,0,0,2025-08-12 00:00:00,7.6,16.5,5.4,9.5,76.0,1.0,70.0,3.0,13.8,2025,8,August,Q3,Tuesday,0,3,30,03:30,Winter,0.0,7693.0,0.0,7830.0,0.0,8272.0,0.0,9.0,No change,0,,Week4_v2,Australia/Sydney (assumption; confirm with AEMO metadata)
2025-08-12 04:00:00,0.0,1.0,7614,0,0,2025-08-12 00:00:00,7.6,16.5,5.4,9.5,76.0,1.0,70.0,3.0,13.8,2025,8,August,Q3,Tuesday,0,4,0,04:00,Winter,0.0,7702.0,0.0,7693.0,0.0,8068.0,0.0,-88.0,No change,0,,Week4_v2,Australia/Sydney (assumption; confirm with AEMO metadata)
2025-08-12 04:30:00,0.0,1.0,7795,0,0,2025-08-12 00:00:00,7.6,16.5,5.4,9.5,76.0,1.0,70.0,3.0,13.8,2025,8,August,Q3,Tuesday,0,4,30,04:30,Winter,0.0,7614.0,0.0,7702.0,0.0,7830.0,0.0,181.0,No change,0,,Week4_v2,Australia/Sydney (assumption; confirm with AEMO metadata)
2025-08-12 05:00:00,0.0,1.0,7868,0,0,2025-08-12 00:00:00,7.6,16.5,5.4,9.5,76.0,1.0,70.0,3.0,13.8,2025,8,August,Q3,Tuesday,0,5,0,05:00,Winter,0.0,7795.0,0.0,7614.0,0.0,7693.0,0.0,73.0,No change,0,,Week4_v2,Australia/Sydney (assumption; confirm with AEMO metadata)
2025-08-12 05:30:00,0.0,1.0,8208,0,0,2025-08-12 00:00:00,7.6,16.5,5.4,9.5,76.0,1.0,70.0,3.0,13.8,2025,8,August,Q3,Tuesday,0,5,30,05:30,Winter,0.0,7868.0,0.0,7795.0,0.0,7702.0,0.0,340.0,No change,0,,Week4_v2,Australia/Sydney (assumption; confirm with AEMO metadata)
2025-08-12 06:00:00,0.0,1.0,8594,0,0,2025-08-12 00:00:00,7.6,16.5,5.4,9.5,76.0,1.0,70.0,3.0,13.8,2025,8,August,Q3,Tuesday,0,6,0,06:00,Winter,0.0,8208.0,0.0,7868.0,0.0,7614.0,0.0,386.0,No change,0,,Week4_v2,Australia/Sydney (assumption; confirm with AEMO metadata)
2025-08-12 06:30:00,0.215,1.0,9408,0,0,2025-08-12 00:00:00,7.6,16.5,5.4,9.5,76.0,1.0,70.0,3.0,13.8,2025,8,August,Q3,Tuesday,0,6,30,06:30,Winter,0.0,8594.0,0.0,8208.0,0.0,7795.0,0.215,814.0,Increase,0,,Week4_v2,Australia/Sydney (assumption; confirm with AEMO metadata)
2025-08-12 07:00:00,32.059,1.0,10230,0,0,2025-08-12 00:00:00,7.6,16.5,5.4,9.5,76.0,1.0,70.0,3.0,13.8,2025,8,August,Q3,Tuesday,0,7,0,07:00,Winter,0.215,9408.0,0.0,8594.0,0.0,7868.0,31.843999999999998,822.0,Increase,0,,Week4_v2,Australia/Sydney (assumption; confirm with AEMO metadata)
2025-08-12 07:30:00,273.204,1.0,10613,0,0,2025-08-12 00:00:00,7.6,16.5,5.4,9.5,76.0,1.0,70.0,3.0,13.8,2025,8,August,Q3,Tuesday,0,7,30,07:30,Winter,32.059,10230.0,0.215,9408.0,0.0,8208.0,241.145,383.0,Increase,0,,Week4_v2,Australia/Sydney (assumption; confirm with AEMO metadata)
2025-08-12 08:00:00,775.964,1.0,10447,0,0,2025-08-12 00:00:00,7.6,16.5,5.4,9.5,76.0,1.0,70.0,3.0,13.8,2025,8,August,Q3,Tuesday,0,8,0,08:00,Winter,273.204,10613.0,32.059,10230.0,0.0,8594.0,502.76000000000005,-166.0,Increase,0,,Week4_v2,Australia/Sydney (assumption; confirm with AEMO metadata)
2025-08-12 08:30:00,1416.392,1.0,9856,0,0,2025-08-12 00:00:00,7.6,16.5,5.4,9.5,76.0,1.0,70.0,3.0,13.8,2025,8,August,Q3,Tuesday,0,8,30,08:30,Winter,775.964,10447.0,273.204,10613.0,0.215,9408.0,640.428,-591.0,Increase,0,,Week4_v2,Australia/Sydney (assumption; confirm with AEMO metadata)
2025-08-12 09:00:00,2082.995,1.0,8979,0,0,2025-08-12 00:00:00,7.6,16.5,5.4,9.5,76.0,1.0,70.0,3.0,13.8,2025,8,August,Q3,Tuesday,0,9,0,09:00,Winter,1416.392,9856.0,775.964,10447.0,32.059,10230.0,666.6029999999998,-877.0,Increase,0,,Week4_v2,Australia/Sydney (assumption; confirm with AEMO metadata)
2025-08-12 09:30:00,2707.645,1.0,8305,0,0,2025-08-12 00:00:00,7.6,16.5,5.4,9.5,76.0,1.0,70.0,3.0,13.8,2025,8,August,Q3,Tuesday,0,9,30,09:30,Winter,2082.995,8979.0,1416.392,9856.0,273.204,10613.0,624.6500000000001,-674.0,Increase,0,,Week4_v2,Australia/Sydney (assumption; confirm with AEMO metadata)
2025-08-12 10:00:00,3227.002,1.0,7601,0,0,2025-08-12 00:00:00,7.6,16.5,5.4,9.5,76.0,1.0,70.0,3.0,13.8,2025,8,August,Q3,Tuesday,0,10,0,10:00,Winter,2707.645,8305.0,2082.995,8979.0,775.964,10447.0,519.357,-704.0,Increase,0,,Week4_v2,Australia/Sydney (assumption; confirm with AEMO metadata)
2025-08-12 10:30:00,3637.348,1.0,7081,0,0,2025-08-12 00:00:00,7.6,16.5,5.4,9.5,76.0,1.0,70.0,3.0,13.8,2025,8,August,Q3,Tuesday,0,10,30,10:30,Winter,3227.002,7601.0,2707.645,8305.0,1416.392,9856.0,410.346,-520.0,Increase,0,,Week4_v2,Australia/Sydney (assumption; confirm with AEMO metadata)
2025-08-12 11:00:00,3895.736,1.0,6683,0,0,2025-08-12 00:00:00,7.6,16.5,5.4,9.5,76.0,1.0,70.0,3.0,13.8,2025,8,August,Q3,Tuesday,0,11,0,11:00,Winter,3637.348,7081.0,3227.002,7601.0,2082.995,8979.0,258.3879999999999,-398.0,Increase,0,,Week4_v2,Australia/Sydney (assumption; confirm with AEMO metadata)
2025-08-12 11:30:00,3986.587,1.0,6338,0,0,2025-08-12 00:00:00,7.6,16.5,5.4,9.5,76.0,1.0,70.0,3.0,13.8,2025,8,August,Q3,Tuesday,0,11,30,11:30,Winter,3895.736,6683.0,3637.348,7081.0,2707.645,8305.0,90.85100000000011,-345.0,Increase,0,,Week4_v2,Australia/Sydney (assumption; confirm with AEMO metadata)
2025-08-12 12:00:00,3992.493,1.0,6133,0,0,2025-08-12 00:00:00,7.6,16.5,5.4,9.5,76.0,1.0,70.0,3.0,13.8,2025,8,August,Q3,Tuesday,0,12,0,12:00,Winter,3986.587,6338.0,3895.736,6683.0,3227.002,7601.0,5.905999999999949,-205.0,Increase,0,,Week4_v2,Australia/Sydney (assumption; confirm with AEMO metadata)
2025-08-12 12:30:00,3941.251,1.0,6065,0,0,2025-08-12 00:00:00,7.6,16.5,5.4,9.5,76.0,1.0,70.0,3.0,13.8,2025,8,August,Q3,Tuesday,0,12,30,12:30,Winter,3992.493,6133.0,3986.587,6338.0,3637.348,7081.0,-51.241999999999734,-68.0,Decrease,0,,Week4_v2,Australia/Sydney (assumption; confirm with AEMO metadata)
2025-08-12 13:00:00,3693.185,1.0,6091,0,0,2025-08-12 00:00:00,7.6,16.5,5.4,9.5,76.0,1.0,70.0,3.0,13.8,2025,8,August,Q3,Tuesday,0,13,0,13:00,Winter,3941.251,6065.0,3992.493,6133.0,3895.736,6683.0,-248.06600000000026,26.0,Decrease,0,,Week4_v2,Australia/Sydney (assumption; confirm with AEMO metadata)
2025-08-12 13:30:00,3423.442,1.0,6197,0,0,2025-08-12 00:00:00,7.6,16.5,5.4,9.5,76.0,1.0,70.0,3.0,13.8,2025,8,August,Q3,Tuesday,0,13,30,13:30,Winter,3693.185,6091.0,3941.251,6065.0,3986.587,6338.0,-269.74299999999994,106.0,Decrease,0,,Week4_v2,Australia/Sydney (assumption; confirm with AEMO metadata)
2025-08-12 14:00:00,3233.003,1.0,6240,0,0,2025-08-12 00:00:00,7.6,16.5,5.4,9.5,76.0,1.0,70.0,3.0,13.8,2025,8,August,Q3,Tuesday,0,14,0,14:00,Winter,3423.442,6197.0,3693.185,6091.0,3992.493,6133.0,-190.43899999999985,43.0,Decrease,0,,Week4_v2,Australia/Sydney (assumption; confirm with AEMO metadata)
2025-08-12 14:30:00,2876.694,1.0,6362,0,0,2025-08-12 00:00:00,7.6,16.5,5.4,9.5,76.0,1.0,70.0,3.0,13.8,2025,8,August,Q3,Tuesday,0,14,30,14:30,Winter,3233.003,6240.0,3423.442,6197.0,3941.251,6065.0,-356.3090000000002,122.0,Decrease,0,,Week4_v2,Australia/Sydney (assumption; confirm with AEMO metadata)
2025-08-12 15:00:00,2495.322,1.0,6670,0,0,2025-08-12 00:00:00,7.6,16.5,5.4,9.5,76.0,1.0,70.0,3.0,13.8,2025,8,August,Q3,Tuesday,0,15,0,15:00,Winter,2876.694,6362.0,3233.003,6240.0,3693.185,6091.0,-381.37199999999984,308.0,Decrease,0,,Week4_v2,Australia/Sydney (assumption; confirm with AEMO metadata)
2025-08-12 15:30:00,2027.271,1.0,7025,0,0,2025-08-12 00:00:00,7.6,16.5,5.4,9.5,76.0,1.0,70.0,3.0,13.8,2025,8,August,Q3,Tuesday,0,15,30,15:30,Winter,2495.322,6670.0,2876.694,6362.0,3423.442,6197.0,-468.05100000000016,355.0,Decrease,0,,Week4_v2,Australia/Sydney (assumption; confirm with AEMO metadata)
2025-08-12 16:00:00,1413.782,1.0,7620,0,0,2025-08-12 00:00:00,7.6,16.5,5.4,9.5,76.0,1.0,70.0,3.0,13.8,2025,8,August,Q3,Tuesday,0,16,0,16:00,Winter,2027.271,7025.0,2495.322,6670.0,3233.003,6240.0,-613.489,595.0,Decrease,0,,Week4_v2,Australia/Sydney (assumption; confirm with AEMO metadata)
2025-08-12 16:30:00,834.838,1.0,8330,0,0,2025-08-12 00:00:00,7.6,16.5,5.4,9.5,76.0,1.0,70.0,3.0,13.8,2025,8,August,Q3,Tuesday,0,16,30,16:30,Winter,1413.782,7620.0,2027.271,7025.0,2876.694,6362.0,-578.944,710.0,Decrease,0,,Week4_v2,Australia/Sydney (assumption; confirm with AEMO metadata)
2025-08-12 17:00:00,323.065,1.0,9199,0,0,2025-08-12 00:00:00,7.6,16.5,5.4,9.5,76.0,1.0,70.0,3.0,13.8,2025,8,August,Q3,Tuesday,0,17,0,17:00,Winter,834.838,8330.0,1413.782,7620.0,2495.322,6670.0,-511.77299999999997,869.0,Decrease,0,,Week4_v2,Australia/Sydney (assumption; confirm with AEMO metadata)
2025-08-12 17:30:00,45.36,1.0,9950,0,0,2025-08-12 00:00:00,7.6,16.5,5.4,9.5,76.0,1.0,70.0,3.0,13.8,2025,8,August,Q3,Tuesday,0,17,30,17:30,Winter,323.065,9199.0,834.838,8330.0,2027.271,7025.0,-277.705,751.0,Decrease,0,,Week4_v2,Australia/Sydney (assumption; confirm with AEMO metadata)
2025-08-12 18:00:00,0.0,1.0,10789,0,0,2025-08-12 00:00:00,7.6,16.5,5.4,9.5,76.0,1.0,70.0,3.0,13.8,2025,8,August,Q3,Tuesday,0,18,0,18:00,Winter,45.36,9950.0,323.065,9199.0,1413.782,7620.0,-45.36,839.0,Decrease,0,,Week4_v2,Australia/Sydney (assumption; confirm with AEMO metadata)
2025-08-12 18:30:00,0.0,1.0,11210,0,0,2025-08-12 00:00:00,7.6,16.5,5.4,9.5,76.0,1.0,70.0,3.0,13.8,2025,8,August,Q3,Tuesday,0,18,30,18:30,Winter,0.0,10789.0,45.36,9950.0,834.838,8330.0,0.0,421.0,No change,0,,Week4_v2,Australia/Sydney (assumption; confirm with AEMO metadata)
2025-08-12 19:00:00,0.0,1.0,11295,0,0,2025-08-12 00:00:00,7.6,16.5,5.4,9.5,76.0,1.0,70.0,3.0,13.8,2025,8,August,Q3,Tuesday,0,19,0,19:00,Winter,0.0,11210.0,0.0,10789.0,323.065,9199.0,0.0,85.0,No change,0,,Week4_v2,Australia/Sydney (assumption; confirm with AEMO metadata)
2025-08-12 19:30:00,0.0,1.0,11160,0,0,2025-08-12 00:00:00,7.6,16.5,5.4,9.5,76.0,1.0,70.0,3.0,13.8,2025,8,August,Q3,Tuesday,0,19,30,19:30,Winter,0.0,11295.0,0.0,11210.0,45.36,9950.0,0.0,-135.0,No change,0,,Week4_v2,Australia/Sydney (assumption; confirm with AEMO metadata)
2025-08-12 20:00:00,0.0,1.0,11064,0,0,2025-08-12 00:00:00,7.6,16.5,5.4,9.5,76.0,1.0,70.0,3.0,13.8,2025,8,August,Q3,Tuesday,0,20,0,20:00,Winter,0.0,11160.0,0.0,11295.0,0.0,10789.0,0.0,-96.0,No change,0,,Week4_v2,Australia/Sydney (assumption; confirm with AEMO metadata)
2025-08-12 20:30:00,0.0,1.0,10904,0,0,2025-08-12 00:00:00,7.6,16.5,5.4,9.5,76.0,1.0,70.0,3.0,13.8,2025,8,August,Q3,Tuesday,0,20,30,20:30,Winter,0.0,11064.0,0.0,11160.0,0.0,11210.0,0.0,-160.0,No change,0,,Week4_v2,Australia/Sydney (assumption; confirm with AEMO metadata)
2025-08-12 21:00:00,0.0,1.0,10670,0,0,2025-08-12 00:00:00,7.6,16.5,5.4,9.5,76.0,1.0,70.0,3.0,13.8,2025,8,August,Q3,Tuesday,0,21,0,21:00,Winter,0.0,10904.0,0.0,11064.0,0.0,11295.0,0.0,-234.0,No change,0,,Week4_v2,Australia/Sydney (assumption; confirm with AEMO metadata)
2025-08-12 21:30:00,0.0,1.0,10345,0,0,2025-08-12 00:00:00,7.6,16.5,5.4,9.5,76.0,1.0,70.0,3.0,13.8,2025,8,August,Q3,Tuesday,0,21,30,21:30,Winter,0.0,10670.0,0.0,10904.0,0.0,11160.0,0.0,-325.0,No change,0,,Week4_v2,Australia/Sydney (assumption; confirm with AEMO metadata)
2025-08-12 22:00:00,0.0,1.0,9914,0,0,2025-08-12 00:00:00,7.6,16.5,5.4,9.5,76.0,1.0,70.0,3.0,13.8,2025,8,August,Q3,Tuesday,0,22,0,22:00,Winter,0.0,10345.0,0.0,10670.0,0.0,11064.0,0.0,-431.0,No change,0,,Week4_v2,Australia/Sydney (assumption; confirm with AEMO metadata)
2025-08-12 22:30:00,0.0,1.0,9609,0,0,2025-08-12 00:00:00,7.6,16.5,5.4,9.5,76.0,1.0,70.0,3.0,13.8,2025,8,August,Q3,Tuesday,0,22,30,22:30,Winter,0.0,9914.0,0.0,10345.0,0.0,10904.0,0.0,-305.0,No change,0,,Week4_v2,Australia/Sydney (assumption; confirm with AEMO metadata)
2025-08-12 23:00:00,0.0,1.0,9311,0,0,2025-08-12 00:00:00,7.6,16.5,5.4,9.5,76.0,1.0,70.0,3.0,13.8,2025,8,August,Q3,Tuesday,0,23,0,23:00,Winter,0.0,9609.0,0.0,9914.0,0.0,10670.0,0.0,-298.0,No change,0,,Week4_v2,Australia/Sydney (assumption; confirm with AEMO metadata)
2025-08-12 23:30:00,0.0,1.0,9015,0,0,2025-08-12 00:00:00,7.6,16.5,5.4,9.5,76.0,1.0,70.0,3.0,13.8,2025,8,August,Q3,Tuesday,0,23,30,23:30,Winter,0.0,9311.0,0.0,9609.0,0.0,10345.0,0.0,-296.0,No change,0,,Week4_v2,Australia/Sydney (assumption; confirm with AEMO metadata)
2025-08-13 00:00:00,0.0,1.0,8766,0,0,2025-08-13 00:00:00,8.5,,0.0,6.7,76.0,1.0,54.0,8.0,13.6,2025,8,August,Q3,Wednesday,0,0,0,00:00,Winter,0.0,9015.0,0.0,9311.0,0.0,9914.0,0.0,-249.0,No change,0,,Week4_v2,Australia/Sydney (assumption; confirm with AEMO metadata)
2025-08-13 00:30:00,0.0,1.0,8583,0,0,2025-08-13 00:00:00,8.5,,0.0,6.7,76.0,1.0,54.0,8.0,13.6,2025,8,August,Q3,Wednesday,0,0,30,00:30,Winter,0.0,8766.0,0.0,9015.0,0.0,9609.0,0.0,-183.0,No change,0,,Week4_v2,Australia/Sydney (assumption; confirm with AEMO metadata)
2025-08-13 01:00:00,0.0,1.0,8441,0,0,2025-08-13 00:00:00,8.5,,0.0,6.7,76.0,1.0,54.0,8.0,13.6,2025,8,August,Q3,Wednesday,0,1,0,01:00,Winter,0.0,8583.0,0.0,8766.0,0.0,9311.0,0.0,-142.0,No change,0,,Week4_v2,Australia/Sydney (assumption; confirm with AEMO metadata)
2025-08-13 01:30:00,0.0,1.0,8244,0,0,2025-08-13 00:00:00,8.5,,0.0,6.7,76.0,1.0,54.0,8.0,13.6,2025,8,August,Q3,Wednesday,0,1,30,01:30,Winter,0.0,8441.0,0.0,8583.0,0.0,9015.0,0.0,-197.0,No change,0,,Week4_v2,Australia/Sydney (assumption; confirm with AEMO metadata)
2025-08-13 02:00:00,0.0,1.0,8044,0,0,2025-08-13 00:00:00,8.5,,0.0,6.7,76.0,1.0,54.0,8.0,13.6,2025,8,August,Q3,Wednesday,0,2,0,02:00,Winter,0.0,8244.0,0.0,8441.0,0.0,8766.0,0.0,-200.0,No change,0,,Week4_v2,Australia/Sydney (assumption; confirm with AEMO metadata)
2025-08-13 02:30:00,0.0,1.0,7855,0,0,2025-08-13 00:00:00,8.5,,0.0,6.7,76.0,1.0,54.0,8.0,13.6,2025,8,August,Q3,Wednesday,0,2,30,02:30,Winter,0.0,8044.0,0.0,8244.0,0.0,8583.0,0.0,-189.0,No change,0,,Week4_v2,Australia/Sydney (assumption; confirm with AEMO metadata)
2025-08-13 03:00:00,0.0,1.0,7731,0,0,2025-08-13 00:00:00,8.5,,0.0,6.7,76.0,1.0,54.0,8.0,13.6,2025,8,August,Q3,Wednesday,0,3,0,03:00,Winter,0.0,7855.0,0.0,8044.0,0.0,8441.0,0.0,-124.0,No change,0,,Week4_v2,Australia/Sydney (assumption; confirm with AEMO metadata)
2025-08-13 03:30:00,0.0,1.0,7639,0,0,2025-08-13 00:00:00,8.5,,0.0,6.7,76.0,1.0,54.0,8.0,13.6,2025,8,August,Q3,Wednesday,0,3,30,03:30,Winter,0.0,7731.0,0.0,7855.0,0.0,8244.0,0.0,-92.0,No change,0,,Week4_v2,Australia/Sydney (assumption; confirm with AEMO metadata)
2025-08-13 04:00:00,0.0,1.0,7693,0,0,2025-08-13 00:00:00,8.5,,0.0,6.7,76.0,1.0,54.0,8.0,13.6,2025,8,August,Q3,Wednesday,0,4,0,04:00,Winter,0.0,7639.0,0.0,7731.0,0.0,8044.0,0.0,54.0,No change,0,,Week4_v2,Australia/Sydney (assumption; confirm with AEMO metadata)
2025-08-13 04:30:00,0.0,1.0,7812,0,0,2025-08-13 00:00:00,8.5,,0.0,6.7,76.0,1.0,54.0,8.0,13.6,2025,8,August,Q3,Wednesday,0,4,30,04:30,Winter,0.0,7693.0,0.0,7639.0,0.0,7855.0,0.0,119.0,No change,0,,Week4_v2,Australia/Sydney (assumption; confirm with AEMO metadata)
2025-08-13 05:00:00,0.0,1.0,7981,0,0,2025-08-13 00:00:00,8.5,,0.0,6.7,76.0,1.0,54.0,8.0,13.6,2025,8,August,Q3,Wednesday,0,5,0,05:00,Winter,0.0,7812.0,0.0,7693.0,0.0,7731.0,0.0,169.0,No change,0,,Week4_v2,Australia/Sydney (assumption; confirm with AEMO metadata)
2025-08-13 05:30:00,0.0,1.0,8269,0,0,2025-08-13 00:00:00,8.5,,0.0,6.7,76.0,1.0,54.0,8.0,13.6,2025,8,August,Q3,Wednesday,0,5,30,05:30,Winter,0.0,7981.0,0.0,7812.0,0.0,7639.0,0.0,288.0,No change,0,,Week4_v2,Australia/Sydney (assumption; confirm with AEMO metadata)
2025-08-13 06:00:00,0.0,1.0,8628,0,0,2025-08-13 00:00:00,8.5,,0.0,6.7,76.0,1.0,54.0,8.0,13.6,2025,8,August,Q3,Wednesday,0,6,0,06:00,Winter,0.0,8269.0,0.0,7981.0,0.0,7693.0,0.0,359.0,No change,0,,Week4_v2,Australia/Sydney (assumption; confirm with AEMO metadata)
2025-08-13 06:30:00,0.105,1.0,9331,0,0,2025-08-13 00:00:00,8.5,,0.0,6.7,76.0,1.0,54.0,8.0,13.6,2025,8,August,Q3,Wednesday,0,6,30,06:30,Winter,0.0,8628.0,0.0,8269.0,0.0,7812.0,0.105,703.0,Increase,0,,Week4_v2,Australia/Sydney (assumption; confirm with AEMO metadata)
2025-08-13 07:00:00,43.092,1.0,10103,0,0,2025-08-13 00:00:00,8.5,,0.0,6.7,76.0,1.0,54.0,8.0,13.6,2025,8,August,Q3,Wednesday,0,7,0,07:00,Winter,0.105,9331.0,0.0,8628.0,0.0,7981.0,42.987,772.0,Increase,0,,Week4_v2,Australia/Sydney (assumption; confirm with AEMO metadata)
2025-08-13 07:30:00,298.757,1.0,10452,0,0,2025-08-13 00:00:00,8.5,,0.0,6.7,76.0,1.0,54.0,8.0,13.6,2025,8,August,Q3,Wednesday,0,7,30,07:30,Winter,43.092,10103.0,0.105,9331.0,0.0,8269.0,255.66500000000002,349.0,Increase,0,,Week4_v2,Australia/Sydney (assumption; confirm with AEMO metadata)
2025-08-13 08:00:00,745.299,1.0,10323,0,0,2025-08-13 00:00:00,8.5,,0.0,6.7,76.0,1.0,54.0,8.0,13.6,2025,8,August,Q3,Wednesday,0,8,0,08:00,Winter,298.757,10452.0,43.092,10103.0,0.0,8628.0,446.542,-129.0,Increase,0,,Week4_v2,Australia/Sydney (assumption; confirm with AEMO metadata)
2025-08-13 08:30:00,1330.132,1.0,9809,0,0,2025-08-13 00:00:00,8.5,,0.0,6.7,76.0,1.0,54.0,8.0,13.6,2025,8,August,Q3,Wednesday,0,8,30,08:30,Winter,745.299,10323.0,298.757,10452.0,0.105,9331.0,584.8330000000001,-514.0,Increase,0,,Week4_v2,Australia/Sydney (assumption; confirm with AEMO metadata)
2025-08-13 09:00:00,1958.642,1.0,9075,0,0,2025-08-13 00:00:00,8.5,,0.0,6.7,76.0,1.0,54.0,8.0,13.6,2025,8,August,Q3,Wednesday,0,9,0,09:00,Winter,1330.132,9809.0,745.299,10323.0,43.092,10103.0,628.51,-734.0,Increase,0,,Week4_v2,Australia/Sydney (assumption; confirm with AEMO metadata)
2025-08-13 09:30:00,2517.133,1.0,8425,0,0,2025-08-13 00:00:00,8.5,,0.0,6.7,76.0,1.0,54.0,8.0,13.6,2025,8,August,Q3,Wednesday,0,9,30,09:30,Winter,1958.642,9075.0,1330.132,9809.0,298.757,10452.0,558.4909999999998,-650.0,Increase,0,,Week4_v2,Australia/Sydney (assumption; confirm with AEMO metadata)
2025-08-13 10:00:00,2938.006,1.0,7869,0,0,2025-08-13 00:00:00,8.5,,0.0,6.7,76.0,1.0,54.0,8.0,13.6,2025,8,August,Q3,Wednesday,0,10,0,10:00,Winter,2517.133,8425.0,1958.642,9075.0,745.299,10323.0,420.87300000000005,-556.0,Increase,0,,Week4_v2,Australia/Sydney (assumption; confirm with AEMO metadata)
2025-08-13 10:30:00,3243.386,1.0,7396,0,0,2025-08-13 00:00:00,8.5,,0.0,6.7,76.0,1.0,54.0,8.0,13.6,2025,8,August,Q3,Wednesday,0,10,30,10:30,Winter,2938.006,7869.0,2517.133,8425.0,1330.132,9809.0,305.3800000000001,-473.0,Increase,0,,Week4_v2,Australia/Sydney (assumption; confirm with AEMO metadata)
2025-08-13 11:00:00,3519.128,1.0,7002,0,0,2025-08-13 00:00:00,8.5,,0.0,6.7,76.0,1.0,54.0,8.0,13.6,2025,8,August,Q3,Wednesday,0,11,0,11:00,Winter,3243.386,7396.0,2938.006,7869.0,1958.642,9075.0,275.7420000000002,-394.0,Increase,0,,Week4_v2,Australia/Sydney (assumption; confirm with AEMO metadata)
2025-08-13 11:30:00,3658.667,1.0,6603,0,0,2025-08-13 00:00:00,8.5,,0.0,6.7,76.0,1.0,54.0,8.0,13.6,2025,8,August,Q3,Wednesday,0,11,30,11:30,Winter,3519.128,7002.0,3243.386,7396.0,2517.133,8425.0,139.53899999999976,-399.0,Increase,0,,Week4_v2,Australia/Sydney (assumption; confirm with AEMO metadata)
2025-08-13 12:00:00,3635.24,1.0,6440,0,0,2025-08-13 00:00:00,8.5,,0.0,6.7,76.0,1.0,54.0,8.0,13.6,2025,8,August,Q3,Wednesday,0,12,0,12:00,Winter,3658.667,6603.0,3519.128,7002.0,2938.006,7869.0,-23.427000000000135,-163.0,Decrease,0,,Week4_v2,Australia/Sydney (assumption; confirm with AEMO metadata)
2025-08-13 12:30:00,3430.902,1.0,6486,0,0,2025-08-13 00:00:00,8.5,,0.0,6.7,76.0,1.0,54.0,8.0,13.6,2025,8,August,Q3,Wednesday,0,12,30,12:30,Winter,3635.24,6440.0,3658.667,6603.0,3243.386,7396.0,-204.33799999999974,46.0,Decrease,0,,Week4_v2,Australia/Sydney (assumption; confirm with AEMO metadata)
2025-08-13 13:00:00,3217.802,1.0,6617,0,0,2025-08-13 00:00:00,8.5,,0.0,6.7,76.0,1.0,54.0,8.0,13.6,2025,8,August,Q3,Wednesday,0,13,0,13:00,Winter,3430.902,6486.0,3635.24,6440.0,3519.128,7002.0,-213.0999999999999,131.0,Decrease,0,,Week4_v2,Australia/Sydney (assumption; confirm with AEMO metadata)
2025-08-13 13:30:00,2793.423,1.0,6852,0,0,2025-08-13 00:00:00,8.5,,0.0,6.7,76.0,1.0,54.0,8.0,13.6,2025,8,August,Q3,Wednesday,0,13,30,13:30,Winter,3217.802,6617.0,3430.902,6486.0,3658.667,6603.0,-424.37900000000036,235.0,Decrease,0,,Week4_v2,Australia/Sydney (assumption; confirm with AEMO metadata)
2025-08-13 14:00:00,2486.231,1.0,7019,0,0,2025-08-13 00:00:00,8.5,,0.0,6.7,76.0,1.0,54.0,8.0,13.6,2025,8,August,Q3,Wednesday,0,14,0,14:00,Winter,2793.423,6852.0,3217.802,6617.0,3635.24,6440.0,-307.19199999999955,167.0,Decrease,0,,Week4_v2,Australia/Sydney (assumption; confirm with AEMO metadata)
2025-08-13 14:30:00,2274.155,1.0,7231,0,0,2025-08-13 00:00:00,8.5,,0.0,6.7,76.0,1.0,54.0,8.0,13.6,2025,8,August,Q3,Wednesday,0,14,30,14:30,Winter,2486.231,7019.0,2793.423,6852.0,3430.902,6486.0,-212.07600000000002,212.0,Decrease,0,,Week4_v2,Australia/Sydney (assumption; confirm with AEMO metadata)
2025-08-13 15:00:00,1898.549,1.0,7516,0,0,2025-08-13 00:00:00,8.5,,0.0,6.7,76.0,1.0,54.0,8.0,13.6,2025,8,August,Q3,Wednesday,0,15,0,15:00,Winter,2274.155,7231.0,2486.231,7019.0,3217.802,6617.0,-375.6060000000002,285.0,Decrease,0,,Week4_v2,Australia/Sydney (assumption; confirm with AEMO metadata)
2025-08-13 15:30:00,1401.576,1.0,7925,0,0,2025-08-13 00:00:00,8.5,,0.0,6.7,76.0,1.0,54.0,8.0,13.6,2025,8,August,Q3,Wednesday,0,15,30,15:30,Winter,1898.549,7516.0,2274.155,7231.0,2793.423,6852.0,-496.97299999999996,409.0,Decrease,0,,Week4_v2,Australia/Sydney (assumption; confirm with AEMO metadata)
2025-08-13 16:00:00,861.094,1.0,8543,0,0,2025-08-13 00:00:00,8.5,,0.0,6.7,76.0,1.0,54.0,8.0,13.6,2025,8,August,Q3,Wednesday,0,16,0,16:00,Winter,1401.576,7925.0,1898.549,7516.0,2486.231,7019.0,-540.482,618.0,Decrease,0,,Week4_v2,Australia/Sydney (assumption; confirm with AEMO metadata)
2025-08-13 16:30:00,487.475,1.0,9125,0,0,2025-08-13 00:00:00,8.5,,0.0,6.7,76.0,1.0,54.0,8.0,13.6,2025,8,August,Q3,Wednesday,0,16,30,16:30,Winter,861.094,8543.0,1401.576,7925.0,2274.155,7231.0,-373.619,582.0,Decrease,0,,Week4_v2,Australia/Sydney (assumption; confirm with AEMO metadata)
2025-08-13 17:00:00,222.011,1.0,9739,0,0,2025-08-13 00:00:00,8.5,,0.0,6.7,76.0,1.0,54.0,8.0,13.6,2025,8,August,Q3,Wednesday,0,17,0,17:00,Winter,487.475,9125.0,861.094,8543.0,1898.549,7516.0,-265.46400000000006,614.0,Decrease,0,,Week4_v2,Australia/Sydney (assumption; confirm with AEMO metadata)
2025-08-13 17:30:00,34.611,1.0,10258,0,0,2025-08-13 00:00:00,8.5,,0.0,6.7,76.0,1.0,54.0,8.0,13.6,2025,8,August,Q3,Wednesday,0,17,30,17:30,Winter,222.011,9739.0,487.475,9125.0,1401.576,7925.0,-187.4,519.0,Decrease,0,,Week4_v2,Australia/Sydney (assumption; confirm with AEMO metadata)
2025-08-13 18:00:00,0.033,1.0,10865,0,0,2025-08-13 00:00:00,8.5,,0.0,6.7,76.0,1.0,54.0,8.0,13.6,2025,8,August,Q3,Wednesday,0,18,0,18:00,Winter,34.611,10258.0,222.011,9739.0,861.094,8543.0,-34.577999999999996,607.0,Decrease,0,,Week4_v2,Australia/Sydney (assumption; confirm with AEMO metadata)
2025-08-13 18:30:00,0.0,1.0,11043,0,0,2025-08-13 00:00:00,8.5,,0.0,6.7,76.0,1.0,54.0,8.0,13.6,2025,8,August,Q3,Wednesday,0,18,30,18:30,Winter,0.033,10865.0,34.611,10258.0,487.475,9125.0,-0.033,178.0,Decrease,0,,Week4_v2,Australia/Sydney (assumption; confirm with AEMO metadata)
2025-08-13 19:00:00,0.0,1.0,11025,0,0,2025-08-13 00:00:00,8.5,,0.0,6.7,76.0,1.0,54.0,8.0,13.6,2025,8,August,Q3,Wednesday,0,19,0,19:00,Winter,0.0,11043.0,0.033,10865.0,222.011,9739.0,0.0,-18.0,No change,0,,Week4_v2,Australia/Sydney (assumption; confirm with AEMO metadata)
2025-08-13 19:30:00,0.0,1.0,10907,0,0,2025-08-13 00:00:00,8.5,,0.0,6.7,76.0,1.0,54.0,8.0,13.6,2025,8,August,Q3,Wednesday,0,19,30,19:30,Winter,0.0,11025.0,0.0,11043.0,34.611,10258.0,0.0,-118.0,No change,0,,Week4_v2,Australia/Sydney (assumption; confirm with AEMO metadata)
2025-08-13 20:00:00,0.0,1.0,10737,0,0,2025-08-13 00:00:00,8.5,,0.0,6.7,76.0,1.0,54.0,8.0,13.6,2025,8,August,Q3,Wednesday,0,20,0,20:00,Winter,0.0,10907.0,0.0,11025.0,0.033,10865.0,0.0,-170.0,No change,0,,Week4_v2,Australia/Sydney (assumption; confirm with AEMO metadata)
2025-08-13 20:30:00,0.0,1.0,10587,0,0,2025-08-13 00:00:00,8.5,,0.0,6.7,76.0,1.0,54.0,8.0,13.6,2025,8,August,Q3,Wednesday,0,20,30,20:30,Winter,0.0,10737.0,0.0,10907.0,0.0,11043.0,0.0,-150.0,No change,0,,Week4_v2,Australia/Sydney (assumption; confirm with AEMO metadata)
2025-08-13 21:00:00,0.0,1.0,10355,0,0,2025-08-13 00:00:00,8.5,,0.0,6.7,76.0,1.0,54.0,8.0,13.6,2025,8,August,Q3,Wednesday,0,21,0,21:00,Winter,0.0,10587.0,0.0,10737.0,0.0,11025.0,0.0,-232.0,No change,0,,Week4_v2,Australia/Sydney (assumption; confirm with AEMO metadata)
2025-08-13 21:30:00,0.0,1.0,10047,0,0,2025-08-13 00:00:00,8.5,,0.0,6.7,76.0,1.0,54.0,8.0,13.6,2025,8,August,Q3,Wednesday,0,21,30,21:30,Winter,0.0,10355.0,0.0,10587.0,0.0,10907.0,0.0,-308.0,No change,0,,Week4_v2,Australia/Sydney (assumption; confirm with AEMO metadata)
2025-08-13 22:00:00,0.0,1.0,9736,0,0,2025-08-13 00:00:00,8.5,,0.0,6.7,76.0,1.0,54.0,8.0,13.6,2025,8,August,Q3,Wednesday,0,22,0,22:00,Winter,0.0,10047.0,0.0,10355.0,0.0,10737.0,0.0,-311.0,No change,0,,Week4_v2,Australia/Sydney (assumption; confirm with AEMO metadata)
2025-08-13 22:30:00,0.0,1.0,9422,0,0,2025-08-13 00:00:00,8.5,,0.0,6.7,76.0,1.0,54.0,8.0,13.6,2025,8,August,Q3,Wednesday,0,22,30,22:30,Winter,0.0,9736.0,0.0,10047.0,0.0,10587.0,0.0,-314.0,No change,0,,Week4_v2,Australia/Sydney (assumption; confirm with AEMO metadata)
2025-08-13 23:00:00,0.0,1.0,9108,0,0,2025-08-13 00:00:00,8.5,,0.0,6.7,76.0,1.0,54.0,8.0,13.6,2025,8,August,Q3,Wednesday,0,23,0,23:00,Winter,0.0,9422.0,0.0,9736.0,0.0,10355.0,0.0,-314.0,No change,0,,Week4_v2,Australia/Sydney (assumption; confirm with AEMO metadata)
2025-08-13 23:30:00,0.0,1.0,8838,0,0,2025-08-13 00:00:00,8.5,,0.0,6.7,76.0,1.0,54.0,8.0,13.6,2025,8,August,Q3,Wednesday,0,23,30,23:30,Winter,0.0,9108.0,0.0,9422.0,0.0,10047.0,0.0,-270.0,No change,0,,Week4_v2,Australia/Sydney (assumption; confirm with AEMO metadata)
2025-08-14 00:00:00,0.0,1.0,8632,0,0,2025-08-14 00:00:00,11.4,14.2,23.2,0.0,76.0,6.0,96.0,8.0,6.0,2025,8,August,Q3,Thursday,0,0,0,00:00,Winter,0.0,8838.0,0.0,9108.0,0.0,9736.0,0.0,-206.0,No change,0,,Week4_v2,Australia/Sydney (assumption; confirm with AEMO metadata)
2025-08-14 00:30:00,0.0,1.0,8437,0,0,2025-08-14 00:00:00,11.4,14.2,23.2,0.0,76.0,6.0,96.0,8.0,6.0,2025,8,August,Q3,Thursday,0,0,30,00:30,Winter,0.0,8632.0,0.0,8838.0,0.0,9422.0,0.0,-195.0,No change,0,,Week4_v2,Australia/Sydney (assumption; confirm with AEMO metadata)
2025-08-14 01:00:00,0.0,1.0,8238,0,0,2025-08-14 00:00:00,11.4,14.2,23.2,0.0,76.0,6.0,96.0,8.0,6.0,2025,8,August,Q3,Thursday,0,1,0,01:00,Winter,0.0,8437.0,0.0,8632.0,0.0,9108.0,0.0,-199.0,No change,0,,Week4_v2,Australia/Sydney (assumption; confirm with AEMO metadata)
2025-08-14 01:30:00,0.0,1.0,8065,0,0,2025-08-14 00:00:00,11.4,14.2,23.2,0.0,76.0,6.0,96.0,8.0,6.0,2025,8,August,Q3,Thursday,0,1,30,01:30,Winter,0.0,8238.0,0.0,8437.0,0.0,8838.0,0.0,-173.0,No change,0,,Week4_v2,Australia/Sydney (assumption; confirm with AEMO metadata)
2025-08-14 02:00:00,0.0,1.0,7850,0,0,2025-08-14 00:00:00,11.4,14.2,23.2,0.0,76.0,6.0,96.0,8.0,6.0,2025,8,August,Q3,Thursday,0,2,0,02:00,Winter,0.0,8065.0,0.0,8238.0,0.0,8632.0,0.0,-215.0,No change,0,,Week4_v2,Australia/Sydney (assumption; confirm with AEMO metadata)
2025-08-14 02:30:00,0.0,1.0,7637,0,0,2025-08-14 00:00:00,11.4,14.2,23.2,0.0,76.0,6.0,96.0,8.0,6.0,2025,8,August,Q3,Thursday,0,2,30,02:30,Winter,0.0,7850.0,0.0,8065.0,0.0,8437.0,0.0,-213.0,No change,0,,Week4_v2,Australia/Sydney (assumption; confirm with AEMO metadata)
2025-08-14 03:00:00,0.0,1.0,7529,0,0,2025-08-14 00:00:00,11.4,14.2,23.2,0.0,76.0,6.0,96.0,8.0,6.0,2025,8,August,Q3,Thursday,0,3,0,03:00,Winter,0.0,7637.0,0.0,7850.0,0.0,8238.0,0.0,-108.0,No change,0,,Week4_v2,Australia/Sydney (assumption; confirm with AEMO metadata)
2025-08-14 03:30:00,0.0,1.0,7598,0,0,2025-08-14 00:00:00,11.4,14.2,23.2,0.0,76.0,6.0,96.0,8.0,6.0,2025,8,August,Q3,Thursday,0,3,30,03:30,Winter,0.0,7529.0,0.0,7637.0,0.0,8065.0,0.0,69.0,No change,0,,Week4_v2,Australia/Sydney (assumption; confirm with AEMO metadata)
2025-08-14 04:00:00,0.0,1.0,7621,0,0,2025-08-14 00:00:00,11.4,14.2,23.2,0.0,76.0,6.0,96.0,8.0,6.0,2025,8,August,Q3,Thursday,0,4,0,04:00,Winter,0.0,7598.0,0.0,7529.0,0.0,7850.0,0.0,23.0,No change,0,,Week4_v2,Australia/Sydney (assumption; confirm with AEMO metadata)
2025-08-14 04:30:00,0.0,1.0,7664,0,0,2025-08-14 00:00:00,11.4,14.2,23.2,0.0,76.0,6.0,96.0,8.0,6.0,2025,8,August,Q3,Thursday,0,4,30,04:30,Winter,0.0,7621.0,0.0,7598.0,0.0,7637.0,0.0,43.0,No change,0,,Week4_v2,Australia/Sydney (assumption; confirm with AEMO metadata)
2025-08-14 05:00:00,0.0,1.0,7692,0,0,2025-08-14 00:00:00,11.4,14.2,23.2,0.0,76.0,6.0,96.0,8.0,6.0,2025,8,August,Q3,Thursday,0,5,0,05:00,Winter,0.0,7664.0,0.0,7621.0,0.0,7529.0,0.0,28.0,No change,0,,Week4_v2,Australia/Sydney (assumption; confirm with AEMO metadata)
2025-08-14 05:30:00,0.0,1.0,7965,0,0,2025-08-14 00:00:00,11.4,14.2,23.2,0.0,76.0,6.0,96.0,8.0,6.0,2025,8,August,Q3,Thursday,0,5,30,05:30,Winter,0.0,7692.0,0.0,7664.0,0.0,7598.0,0.0,273.0,No change,0,,Week4_v2,Australia/Sydney (assumption; confirm with AEMO metadata)
2025-08-14 06:00:00,0.0,1.0,8338,0,0,2025-08-14 00:00:00,11.4,14.2,23.2,0.0,76.0,6.0,96.0,8.0,6.0,2025,8,August,Q3,Thursday,0,6,0,06:00,Winter,0.0,7965.0,0.0,7692.0,0.0,7621.0,0.0,373.0,No change,0,,Week4_v2,Australia/Sydney (assumption; confirm with AEMO metadata)
2025-08-14 06:30:00,0.048,1.0,9042,0,0,2025-08-14 00:00:00,11.4,14.2,23.2,0.0,76.0,6.0,96.0,8.0,6.0,2025,8,August,Q3,Thursday,0,6,30,06:30,Winter,0.0,8338.0,0.0,7965.0,0.0,7664.0,0.048,704.0,Increase,0,,Week4_v2,Australia/Sydney (assumption; confirm with AEMO metadata)
2025-08-14 07:00:00,20.905,1.0,9750,0,0,2025-08-14 00:00:00,11.4,14.2,23.2,0.0,76.0,6.0,96.0,8.0,6.0,2025,8,August,Q3,Thursday,0,7,0,07:00,Winter,0.048,9042.0,0.0,8338.0,0.0,7692.0,20.857000000000003,708.0,Increase,0,,Week4_v2,Australia/Sydney (assumption; confirm with AEMO metadata)
2025-08-14 07:30:00,170.445,1.0,10216,0,0,2025-08-14 00:00:00,11.4,14.2,23.2,0.0,76.0,6.0,96.0,8.0,6.0,2025,8,August,Q3,Thursday,0,7,30,07:30,Winter,20.905,9750.0,0.048,9042.0,0.0,7965.0,149.54,466.0,Increase,0,,Week4_v2,Australia/Sydney (assumption; confirm with AEMO metadata)
2025-08-14 08:00:00,523.934,1.0,10231,0,0,2025-08-14 00:00:00,11.4,14.2,23.2,0.0,76.0,6.0,96.0,8.0,6.0,2025,8,August,Q3,Thursday,0,8,0,08:00,Winter,170.445,10216.0,20.905,9750.0,0.0,8338.0,353.489,15.0,Increase,0,,Week4_v2,Australia/Sydney (assumption; confirm with AEMO metadata)
2025-08-14 08:30:00,914.801,1.0,9872,0,0,2025-08-14 00:00:00,11.4,14.2,23.2,0.0,76.0,6.0,96.0,8.0,6.0,2025,8,August,Q3,Thursday,0,8,30,08:30,Winter,523.934,10231.0,170.445,10216.0,0.048,9042.0,390.8670000000001,-359.0,Increase,0,,Week4_v2,Australia/Sydney (assumption; confirm with AEMO metadata)
2025-08-14 09:00:00,1296.993,1.0,9372,0,0,2025-08-14 00:00:00,11.4,14.2,23.2,0.0,76.0,6.0,96.0,8.0,6.0,2025,8,August,Q3,Thursday,0,9,0,09:00,Winter,914.801,9872.0,523.934,10231.0,20.905,9750.0,382.1919999999999,-500.0,Increase,0,,Week4_v2,Australia/Sydney (assumption; confirm with AEMO metadata)
2025-08-14 09:30:00,1576.125,1.0,9109,0,0,2025-08-14 00:00:00,11.4,14.2,23.2,0.0,76.0,6.0,96.0,8.0,6.0,2025,8,August,Q3,Thursday,0,9,30,09:30,Winter,1296.993,9372.0,914.801,9872.0,170.445,10216.0,279.13200000000006,-263.0,Increase,0,,Week4_v2,Australia/Sydney (assumption; confirm with AEMO metadata)
2025-08-14 10:00:00,1964.389,1.0,8755,0,0,2025-08-14 00:00:00,11.4,14.2,23.2,0.0,76.0,6.0,96.0,8.0,6.0,2025,8,August,Q3,Thursday,0,10,0,10:00,Winter,1576.125,9109.0,1296.993,9372.0,523.934,10231.0,388.2639999999999,-354.0,Increase,0,,Week4_v2,Australia/Sydney (assumption; confirm with AEMO metadata)
2025-08-14 10:30:00,2211.942,1.0,8586,0,0,2025-08-14 00:00:00,11.4,14.2,23.2,0.0,76.0,6.0,96.0,8.0,6.0,2025,8,August,Q3,Thursday,0,10,30,10:30,Winter,1964.389,8755.0,1576.125,9109.0,914.801,9872.0,247.5530000000001,-169.0,Increase,0,,Week4_v2,Australia/Sydney (assumption; confirm with AEMO metadata)
2025-08-14 11:00:00,2325.025,1.0,8500,0,0,2025-08-14 00:00:00,11.4,14.2,23.2,0.0,76.0,6.0,96.0,8.0,6.0,2025,8,August,Q3,Thursday,0,11,0,11:00,Winter,2211.942,8586.0,1964.389,8755.0,1296.993,9372.0,113.08300000000008,-86.0,Increase,0,,Week4_v2,Australia/Sydney (assumption; confirm with AEMO metadata)
2025-08-14 11:30:00,2159.187,1.0,8488,0,1,2025-08-14 00:00:00,11.4,14.2,23.2,0.0,76.0,6.0,96.0,8.0,6.0,2025,8,August,Q3,Thursday,0,11,30,11:30,Winter,2325.025,8500.0,2211.942,8586.0,1576.125,9109.0,-165.8380000000002,-12.0,Decrease,0,,Week4_v2,Australia/Sydney (assumption; confirm with AEMO metadata)
2025-08-14 12:00:00,2114.07,1.0,8515,0,0,2025-08-14 00:00:00,11.4,14.2,23.2,0.0,76.0,6.0,96.0,8.0,6.0,2025,8,August,Q3,Thursday,0,12,0,12:00,Winter,2159.187,8488.0,2325.025,8500.0,1964.389,8755.0,-45.116999999999734,27.0,Decrease,0,,Week4_v2,Australia/Sydney (assumption; confirm with AEMO metadata)
2025-08-14 12:30:00,2136.576,1.0,8512,0,0,2025-08-14 00:00:00,11.4,14.2,23.2,0.0,76.0,6.0,96.0,8.0,6.0,2025,8,August,Q3,Thursday,0,12,30,12:30,Winter,2114.07,8515.0,2159.187,8488.0,2211.942,8586.0,22.505999999999858,-3.0,Increase,0,,Week4_v2,Australia/Sydney (assumption; confirm with AEMO metadata)
2025-08-14 13:00:00,2276.257,1.0,8289,0,0,2025-08-14 00:00:00,11.4,14.2,23.2,0.0,76.0,6.0,96.0,8.0,6.0,2025,8,August,Q3,Thursday,0,13,0,13:00,Winter,2136.576,8512.0,2114.07,8515.0,2325.025,8500.0,139.68100000000004,-223.0,Increase,0,,Week4_v2,Australia/Sydney (assumption; confirm with AEMO metadata)
2025-08-14 13:30:00,2106.931,1.0,8022,0,0,2025-08-14 00:00:00,11.4,14.2,23.2,0.0,76.0,6.0,96.0,8.0,6.0,2025,8,August,Q3,Thursday,0,13,30,13:30,Winter,2276.257,8289.0,2136.576,8512.0,2159.187,8488.0,-169.32600000000002,-267.0,Decrease,0,,Week4_v2,Australia/Sydney (assumption; confirm with AEMO metadata)
2025-08-14 14:00:00,1826.851,1.0,8200,0,0,2025-08-14 00:00:00,11.4,14.2,23.2,0.0,76.0,6.0,96.0,8.0,6.0,2025,8,August,Q3,Thursday,0,14,0,14:00,Winter,2106.931,8022.0,2276.257,8289.0,2114.07,8515.0,-280.0799999999999,178.0,Decrease,0,,Week4_v2,Australia/Sydney (assumption; confirm with AEMO metadata)
2025-08-14 14:30:00,1578.685,1.0,8645,0,0,2025-08-14 00:00:00,11.4,14.2,23.2,0.0,76.0,6.0,96.0,8.0,6.0,2025,8,August,Q3,Thursday,0,14,30,14:30,Winter,1826.851,8200.0,2106.931,8022.0,2136.576,8512.0,-248.16600000000017,445.0,Decrease,0,,Week4_v2,Australia/Sydney (assumption; confirm with AEMO metadata)
2025-08-14 15:00:00,1417.411,1.0,8787,0,0,2025-08-14 00:00:00,11.4,14.2,23.2,0.0,76.0,6.0,96.0,8.0,6.0,2025,8,August,Q3,Thursday,0,15,0,15:00,Winter,1578.685,8645.0,1826.851,8200.0,2276.257,8289.0,-161.2739999999999,142.0,Decrease,0,,Week4_v2,Australia/Sydney (assumption; confirm with AEMO metadata)
2025-08-14 15:30:00,1133.462,1.0,8972,0,0,2025-08-14 00:00:00,11.4,14.2,23.2,0.0,76.0,6.0,96.0,8.0,6.0,2025,8,August,Q3,Thursday,0,15,30,15:30,Winter,1417.411,8787.0,1578.685,8645.0,2106.931,8022.0,-283.94900000000007,185.0,Decrease,0,,Week4_v2,Australia/Sydney (assumption; confirm with AEMO metadata)
2025-08-14 16:00:00,866.194,1.0,9397,0,0,2025-08-14 00:00:00,11.4,14.2,23.2,0.0,76.0,6.0,96.0,8.0,6.0,2025,8,August,Q3,Thursday,0,16,0,16:00,Winter,1133.462,8972.0,1417.411,8787.0,1826.851,8200.0,-267.26800000000003,425.0,Decrease,0,,Week4_v2,Australia/Sydney (assumption; confirm with AEMO metadata)
2025-08-14 16:30:00,597.304,1.0,9801,0,0,2025-08-14 00:00:00,11.4,14.2,23.2,0.0,76.0,6.0,96.0,8.0,6.0,2025,8,August,Q3,Thursday,0,16,30,16:30,Winter,866.194,9397.0,1133.462,8972.0,1578.685,8645.0,-268.89,404.0,Decrease,0,,Week4_v2,Australia/Sydney (assumption; confirm with AEMO metadata)
2025-08-14 17:00:00,349.433,1.0,10270,0,0,2025-08-14 00:00:00,11.4,14.2,23.2,0.0,76.0,6.0,96.0,8.0,6.0,2025,8,August,Q3,Thursday,0,17,0,17:00,Winter,597.304,9801.0,866.194,9397.0,1417.411,8787.0,-247.87099999999998,469.0,Decrease,0,,Week4_v2,Australia/Sydney (assumption; confirm with AEMO metadata)
2025-08-14 17:30:00,88.719,1.0,10703,0,0,2025-08-14 00:00:00,11.4,14.2,23.2,0.0,76.0,6.0,96.0,8.0,6.0,2025,8,August,Q3,Thursday,0,17,30,17:30,Winter,349.433,10270.0,597.304,9801.0,1133.462,8972.0,-260.714,433.0,Decrease,0,,Week4_v2,Australia/Sydney (assumption; confirm with AEMO metadata)
2025-08-14 18:00:00,0.055,1.0,11415,0,0,2025-08-14 00:00:00,11.4,14.2,23.2,0.0,76.0,6.0,96.0,8.0,6.0,2025,8,August,Q3,Thursday,0,18,0,18:00,Winter,88.719,10703.0,349.433,10270.0,866.194,9397.0,-88.66399999999999,712.0,Decrease,0,,Week4_v2,Australia/Sydney (assumption; confirm with AEMO metadata)
2025-08-14 18:30:00,0.0,1.0,11720,0,0,2025-08-14 00:00:00,11.4,14.2,23.2,0.0,76.0,6.0,96.0,8.0,6.0,2025,8,August,Q3,Thursday,0,18,30,18:30,Winter,0.055,11415.0,88.719,10703.0,597.304,9801.0,-0.055,305.0,Decrease,0,,Week4_v2,Australia/Sydney (assumption; confirm with AEMO metadata)
2025-08-14 19:00:00,0.0,1.0,11681,0,0,2025-08-14 00:00:00,11.4,14.2,23.2,0.0,76.0,6.0,96.0,8.0,6.0,2025,8,August,Q3,Thursday,0,19,0,19:00,Winter,0.0,11720.0,0.055,11415.0,349.433,10270.0,0.0,-39.0,No change,0,,Week4_v2,Australia/Sydney (assumption; confirm with AEMO metadata)
2025-08-14 19:30:00,0.0,1.0,11478,0,0,2025-08-14 00:00:00,11.4,14.2,23.2,0.0,76.0,6.0,96.0,8.0,6.0,2025,8,August,Q3,Thursday,0,19,30,19:30,Winter,0.0,11681.0,0.0,11720.0,88.719,10703.0,0.0,-203.0,No change,0,,Week4_v2,Australia/Sydney (assumption; confirm with AEMO metadata)
2025-08-14 20:00:00,0.0,1.0,11314,0,0,2025-08-14 00:00:00,11.4,14.2,23.2,0.0,76.0,6.0,96.0,8.0,6.0,2025,8,August,Q3,Thursday,0,20,0,20:00,Winter,0.0,11478.0,0.0,11681.0,0.055,11415.0,0.0,-164.0,No change,0,,Week4_v2,Australia/Sydney (assumption; confirm with AEMO metadata)
2025-08-14 20:30:00,0.0,1.0,11105,0,0,2025-08-14 00:00:00,11.4,14.2,23.2,0.0,76.0,6.0,96.0,8.0,6.0,2025,8,August,Q3,Thursday,0,20,30,20:30,Winter,0.0,11314.0,0.0,11478.0,0.0,11720.0,0.0,-209.0,No change,0,,Week4_v2,Australia/Sydney (assumption; confirm with AEMO metadata)
2025-08-14 21:00:00,0.0,1.0,10903,0,0,2025-08-14 00:00:00,11.4,14.2,23.2,0.0,76.0,6.0,96.0,8.0,6.0,2025,8,August,Q3,Thursday,0,21,0,21:00,Winter,0.0,11105.0,0.0,11314.0,0.0,11681.0,0.0,-202.0,No change,0,,Week4_v2,Australia/Sydney (assumption; confirm with AEMO metadata)
2025-08-14 21:30:00,0.0,1.0,10551,0,0,2025-08-14 00:00:00,11.4,14.2,23.2,0.0,76.0,6.0,96.0,8.0,6.0,2025,8,August,Q3,Thursday,0,21,30,21:30,Winter,0.0,10903.0,0.0,11105.0,0.0,11478.0,0.0,-352.0,No change,0,,Week4_v2,Australia/Sydney (assumption; confirm with AEMO metadata)
2025-08-14 22:00:00,0.0,1.0,10113,0,0,2025-08-14 00:00:00,11.4,14.2,23.2,0.0,76.0,6.0,96.0,8.0,6.0,2025,8,August,Q3,Thursday,0,22,0,22:00,Winter,0.0,10551.0,0.0,10903.0,0.0,11314.0,0.0,-438.0,No change,0,,Week4_v2,Australia/Sydney (assumption; confirm with AEMO metadata)
2025-08-14 22:30:00,0.0,1.0,9817,0,0,2025-08-14 00:00:00,11.4,14.2,23.2,0.0,76.0,6.0,96.0,8.0,6.0,2025,8,August,Q3,Thursday,0,22,30,22:30,Winter,0.0,10113.0,0.0,10551.0,0.0,11105.0,0.0,-296.0,No change,0,,Week4_v2,Australia/Sydney (assumption; confirm with AEMO metadata)
2025-08-14 23:00:00,0.0,1.0,9442,0,0,2025-08-14 00:00:00,11.4,14.2,23.2,0.0,76.0,6.0,96.0,8.0,6.0,2025,8,August,Q3,Thursday,0,23,0,23:00,Winter,0.0,9817.0,0.0,10113.0,0.0,10903.0,0.0,-375.0,No change,0,,Week4_v2,Australia/Sydney (assumption; confirm with AEMO metadata)
2025-08-14 23:30:00,0.0,1.0,9166,0,0,2025-08-14 00:00:00,11.4,14.2,23.2,0.0,76.0,6.0,96.0,8.0,6.0,2025,8,August,Q3,Thursday,0,23,30,23:30,Winter,0.0,9442.0,0.0,9817.0,0.0,10551.0,0.0,-276.0,No change,0,,Week4_v2,Australia/Sydney (assumption; confirm with AEMO metadata)
2025-08-15 00:00:00,0.0,1.0,8861,0,0,2025-08-15 00:00:00,10.1,19.8,16.0,8.1,90.0,3.0,57.0,7.0,13.6,2025,8,August,Q3,Friday,0,0,0,00:00,Winter,0.0,9166.0,0.0,9442.0,0.0,10113.0,0.0,-305.0,No change,0,,Week4_v2,Australia/Sydney (assumption; confirm with AEMO metadata)
2025-08-15 00:30:00,0.0,1.0,8647,0,0,2025-08-15 00:00:00,10.1,19.8,16.0,8.1,90.0,3.0,57.0,7.0,13.6,2025,8,August,Q3,Friday,0,0,30,00:30,Winter,0.0,8861.0,0.0,9166.0,0.0,9817.0,0.0,-214.0,No change,0,,Week4_v2,Australia/Sydney (assumption; confirm with AEMO metadata)
2025-08-15 01:00:00,0.0,1.0,8456,0,0,2025-08-15 00:00:00,10.1,19.8,16.0,8.1,90.0,3.0,57.0,7.0,13.6,2025,8,August,Q3,Friday,0,1,0,01:00,Winter,0.0,8647.0,0.0,8861.0,0.0,9442.0,0.0,-191.0,No change,0,,Week4_v2,Australia/Sydney (assumption; confirm with AEMO metadata)
2025-08-15 01:30:00,0.0,1.0,8229,0,0,2025-08-15 00:00:00,10.1,19.8,16.0,8.1,90.0,3.0,57.0,7.0,13.6,2025,8,August,Q3,Friday,0,1,30,01:30,Winter,0.0,8456.0,0.0,8647.0,0.0,9166.0,0.0,-227.0,No change,0,,Week4_v2,Australia/Sydney (assumption; confirm with AEMO metadata)
2025-08-15 02:00:00,0.0,1.0,7979,0,0,2025-08-15 00:00:00,10.1,19.8,16.0,8.1,90.0,3.0,57.0,7.0,13.6,2025,8,August,Q3,Friday,0,2,0,02:00,Winter,0.0,8229.0,0.0,8456.0,0.0,8861.0,0.0,-250.0,No change,0,,Week4_v2,Australia/Sydney (assumption; confirm with AEMO metadata)
2025-08-15 02:30:00,0.0,1.0,7770,0,0,2025-08-15 00:00:00,10.1,19.8,16.0,8.1,90.0,3.0,57.0,7.0,13.6,2025,8,August,Q3,Friday,0,2,30,02:30,Winter,0.0,7979.0,0.0,8229.0,0.0,8647.0,0.0,-209.0,No change,0,,Week4_v2,Australia/Sydney (assumption; confirm with AEMO metadata)
2025-08-15 03:00:00,0.0,1.0,7669,0,0,2025-08-15 00:00:00,10.1,19.8,16.0,8.1,90.0,3.0,57.0,7.0,13.6,2025,8,August,Q3,Friday,0,3,0,03:00,Winter,0.0,7770.0,0.0,7979.0,0.0,8456.0,0.0,-101.0,No change,0,,Week4_v2,Australia/Sydney (assumption; confirm with AEMO metadata)
2025-08-15 03:30:00,0.0,1.0,7586,0,0,2025-08-15 00:00:00,10.1,19.8,16.0,8.1,90.0,3.0,57.0,7.0,13.6,2025,8,August,Q3,Friday,0,3,30,03:30,Winter,0.0,7669.0,0.0,7770.0,0.0,8229.0,0.0,-83.0,No change,0,,Week4_v2,Australia/Sydney (assumption; confirm with AEMO metadata)
2025-08-15 04:00:00,0.0,1.0,7562,0,0,2025-08-15 00:00:00,10.1,19.8,16.0,8.1,90.0,3.0,57.0,7.0,13.6,2025,8,August,Q3,Friday,0,4,0,04:00,Winter,0.0,7586.0,0.0,7669.0,0.0,7979.0,0.0,-24.0,No change,0,,Week4_v2,Australia/Sydney (assumption; confirm with AEMO metadata)
2025-08-15 04:30:00,0.0,1.0,7710,0,0,2025-08-15 00:00:00,10.1,19.8,16.0,8.1,90.0,3.0,57.0,7.0,13.6,2025,8,August,Q3,Friday,0,4,30,04:30,Winter,0.0,7562.0,0.0,7586.0,0.0,7770.0,0.0,148.0,No change,0,,Week4_v2,Australia/Sydney (assumption; confirm with AEMO metadata)
2025-08-15 05:00:00,0.0,1.0,7849,0,0,2025-08-15 00:00:00,10.1,19.8,16.0,8.1,90.0,3.0,57.0,7.0,13.6,2025,8,August,Q3,Friday,0,5,0,05:00,Winter,0.0,7710.0,0.0,7562.0,0.0,7669.0,0.0,139.0,No change,0,,Week4_v2,Australia/Sydney (assumption; confirm with AEMO metadata)
2025-08-15 05:30:00,0.0,1.0,8130,0,0,2025-08-15 00:00:00,10.1,19.8,16.0,8.1,90.0,3.0,57.0,7.0,13.6,2025,8,August,Q3,Friday,0,5,30,05:30,Winter,0.0,7849.0,0.0,7710.0,0.0,7586.0,0.0,281.0,No change,0,,Week4_v2,Australia/Sydney (assumption; confirm with AEMO metadata)
2025-08-15 06:00:00,0.0,1.0,8450,0,0,2025-08-15 00:00:00,10.1,19.8,16.0,8.1,90.0,3.0,57.0,7.0,13.6,2025,8,August,Q3,Friday,0,6,0,06:00,Winter,0.0,8130.0,0.0,7849.0,0.0,7562.0,0.0,320.0,No change,0,,Week4_v2,Australia/Sydney (assumption; confirm with AEMO metadata)
2025-08-15 06:30:00,0.316,1.0,9163,0,0,2025-08-15 00:00:00,10.1,19.8,16.0,8.1,90.0,3.0,57.0,7.0,13.6,2025,8,August,Q3,Friday,0,6,30,06:30,Winter,0.0,8450.0,0.0,8130.0,0.0,7710.0,0.316,713.0,Increase,0,,Week4_v2,Australia/Sydney (assumption; confirm with AEMO metadata)
2025-08-15 07:00:00,31.553,1.0,9840,0,0,2025-08-15 00:00:00,10.1,19.8,16.0,8.1,90.0,3.0,57.0,7.0,13.6,2025,8,August,Q3,Friday,0,7,0,07:00,Winter,0.316,9163.0,0.0,8450.0,0.0,7849.0,31.237000000000002,677.0,Increase,0,,Week4_v2,Australia/Sydney (assumption; confirm with AEMO metadata)
2025-08-15 07:30:00,265.606,1.0,10142,0,0,2025-08-15 00:00:00,10.1,19.8,16.0,8.1,90.0,3.0,57.0,7.0,13.6,2025,8,August,Q3,Friday,0,7,30,07:30,Winter,31.553,9840.0,0.316,9163.0,0.0,8130.0,234.053,302.0,Increase,0,,Week4_v2,Australia/Sydney (assumption; confirm with AEMO metadata)
2025-08-15 08:00:00,726.435,1.0,10039,0,0,2025-08-15 00:00:00,10.1,19.8,16.0,8.1,90.0,3.0,57.0,7.0,13.6,2025,8,August,Q3,Friday,0,8,0,08:00,Winter,265.606,10142.0,31.553,9840.0,0.0,8450.0,460.82899999999995,-103.0,Increase,0,,Week4_v2,Australia/Sydney (assumption; confirm with AEMO metadata)
2025-08-15 08:30:00,1349.542,1.0,9456,0,0,2025-08-15 00:00:00,10.1,19.8,16.0,8.1,90.0,3.0,57.0,7.0,13.6,2025,8,August,Q3,Friday,0,8,30,08:30,Winter,726.435,10039.0,265.606,10142.0,0.316,9163.0,623.107,-583.0,Increase,0,,Week4_v2,Australia/Sydney (assumption; confirm with AEMO metadata)
2025-08-15 09:00:00,1936.406,1.0,8696,0,0,2025-08-15 00:00:00,10.1,19.8,16.0,8.1,90.0,3.0,57.0,7.0,13.6,2025,8,August,Q3,Friday,0,9,0,09:00,Winter,1349.542,9456.0,726.435,10039.0,31.553,9840.0,586.864,-760.0,Increase,0,,Week4_v2,Australia/Sydney (assumption; confirm with AEMO metadata)
2025-08-15 09:30:00,2211.984,1.0,8402,0,0,2025-08-15 00:00:00,10.1,19.8,16.0,8.1,90.0,3.0,57.0,7.0,13.6,2025,8,August,Q3,Friday,0,9,30,09:30,Winter,1936.406,8696.0,1349.542,9456.0,265.606,10142.0,275.578,-294.0,Increase,0,,Week4_v2,Australia/Sydney (assumption; confirm with AEMO metadata)
2025-08-15 10:00:00,2535.095,1.0,7955,0,0,2025-08-15 00:00:00,10.1,19.8,16.0,8.1,90.0,3.0,57.0,7.0,13.6,2025,8,August,Q3,Friday,0,10,0,10:00,Winter,2211.984,8402.0,1936.406,8696.0,726.435,10039.0,323.1109999999999,-447.0,Increase,0,,Week4_v2,Australia/Sydney (assumption; confirm with AEMO metadata)
2025-08-15 10:30:00,3192.464,1.0,7207,0,0,2025-08-15 00:00:00,10.1,19.8,16.0,8.1,90.0,3.0,57.0,7.0,13.6,2025,8,August,Q3,Friday,0,10,30,10:30,Winter,2535.095,7955.0,2211.984,8402.0,1349.542,9456.0,657.3690000000001,-748.0,Increase,0,,Week4_v2,Australia/Sydney (assumption; confirm with AEMO metadata)
2025-08-15 11:00:00,3664.741,1.0,6735,0,0,2025-08-15 00:00:00,10.1,19.8,16.0,8.1,90.0,3.0,57.0,7.0,13.6,2025,8,August,Q3,Friday,0,11,0,11:00,Winter,3192.464,7207.0,2535.095,7955.0,1936.406,8696.0,472.27700000000004,-472.0,Increase,0,,Week4_v2,Australia/Sydney (assumption; confirm with AEMO metadata)
2025-08-15 11:30:00,3608.416,1.0,6609,0,0,2025-08-15 00:00:00,10.1,19.8,16.0,8.1,90.0,3.0,57.0,7.0,13.6,2025,8,August,Q3,Friday,0,11,30,11:30,Winter,3664.741,6735.0,3192.464,7207.0,2211.984,8402.0,-56.32499999999982,-126.0,Decrease,0,,Week4_v2,Australia/Sydney (assumption; confirm with AEMO metadata)
2025-08-15 12:00:00,3673.241,1.0,6379,0,0,2025-08-15 00:00:00,10.1,19.8,16.0,8.1,90.0,3.0,57.0,7.0,13.6,2025,8,August,Q3,Friday,0,12,0,12:00,Winter,3608.416,6609.0,3664.741,6735.0,2535.095,7955.0,64.82499999999982,-230.0,Increase,0,,Week4_v2,Australia/Sydney (assumption; confirm with AEMO metadata)
2025-08-15 12:30:00,3661.968,1.0,6295,0,0,2025-08-15 00:00:00,10.1,19.8,16.0,8.1,90.0,3.0,57.0,7.0,13.6,2025,8,August,Q3,Friday,0,12,30,12:30,Winter,3673.241,6379.0,3608.416,6609.0,3192.464,7207.0,-11.273000000000138,-84.0,Decrease,0,,Week4_v2,Australia/Sydney (assumption; confirm with AEMO metadata)
2025-08-15 13:00:00,3597.912,1.0,6283,0,0,2025-08-15 00:00:00,10.1,19.8,16.0,8.1,90.0,3.0,57.0,7.0,13.6,2025,8,August,Q3,Friday,0,13,0,13:00,Winter,3661.968,6295.0,3673.241,6379.0,3664.741,6735.0,-64.05600000000004,-12.0,Decrease,0,,Week4_v2,Australia/Sydney (assumption; confirm with AEMO metadata)
2025-08-15 13:30:00,3198.397,1.0,6431,0,0,2025-08-15 00:00:00,10.1,19.8,16.0,8.1,90.0,3.0,57.0,7.0,13.6,2025,8,August,Q3,Friday,0,13,30,13:30,Winter,3597.912,6283.0,3661.968,6295.0,3608.416,6609.0,-399.5149999999999,148.0,Decrease,0,,Week4_v2,Australia/Sydney (assumption; confirm with AEMO metadata)
2025-08-15 14:00:00,2913.652,1.0,6467,0,0,2025-08-15 00:00:00,10.1,19.8,16.0,8.1,90.0,3.0,57.0,7.0,13.6,2025,8,August,Q3,Friday,0,14,0,14:00,Winter,3198.397,6431.0,3597.912,6283.0,3673.241,6379.0,-284.7449999999999,36.0,Decrease,0,,Week4_v2,Australia/Sydney (assumption; confirm with AEMO metadata)
2025-08-15 14:30:00,2844.652,1.0,6443,0,0,2025-08-15 00:00:00,10.1,19.8,16.0,8.1,90.0,3.0,57.0,7.0,13.6,2025,8,August,Q3,Friday,0,14,30,14:30,Winter,2913.652,6467.0,3198.397,6431.0,3661.968,6295.0,-69.0,-24.0,Decrease,0,,Week4_v2,Australia/Sydney (assumption; confirm with AEMO metadata)
2025-08-15 15:00:00,2299.067,1.0,6797,0,0,2025-08-15 00:00:00,10.1,19.8,16.0,8.1,90.0,3.0,57.0,7.0,13.6,2025,8,August,Q3,Friday,0,15,0,15:00,Winter,2844.652,6443.0,2913.652,6467.0,3597.912,6283.0,-545.585,354.0,Decrease,0,,Week4_v2,Australia/Sydney (assumption; confirm with AEMO metadata)
2025-08-15 15:30:00,1860.041,1.0,7232,0,0,2025-08-15 00:00:00,10.1,19.8,16.0,8.1,90.0,3.0,57.0,7.0,13.6,2025,8,August,Q3,Friday,0,15,30,15:30,Winter,2299.067,6797.0,2844.652,6443.0,3198.397,6431.0,-439.02600000000007,435.0,Decrease,0,,Week4_v2,Australia/Sydney (assumption; confirm with AEMO metadata)
2025-08-15 16:00:00,1377.031,1.0,7734,0,0,2025-08-15 00:00:00,10.1,19.8,16.0,8.1,90.0,3.0,57.0,7.0,13.6,2025,8,August,Q3,Friday,0,16,0,16:00,Winter,1860.041,7232.0,2299.067,6797.0,2913.652,6467.0,-483.01,502.0,Decrease,0,,Week4_v2,Australia/Sydney (assumption; confirm with AEMO metadata)
2025-08-15 16:30:00,783.317,1.0,8369,0,0,2025-08-15 00:00:00,10.1,19.8,16.0,8.1,90.0,3.0,57.0,7.0,13.6,2025,8,August,Q3,Friday,0,16,30,16:30,Winter,1377.031,7734.0,1860.041,7232.0,2844.652,6443.0,-593.7139999999999,635.0,Decrease,0,,Week4_v2,Australia/Sydney (assumption; confirm with AEMO metadata)
2025-08-15 17:00:00,345.747,1.0,9017,0,0,2025-08-15 00:00:00,10.1,19.8,16.0,8.1,90.0,3.0,57.0,7.0,13.6,2025,8,August,Q3,Friday,0,17,0,17:00,Winter,783.317,8369.0,1377.031,7734.0,2299.067,6797.0,-437.57,648.0,Decrease,0,,Week4_v2,Australia/Sydney (assumption; confirm with AEMO metadata)
2025-08-15 17:30:00,69.443,1.0,9561,0,0,2025-08-15 00:00:00,10.1,19.8,16.0,8.1,90.0,3.0,57.0,7.0,13.6,2025,8,August,Q3,Friday,0,17,30,17:30,Winter,345.747,9017.0,783.317,8369.0,1860.041,7232.0,-276.30400000000003,544.0,Decrease,0,,Week4_v2,Australia/Sydney (assumption; confirm with AEMO metadata)
2025-08-15 18:00:00,0.091,1.0,10176,0,0,2025-08-15 00:00:00,10.1,19.8,16.0,8.1,90.0,3.0,57.0,7.0,13.6,2025,8,August,Q3,Friday,0,18,0,18:00,Winter,69.443,9561.0,345.747,9017.0,1377.031,7734.0,-69.352,615.0,Decrease,0,,Week4_v2,Australia/Sydney (assumption; confirm with AEMO metadata)
2025-08-15 18:30:00,0.0,1.0,10372,0,0,2025-08-15 00:00:00,10.1,19.8,16.0,8.1,90.0,3.0,57.0,7.0,13.6,2025,8,August,Q3,Friday,0,18,30,18:30,Winter,0.091,10176.0,69.443,9561.0,783.317,8369.0,-0.091,196.0,Decrease,0,,Week4_v2,Australia/Sydney (assumption; confirm with AEMO metadata)
2025-08-15 19:00:00,0.0,1.0,10353,0,0,2025-08-15 00:00:00,10.1,19.8,16.0,8.1,90.0,3.0,57.0,7.0,13.6,2025,8,August,Q3,Friday,0,19,0,19:00,Winter,0.0,10372.0,0.091,10176.0,345.747,9017.0,0.0,-19.0,No change,0,,Week4_v2,Australia/Sydney (assumption; confirm with AEMO metadata)
2025-08-15 19:30:00,0.0,1.0,10276,0,0,2025-08-15 00:00:00,10.1,19.8,16.0,8.1,90.0,3.0,57.0,7.0,13.6,2025,8,August,Q3,Friday,0,19,30,19:30,Winter,0.0,10353.0,0.0,10372.0,69.443,9561.0,0.0,-77.0,No change,0,,Week4_v2,Australia/Sydney (assumption; confirm with AEMO metadata)
2025-08-15 20:00:00,0.0,1.0,10121,0,0,2025-08-15 00:00:00,10.1,19.8,16.0,8.1,90.0,3.0,57.0,7.0,13.6,2025,8,August,Q3,Friday,0,20,0,20:00,Winter,0.0,10276.0,0.0,10353.0,0.091,10176.0,0.0,-155.0,No change,0,,Week4_v2,Australia/Sydney (assumption; confirm with AEMO metadata)
2025-08-15 20:30:00,0.0,1.0,10036,0,0,2025-08-15 00:00:00,10.1,19.8,16.0,8.1,90.0,3.0,57.0,7.0,13.6,2025,8,August,Q3,Friday,0,20,30,20:30,Winter,0.0,10121.0,0.0,10276.0,0.0,10372.0,0.0,-85.0,No change,0,,Week4_v2,Australia/Sydney (assumption; confirm with AEMO metadata)
2025-08-15 21:00:00,0.0,1.0,9895,0,0,2025-08-15 00:00:00,10.1,19.8,16.0,8.1,90.0,3.0,57.0,7.0,13.6,2025,8,August,Q3,Friday,0,21,0,21:00,Winter,0.0,10036.0,0.0,10121.0,0.0,10353.0,0.0,-141.0,No change,0,,Week4_v2,Australia/Sydney (assumption; confirm with AEMO metadata)
2025-08-15 21:30:00,0.0,1.0,9709,0,0,2025-08-15 00:00:00,10.1,19.8,16.0,8.1,90.0,3.0,57.0,7.0,13.6,2025,8,August,Q3,Friday,0,21,30,21:30,Winter,0.0,9895.0,0.0,10036.0,0.0,10276.0,0.0,-186.0,No change,0,,Week4_v2,Australia/Sydney (assumption; confirm with AEMO metadata)
2025-08-15 22:00:00,0.0,1.0,9482,0,0,2025-08-15 00:00:00,10.1,19.8,16.0,8.1,90.0,3.0,57.0,7.0,13.6,2025,8,August,Q3,Friday,0,22,0,22:00,Winter,0.0,9709.0,0.0,9895.0,0.0,10121.0,0.0,-227.0,No change,0,,Week4_v2,Australia/Sydney (assumption; confirm with AEMO metadata)
2025-08-15 22:30:00,0.0,1.0,9323,0,0,2025-08-15 00:00:00,10.1,19.8,16.0,8.1,90.0,3.0,57.0,7.0,13.6,2025,8,August,Q3,Friday,0,22,30,22:30,Winter,0.0,9482.0,0.0,9709.0,0.0,10036.0,0.0,-159.0,No change,0,,Week4_v2,Australia/Sydney (assumption; confirm with AEMO metadata)
2025-08-15 23:00:00,0.0,1.0,9109,0,0,2025-08-15 00:00:00,10.1,19.8,16.0,8.1,90.0,3.0,57.0,7.0,13.6,2025,8,August,Q3,Friday,0,23,0,23:00,Winter,0.0,9323.0,0.0,9482.0,0.0,9895.0,0.0,-214.0,No change,0,,Week4_v2,Australia/Sydney (assumption; confirm with AEMO metadata)
2025-08-15 23:30:00,0.0,1.0,8861,0,0,2025-08-15 00:00:00,10.1,19.8,16.0,8.1,90.0,3.0,57.0,7.0,13.6,2025,8,August,Q3,Friday,0,23,30,23:30,Winter,0.0,9109.0,0.0,9323.0,0.0,9709.0,0.0,-248.0,No change,0,,Week4_v2,Australia/Sydney (assumption; confirm with AEMO metadata)
2025-08-16 00:00:00,0.0,1.0,8634,0,0,2025-08-16 00:00:00,10.4,18.6,0.0,8.2,65.0,1.0,37.0,5.0,11.7,2025,8,August,Q3,Saturday,1,0,0,00:00,Winter,0.0,8861.0,0.0,9109.0,0.0,9482.0,0.0,-227.0,No change,0,,Week4_v2,Australia/Sydney (assumption; confirm with AEMO metadata)
2025-08-16 00:30:00,0.0,1.0,8434,0,0,2025-08-16 00:00:00,10.4,18.6,0.0,8.2,65.0,1.0,37.0,5.0,11.7,2025,8,August,Q3,Saturday,1,0,30,00:30,Winter,0.0,8634.0,0.0,8861.0,0.0,9323.0,0.0,-200.0,No change,0,,Week4_v2,Australia/Sydney (assumption; confirm with AEMO metadata)
2025-08-16 01:00:00,0.0,1.0,8221,0,0,2025-08-16 00:00:00,10.4,18.6,0.0,8.2,65.0,1.0,37.0,5.0,11.7,2025,8,August,Q3,Saturday,1,1,0,01:00,Winter,0.0,8434.0,0.0,8634.0,0.0,9109.0,0.0,-213.0,No change,0,,Week4_v2,Australia/Sydney (assumption; confirm with AEMO metadata)
2025-08-16 01:30:00,0.0,1.0,8001,0,0,2025-08-16 00:00:00,10.4,18.6,0.0,8.2,65.0,1.0,37.0,5.0,11.7,2025,8,August,Q3,Saturday,1,1,30,01:30,Winter,0.0,8221.0,0.0,8434.0,0.0,8861.0,0.0,-220.0,No change,0,,Week4_v2,Australia/Sydney (assumption; confirm with AEMO metadata)
2025-08-16 02:00:00,0.0,1.0,7680,0,0,2025-08-16 00:00:00,10.4,18.6,0.0,8.2,65.0,1.0,37.0,5.0,11.7,2025,8,August,Q3,Saturday,1,2,0,02:00,Winter,0.0,8001.0,0.0,8221.0,0.0,8634.0,0.0,-321.0,No change,0,,Week4_v2,Australia/Sydney (assumption; confirm with AEMO metadata)
2025-08-16 02:30:00,0.0,1.0,7287,0,0,2025-08-16 00:00:00,10.4,18.6,0.0,8.2,65.0,1.0,37.0,5.0,11.7,2025,8,August,Q3,Saturday,1,2,30,02:30,Winter,0.0,7680.0,0.0,8001.0,0.0,8434.0,0.0,-393.0,No change,0,,Week4_v2,Australia/Sydney (assumption; confirm with AEMO metadata)
2025-08-16 03:00:00,0.0,1.0,7504,0,0,2025-08-16 00:00:00,10.4,18.6,0.0,8.2,65.0,1.0,37.0,5.0,11.7,2025,8,August,Q3,Saturday,1,3,0,03:00,Winter,0.0,7287.0,0.0,7680.0,0.0,8221.0,0.0,217.0,No change,0,,Week4_v2,Australia/Sydney (assumption; confirm with AEMO metadata)
2025-08-16 03:30:00,0.0,1.0,7319,0,0,2025-08-16 00:00:00,10.4,18.6,0.0,8.2,65.0,1.0,37.0,5.0,11.7,2025,8,August,Q3,Saturday,1,3,30,03:30,Winter,0.0,7504.0,0.0,7287.0,0.0,8001.0,0.0,-185.0,No change,0,,Week4_v2,Australia/Sydney (assumption; confirm with AEMO metadata)
2025-08-16 04:00:00,0.0,1.0,7218,0,0,2025-08-16 00:00:00,10.4,18.6,0.0,8.2,65.0,1.0,37.0,5.0,11.7,2025,8,August,Q3,Saturday,1,4,0,04:00,Winter,0.0,7319.0,0.0,7504.0,0.0,7680.0,0.0,-101.0,No change,0,,Week4_v2,Australia/Sydney (assumption; confirm with AEMO metadata)
2025-08-16 04:30:00,0.0,1.0,7323,0,0,2025-08-16 00:00:00,10.4,18.6,0.0,8.2,65.0,1.0,37.0,5.0,11.7,2025,8,August,Q3,Saturday,1,4,30,04:30,Winter,0.0,7218.0,0.0,7319.0,0.0,7287.0,0.0,105.0,No change,0,,Week4_v2,Australia/Sydney (assumption; confirm with AEMO metadata)
2025-08-16 05:00:00,0.0,1.0,7288,0,0,2025-08-16 00:00:00,10.4,18.6,0.0,8.2,65.0,1.0,37.0,5.0,11.7,2025,8,August,Q3,Saturday,1,5,0,05:00,Winter,0.0,7323.0,0.0,7218.0,0.0,7504.0,0.0,-35.0,No change,0,,Week4_v2,Australia/Sydney (assumption; confirm with AEMO metadata)
2025-08-16 05:30:00,0.0,1.0,7402,0,0,2025-08-16 00:00:00,10.4,18.6,0.0,8.2,65.0,1.0,37.0,5.0,11.7,2025,8,August,Q3,Saturday,1,5,30,05:30,Winter,0.0,7288.0,0.0,7323.0,0.0,7319.0,0.0,114.0,No change,0,,Week4_v2,Australia/Sydney (assumption; confirm with AEMO metadata)
2025-08-16 06:00:00,0.0,1.0,7525,0,0,2025-08-16 00:00:00,10.4,18.6,0.0,8.2,65.0,1.0,37.0,5.0,11.7,2025,8,August,Q3,Saturday,1,6,0,06:00,Winter,0.0,7402.0,0.0,7288.0,0.0,7218.0,0.0,123.0,No change,0,,Week4_v2,Australia/Sydney (assumption; confirm with AEMO metadata)
2025-08-16 06:30:00,0.435,1.0,7866,0,0,2025-08-16 00:00:00,10.4,18.6,0.0,8.2,65.0,1.0,37.0,5.0,11.7,2025,8,August,Q3,Saturday,1,6,30,06:30,Winter,0.0,7525.0,0.0,7402.0,0.0,7323.0,0.435,341.0,Increase,0,,Week4_v2,Australia/Sydney (assumption; confirm with AEMO metadata)
2025-08-16 07:00:00,43.706,1.0,8221,0,0,2025-08-16 00:00:00,10.4,18.6,0.0,8.2,65.0,1.0,37.0,5.0,11.7,2025,8,August,Q3,Saturday,1,7,0,07:00,Winter,0.435,7866.0,0.0,7525.0,0.0,7288.0,43.271,355.0,Increase,0,,Week4_v2,Australia/Sydney (assumption; confirm with AEMO metadata)
2025-08-16 07:30:00,282.049,1.0,8412,0,0,2025-08-16 00:00:00,10.4,18.6,0.0,8.2,65.0,1.0,37.0,5.0,11.7,2025,8,August,Q3,Saturday,1,7,30,07:30,Winter,43.706,8221.0,0.435,7866.0,0.0,7402.0,238.34299999999996,191.0,Increase,0,,Week4_v2,Australia/Sydney (assumption; confirm with AEMO metadata)
2025-08-16 08:00:00,722.456,1.0,8382,0,0,2025-08-16 00:00:00,10.4,18.6,0.0,8.2,65.0,1.0,37.0,5.0,11.7,2025,8,August,Q3,Saturday,1,8,0,08:00,Winter,282.049,8412.0,43.706,8221.0,0.0,7525.0,440.40700000000004,-30.0,Increase,0,,Week4_v2,Australia/Sydney (assumption; confirm with AEMO metadata)
2025-08-16 08:30:00,1294.3,1.0,8093,0,0,2025-08-16 00:00:00,10.4,18.6,0.0,8.2,65.0,1.0,37.0,5.0,11.7,2025,8,August,Q3,Saturday,1,8,30,08:30,Winter,722.456,8382.0,282.049,8412.0,0.435,7866.0,571.8439999999999,-289.0,Increase,0,,Week4_v2,Australia/Sydney (assumption; confirm with AEMO metadata)
2025-08-16 09:00:00,1956.516,1.0,7551,0,0,2025-08-16 00:00:00,10.4,18.6,0.0,8.2,65.0,1.0,37.0,5.0,11.7,2025,8,August,Q3,Saturday,1,9,0,09:00,Winter,1294.3,8093.0,722.456,8382.0,43.706,8221.0,662.2160000000001,-542.0,Increase,0,,Week4_v2,Australia/Sydney (assumption; confirm with AEMO metadata)
2025-08-16 09:30:00,2539.897,1.0,7080,0,0,2025-08-16 00:00:00,10.4,18.6,0.0,8.2,65.0,1.0,37.0,5.0,11.7,2025,8,August,Q3,Saturday,1,9,30,09:30,Winter,1956.516,7551.0,1294.3,8093.0,282.049,8412.0,583.3809999999999,-471.0,Increase,0,,Week4_v2,Australia/Sydney (assumption; confirm with AEMO metadata)
2025-08-16 10:00:00,3005.264,1.0,6687,0,0,2025-08-16 00:00:00,10.4,18.6,0.0,8.2,65.0,1.0,37.0,5.0,11.7,2025,8,August,Q3,Saturday,1,10,0,10:00,Winter,2539.897,7080.0,1956.516,7551.0,722.456,8382.0,465.3670000000002,-393.0,Increase,0,,Week4_v2,Australia/Sydney (assumption; confirm with AEMO metadata)
2025-08-16 10:30:00,3293.977,1.0,6195,0,0,2025-08-16 00:00:00,10.4,18.6,0.0,8.2,65.0,1.0,37.0,5.0,11.7,2025,8,August,Q3,Saturday,1,10,30,10:30,Winter,3005.264,6687.0,2539.897,7080.0,1294.3,8093.0,288.71299999999974,-492.0,Increase,0,,Week4_v2,Australia/Sydney (assumption; confirm with AEMO metadata)
2025-08-16 11:00:00,3390.149,1.0,6006,0,0,2025-08-16 00:00:00,10.4,18.6,0.0,8.2,65.0,1.0,37.0,5.0,11.7,2025,8,August,Q3,Saturday,1,11,0,11:00,Winter,3293.977,6195.0,3005.264,6687.0,1956.516,7551.0,96.17200000000003,-189.0,Increase,0,,Week4_v2,Australia/Sydney (assumption; confirm with AEMO metadata)
2025-08-16 11:30:00,3038.821,1.0,6203,0,0,2025-08-16 00:00:00,10.4,18.6,0.0,8.2,65.0,1.0,37.0,5.0,11.7,2025,8,August,Q3,Saturday,1,11,30,11:30,Winter,3390.149,6006.0,3293.977,6195.0,2539.897,7080.0,-351.328,197.0,Decrease,0,,Week4_v2,Australia/Sydney (assumption; confirm with AEMO metadata)
2025-08-16 12:00:00,3091.849,1.0,6323,0,0,2025-08-16 00:00:00,10.4,18.6,0.0,8.2,65.0,1.0,37.0,5.0,11.7,2025,8,August,Q3,Saturday,1,12,0,12:00,Winter,3038.821,6203.0,3390.149,6006.0,3005.264,6687.0,53.02800000000025,120.0,Increase,0,,Week4_v2,Australia/Sydney (assumption; confirm with AEMO metadata)
2025-08-16 12:30:00,2875.893,1.0,6347,0,0,2025-08-16 00:00:00,10.4,18.6,0.0,8.2,65.0,1.0,37.0,5.0,11.7,2025,8,August,Q3,Saturday,1,12,30,12:30,Winter,3091.849,6323.0,3038.821,6203.0,3293.977,6195.0,-215.95600000000013,24.0,Decrease,0,,Week4_v2,Australia/Sydney (assumption; confirm with AEMO metadata)
2025-08-16 13:00:00,2918.632,1.0,6415,0,0,2025-08-16 00:00:00,10.4,18.6,0.0,8.2,65.0,1.0,37.0,5.0,11.7,2025,8,August,Q3,Saturday,1,13,0,13:00,Winter,2875.893,6347.0,3091.849,6323.0,3390.149,6006.0,42.73900000000003,68.0,Increase,0,,Week4_v2,Australia/Sydney (assumption; confirm with AEMO metadata)
2025-08-16 13:30:00,2820.919,1.0,6417,0,0,2025-08-16 00:00:00,10.4,18.6,0.0,8.2,65.0,1.0,37.0,5.0,11.7,2025,8,August,Q3,Saturday,1,13,30,13:30,Winter,2918.632,6415.0,2875.893,6347.0,3038.821,6203.0,-97.71300000000019,2.0,Decrease,0,,Week4_v2,Australia/Sydney (assumption; confirm with AEMO metadata)
2025-08-16 14:00:00,2632.816,1.0,6379,0,0,2025-08-16 00:00:00,10.4,18.6,0.0,8.2,65.0,1.0,37.0,5.0,11.7,2025,8,August,Q3,Saturday,1,14,0,14:00,Winter,2820.919,6417.0,2918.632,6415.0,3091.849,6323.0,-188.10300000000007,-38.0,Decrease,0,,Week4_v2,Australia/Sydney (assumption; confirm with AEMO metadata)
2025-08-16 14:30:00,2471.082,1.0,6362,0,0,2025-08-16 00:00:00,10.4,18.6,0.0,8.2,65.0,1.0,37.0,5.0,11.7,2025,8,August,Q3,Saturday,1,14,30,14:30,Winter,2632.816,6379.0,2820.919,6417.0,2875.893,6347.0,-161.73399999999992,-17.0,Decrease,0,,Week4_v2,Australia/Sydney (assumption; confirm with AEMO metadata)
2025-08-16 15:00:00,2239.716,1.0,6651,0,0,2025-08-16 00:00:00,10.4,18.6,0.0,8.2,65.0,1.0,37.0,5.0,11.7,2025,8,August,Q3,Saturday,1,15,0,15:00,Winter,2471.082,6362.0,2632.816,6379.0,2918.632,6415.0,-231.36599999999999,289.0,Decrease,0,,Week4_v2,Australia/Sydney (assumption; confirm with AEMO metadata)
2025-08-16 15:30:00,1935.723,1.0,6897,0,0,2025-08-16 00:00:00,10.4,18.6,0.0,8.2,65.0,1.0,37.0,5.0,11.7,2025,8,August,Q3,Saturday,1,15,30,15:30,Winter,2239.716,6651.0,2471.082,6362.0,2820.919,6417.0,-303.99299999999994,246.0,Decrease,0,,Week4_v2,Australia/Sydney (assumption; confirm with AEMO metadata)
2025-08-16 16:00:00,1445.09,1.0,7429,0,0,2025-08-16 00:00:00,10.4,18.6,0.0,8.2,65.0,1.0,37.0,5.0,11.7,2025,8,August,Q3,Saturday,1,16,0,16:00,Winter,1935.723,6897.0,2239.716,6651.0,2632.816,6379.0,-490.63300000000004,532.0,Decrease,0,,Week4_v2,Australia/Sydney (assumption; confirm with AEMO metadata)
2025-08-16 16:30:00,829.528,1.0,8070,0,0,2025-08-16 00:00:00,10.4,18.6,0.0,8.2,65.0,1.0,37.0,5.0,11.7,2025,8,August,Q3,Saturday,1,16,30,16:30,Winter,1445.09,7429.0,1935.723,6897.0,2471.082,6362.0,-615.5619999999999,641.0,Decrease,0,,Week4_v2,Australia/Sydney (assumption; confirm with AEMO metadata)
2025-08-16 17:00:00,381.897,1.0,8744,0,0,2025-08-16 00:00:00,10.4,18.6,0.0,8.2,65.0,1.0,37.0,5.0,11.7,2025,8,August,Q3,Saturday,1,17,0,17:00,Winter,829.528,8070.0,1445.09,7429.0,2239.716,6651.0,-447.63100000000003,674.0,Decrease,0,,Week4_v2,Australia/Sydney (assumption; confirm with AEMO metadata)
2025-08-16 17:30:00,69.969,1.0,9336,0,0,2025-08-16 00:00:00,10.4,18.6,0.0,8.2,65.0,1.0,37.0,5.0,11.7,2025,8,August,Q3,Saturday,1,17,30,17:30,Winter,381.897,8744.0,829.528,8070.0,1935.723,6897.0,-311.928,592.0,Decrease,0,,Week4_v2,Australia/Sydney (assumption; confirm with AEMO metadata)
2025-08-16 18:00:00,0.069,1.0,9996,0,0,2025-08-16 00:00:00,10.4,18.6,0.0,8.2,65.0,1.0,37.0,5.0,11.7,2025,8,August,Q3,Saturday,1,18,0,18:00,Winter,69.969,9336.0,381.897,8744.0,1445.09,7429.0,-69.89999999999999,660.0,Decrease,0,,Week4_v2,Australia/Sydney (assumption; confirm with AEMO metadata)
2025-08-16 18:30:00,0.0,1.0,10279,0,0,2025-08-16 00:00:00,10.4,18.6,0.0,8.2,65.0,1.0,37.0,5.0,11.7,2025,8,August,Q3,Saturday,1,18,30,18:30,Winter,0.069,9996.0,69.969,9336.0,829.528,8070.0,-0.069,283.0,Decrease,0,,Week4_v2,Australia/Sydney (assumption; confirm with AEMO metadata)
2025-08-16 19:00:00,0.0,1.0,10292,0,0,2025-08-16 00:00:00,10.4,18.6,0.0,8.2,65.0,1.0,37.0,5.0,11.7,2025,8,August,Q3,Saturday,1,19,0,19:00,Winter,0.0,10279.0,0.069,9996.0,381.897,8744.0,0.0,13.0,No change,0,,Week4_v2,Australia/Sydney (assumption; confirm with AEMO metadata)
2025-08-16 19:30:00,0.0,1.0,10284,0,0,2025-08-16 00:00:00,10.4,18.6,0.0,8.2,65.0,1.0,37.0,5.0,11.7,2025,8,August,Q3,Saturday,1,19,30,19:30,Winter,0.0,10292.0,0.0,10279.0,69.969,9336.0,0.0,-8.0,No change,0,,Week4_v2,Australia/Sydney (assumption; confirm with AEMO metadata)
2025-08-16 20:00:00,0.0,1.0,10196,0,0,2025-08-16 00:00:00,10.4,18.6,0.0,8.2,65.0,1.0,37.0,5.0,11.7,2025,8,August,Q3,Saturday,1,20,0,20:00,Winter,0.0,10284.0,0.0,10292.0,0.069,9996.0,0.0,-88.0,No change,0,,Week4_v2,Australia/Sydney (assumption; confirm with AEMO metadata)
2025-08-16 20:30:00,0.0,1.0,10119,0,0,2025-08-16 00:00:00,10.4,18.6,0.0,8.2,65.0,1.0,37.0,5.0,11.7,2025,8,August,Q3,Saturday,1,20,30,20:30,Winter,0.0,10196.0,0.0,10284.0,0.0,10279.0,0.0,-77.0,No change,0,,Week4_v2,Australia/Sydney (assumption; confirm with AEMO metadata)
2025-08-16 21:00:00,0.0,1.0,10008,0,0,2025-08-16 00:00:00,10.4,18.6,0.0,8.2,65.0,1.0,37.0,5.0,11.7,2025,8,August,Q3,Saturday,1,21,0,21:00,Winter,0.0,10119.0,0.0,10196.0,0.0,10292.0,0.0,-111.0,No change,0,,Week4_v2,Australia/Sydney (assumption; confirm with AEMO metadata)
2025-08-16 21:30:00,0.0,1.0,9826,0,0,2025-08-16 00:00:00,10.4,18.6,0.0,8.2,65.0,1.0,37.0,5.0,11.7,2025,8,August,Q3,Saturday,1,21,30,21:30,Winter,0.0,10008.0,0.0,10119.0,0.0,10284.0,0.0,-182.0,No change,0,,Week4_v2,Australia/Sydney (assumption; confirm with AEMO metadata)
2025-08-16 22:00:00,0.0,1.0,9619,0,0,2025-08-16 00:00:00,10.4,18.6,0.0,8.2,65.0,1.0,37.0,5.0,11.7,2025,8,August,Q3,Saturday,1,22,0,22:00,Winter,0.0,9826.0,0.0,10008.0,0.0,10196.0,0.0,-207.0,No change,0,,Week4_v2,Australia/Sydney (assumption; confirm with AEMO metadata)
2025-08-16 22:30:00,0.0,1.0,9384,0,0,2025-08-16 00:00:00,10.4,18.6,0.0,8.2,65.0,1.0,37.0,5.0,11.7,2025,8,August,Q3,Saturday,1,22,30,22:30,Winter,0.0,9619.0,0.0,9826.0,0.0,10119.0,0.0,-235.0,No change,0,,Week4_v2,Australia/Sydney (assumption; confirm with AEMO metadata)
2025-08-16 23:00:00,0.0,1.0,9174,0,0,2025-08-16 00:00:00,10.4,18.6,0.0,8.2,65.0,1.0,37.0,5.0,11.7,2025,8,August,Q3,Saturday,1,23,0,23:00,Winter,0.0,9384.0,0.0,9619.0,0.0,10008.0,0.0,-210.0,No change,0,,Week4_v2,Australia/Sydney (assumption; confirm with AEMO metadata)
2025-08-16 23:30:00,0.0,1.0,8935,0,0,2025-08-16 00:00:00,10.4,18.6,0.0,8.2,65.0,1.0,37.0,5.0,11.7,2025,8,August,Q3,Saturday,1,23,30,23:30,Winter,0.0,9174.0,0.0,9384.0,0.0,9826.0,0.0,-239.0,No change,0,,Week4_v2,Australia/Sydney (assumption; confirm with AEMO metadata)
2025-08-17 00:00:00,0.0,1.0,8704,0,0,2025-08-17 00:00:00,6.5,16.5,0.0,10.1,53.0,3.0,40.0,1.0,15.2,2025,8,August,Q3,Sunday,1,0,0,00:00,Winter,0.0,8935.0,0.0,9174.0,0.0,9619.0,0.0,-231.0,No change,0,,Week4_v2,Australia/Sydney (assumption; confirm with AEMO metadata)
2025-08-17 00:30:00,0.0,1.0,8458,0,0,2025-08-17 00:00:00,6.5,16.5,0.0,10.1,53.0,3.0,40.0,1.0,15.2,2025,8,August,Q3,Sunday,1,0,30,00:30,Winter,0.0,8704.0,0.0,8935.0,0.0,9384.0,0.0,-246.0,No change,0,,Week4_v2,Australia/Sydney (assumption; confirm with AEMO metadata)
2025-08-17 01:00:00,0.0,1.0,8265,0,0,2025-08-17 00:00:00,6.5,16.5,0.0,10.1,53.0,3.0,40.0,1.0,15.2,2025,8,August,Q3,Sunday,1,1,0,01:00,Winter,0.0,8458.0,0.0,8704.0,0.0,9174.0,0.0,-193.0,No change,0,,Week4_v2,Australia/Sydney (assumption; confirm with AEMO metadata)
2025-08-17 01:30:00,0.0,1.0,8072,0,0,2025-08-17 00:00:00,6.5,16.5,0.0,10.1,53.0,3.0,40.0,1.0,15.2,2025,8,August,Q3,Sunday,1,1,30,01:30,Winter,0.0,8265.0,0.0,8458.0,0.0,8935.0,0.0,-193.0,No change,0,,Week4_v2,Australia/Sydney (assumption; confirm with AEMO metadata)
2025-08-17 02:00:00,0.0,1.0,7810,0,0,2025-08-17 00:00:00,6.5,16.5,0.0,10.1,53.0,3.0,40.0,1.0,15.2,2025,8,August,Q3,Sunday,1,2,0,02:00,Winter,0.0,8072.0,0.0,8265.0,0.0,8704.0,0.0,-262.0,No change,0,,Week4_v2,Australia/Sydney (assumption; confirm with AEMO metadata)
2025-08-17 02:30:00,0.0,1.0,7686,0,0,2025-08-17 00:00:00,6.5,16.5,0.0,10.1,53.0,3.0,40.0,1.0,15.2,2025,8,August,Q3,Sunday,1,2,30,02:30,Winter,0.0,7810.0,0.0,8072.0,0.0,8458.0,0.0,-124.0,No change,0,,Week4_v2,Australia/Sydney (assumption; confirm with AEMO metadata)
2025-08-17 03:00:00,0.0,1.0,7553,0,0,2025-08-17 00:00:00,6.5,16.5,0.0,10.1,53.0,3.0,40.0,1.0,15.2,2025,8,August,Q3,Sunday,1,3,0,03:00,Winter,0.0,7686.0,0.0,7810.0,0.0,8265.0,0.0,-133.0,No change,0,,Week4_v2,Australia/Sydney (assumption; confirm with AEMO metadata)
2025-08-17 03:30:00,0.0,1.0,7466,0,0,2025-08-17 00:00:00,6.5,16.5,0.0,10.1,53.0,3.0,40.0,1.0,15.2,2025,8,August,Q3,Sunday,1,3,30,03:30,Winter,0.0,7553.0,0.0,7686.0,0.0,8072.0,0.0,-87.0,No change,0,,Week4_v2,Australia/Sydney (assumption; confirm with AEMO metadata)
2025-08-17 04:00:00,0.0,1.0,7420,0,0,2025-08-17 00:00:00,6.5,16.5,0.0,10.1,53.0,3.0,40.0,1.0,15.2,2025,8,August,Q3,Sunday,1,4,0,04:00,Winter,0.0,7466.0,0.0,7553.0,0.0,7810.0,0.0,-46.0,No change,0,,Week4_v2,Australia/Sydney (assumption; confirm with AEMO metadata)
2025-08-17 04:30:00,0.0,1.0,7548,0,0,2025-08-17 00:00:00,6.5,16.5,0.0,10.1,53.0,3.0,40.0,1.0,15.2,2025,8,August,Q3,Sunday,1,4,30,04:30,Winter,0.0,7420.0,0.0,7466.0,0.0,7686.0,0.0,128.0,No change,0,,Week4_v2,Australia/Sydney (assumption; confirm with AEMO metadata)
2025-08-17 05:00:00,0.0,1.0,7540,0,0,2025-08-17 00:00:00,6.5,16.5,0.0,10.1,53.0,3.0,40.0,1.0,15.2,2025,8,August,Q3,Sunday,1,5,0,05:00,Winter,0.0,7548.0,0.0,7420.0,0.0,7553.0,0.0,-8.0,No change,0,,Week4_v2,Australia/Sydney (assumption; confirm with AEMO metadata)
2025-08-17 05:30:00,0.0,1.0,7646,0,0,2025-08-17 00:00:00,6.5,16.5,0.0,10.1,53.0,3.0,40.0,1.0,15.2,2025,8,August,Q3,Sunday,1,5,30,05:30,Winter,0.0,7540.0,0.0,7548.0,0.0,7466.0,0.0,106.0,No change,0,,Week4_v2,Australia/Sydney (assumption; confirm with AEMO metadata)
2025-08-17 06:00:00,0.0,1.0,7713,0,0,2025-08-17 00:00:00,6.5,16.5,0.0,10.1,53.0,3.0,40.0,1.0,15.2,2025,8,August,Q3,Sunday,1,6,0,06:00,Winter,0.0,7646.0,0.0,7540.0,0.0,7420.0,0.0,67.0,No change,0,,Week4_v2,Australia/Sydney (assumption; confirm with AEMO metadata)
2025-08-17 06:30:00,0.362,1.0,8026,0,0,2025-08-17 00:00:00,6.5,16.5,0.0,10.1,53.0,3.0,40.0,1.0,15.2,2025,8,August,Q3,Sunday,1,6,30,06:30,Winter,0.0,7713.0,0.0,7646.0,0.0,7548.0,0.362,313.0,Increase,0,,Week4_v2,Australia/Sydney (assumption; confirm with AEMO metadata)
2025-08-17 07:00:00,67.901,1.0,8392,0,0,2025-08-17 00:00:00,6.5,16.5,0.0,10.1,53.0,3.0,40.0,1.0,15.2,2025,8,August,Q3,Sunday,1,7,0,07:00,Winter,0.362,8026.0,0.0,7713.0,0.0,7540.0,67.539,366.0,Increase,0,,Week4_v2,Australia/Sydney (assumption; confirm with AEMO metadata)
2025-08-17 07:30:00,418.644,1.0,8500,0,0,2025-08-17 00:00:00,6.5,16.5,0.0,10.1,53.0,3.0,40.0,1.0,15.2,2025,8,August,Q3,Sunday,1,7,30,07:30,Winter,67.901,8392.0,0.362,8026.0,0.0,7646.0,350.743,108.0,Increase,0,,Week4_v2,Australia/Sydney (assumption; confirm with AEMO metadata)
2025-08-17 08:00:00,927.072,1.0,8439,0,0,2025-08-17 00:00:00,6.5,16.5,0.0,10.1,53.0,3.0,40.0,1.0,15.2,2025,8,August,Q3,Sunday,1,8,0,08:00,Winter,418.644,8500.0,67.901,8392.0,0.0,7713.0,508.428,-61.0,Increase,0,,Week4_v2,Australia/Sydney (assumption; confirm with AEMO metadata)
2025-08-17 08:30:00,1591.631,1.0,8173,0,0,2025-08-17 00:00:00,6.5,16.5,0.0,10.1,53.0,3.0,40.0,1.0,15.2,2025,8,August,Q3,Sunday,1,8,30,08:30,Winter,927.072,8439.0,418.644,8500.0,0.362,8026.0,664.5590000000001,-266.0,Increase,0,,Week4_v2,Australia/Sydney (assumption; confirm with AEMO metadata)
2025-08-17 09:00:00,2268.374,1.0,7627,0,0,2025-08-17 00:00:00,6.5,16.5,0.0,10.1,53.0,3.0,40.0,1.0,15.2,2025,8,August,Q3,Sunday,1,9,0,09:00,Winter,1591.631,8173.0,927.072,8439.0,67.901,8392.0,676.7429999999997,-546.0,Increase,0,,Week4_v2,Australia/Sydney (assumption; confirm with AEMO metadata)
2025-08-17 09:30:00,2894.513,1.0,7214,0,0,2025-08-17 00:00:00,6.5,16.5,0.0,10.1,53.0,3.0,40.0,1.0,15.2,2025,8,August,Q3,Sunday,1,9,30,09:30,Winter,2268.374,7627.0,1591.631,8173.0,418.644,8500.0,626.1390000000001,-413.0,Increase,0,,Week4_v2,Australia/Sydney (assumption; confirm with AEMO metadata)
2025-08-17 10:00:00,3428.239,1.0,6504,0,0,2025-08-17 00:00:00,6.5,16.5,0.0,10.1,53.0,3.0,40.0,1.0,15.2,2025,8,August,Q3,Sunday,1,10,0,10:00,Winter,2894.513,7214.0,2268.374,7627.0,927.072,8439.0,533.7260000000001,-710.0,Increase,0,,Week4_v2,Australia/Sydney (assumption; confirm with AEMO metadata)
2025-08-17 10:30:00,3821.666,1.0,6044,0,0,2025-08-17 00:00:00,6.5,16.5,0.0,10.1,53.0,3.0,40.0,1.0,15.2,2025,8,August,Q3,Sunday,1,10,30,10:30,Winter,3428.239,6504.0,2894.513,7214.0,1591.631,8173.0,393.42700000000013,-460.0,Increase,0,,Week4_v2,Australia/Sydney (assumption; confirm with AEMO metadata)
2025-08-17 11:00:00,4117.225,1.0,5612,0,0,2025-08-17 00:00:00,6.5,16.5,0.0,10.1,53.0,3.0,40.0,1.0,15.2,2025,8,August,Q3,Sunday,1,11,0,11:00,Winter,3821.666,6044.0,3428.239,6504.0,2268.374,7627.0,295.5590000000002,-432.0,Increase,0,,Week4_v2,Australia/Sydney (assumption; confirm with AEMO metadata)
2025-08-17 11:30:00,4318.449,1.0,5345,0,0,2025-08-17 00:00:00,6.5,16.5,0.0,10.1,53.0,3.0,40.0,1.0,15.2,2025,8,August,Q3,Sunday,1,11,30,11:30,Winter,4117.225,5612.0,3821.666,6044.0,2894.513,7214.0,201.22399999999925,-267.0,Increase,0,,Week4_v2,Australia/Sydney (assumption; confirm with AEMO metadata)
2025-08-17 12:00:00,4401.545,1.0,5098,0,0,2025-08-17 00:00:00,6.5,16.5,0.0,10.1,53.0,3.0,40.0,1.0,15.2,2025,8,August,Q3,Sunday,1,12,0,12:00,Winter,4318.449,5345.0,4117.225,5612.0,3428.239,6504.0,83.09600000000046,-247.0,Increase,0,,Week4_v2,Australia/Sydney (assumption; confirm with AEMO metadata)
2025-08-17 12:30:00,4346.779,1.0,5000,0,0,2025-08-17 00:00:00,6.5,16.5,0.0,10.1,53.0,3.0,40.0,1.0,15.2,2025,8,August,Q3,Sunday,1,12,30,12:30,Winter,4401.545,5098.0,4318.449,5345.0,3821.666,6044.0,-54.76599999999962,-98.0,Decrease,0,,Week4_v2,Australia/Sydney (assumption; confirm with AEMO metadata)
2025-08-17 13:00:00,4137.918,1.0,4996,0,0,2025-08-17 00:00:00,6.5,16.5,0.0,10.1,53.0,3.0,40.0,1.0,15.2,2025,8,August,Q3,Sunday,1,13,0,13:00,Winter,4346.779,5000.0,4401.545,5098.0,4117.225,5612.0,-208.8610000000008,-4.0,Decrease,0,,Week4_v2,Australia/Sydney (assumption; confirm with AEMO metadata)
2025-08-17 13:30:00,3965.426,1.0,5066,0,0,2025-08-17 00:00:00,6.5,16.5,0.0,10.1,53.0,3.0,40.0,1.0,15.2,2025,8,August,Q3,Sunday,1,13,30,13:30,Winter,4137.918,4996.0,4346.779,5000.0,4318.449,5345.0,-172.49199999999973,70.0,Decrease,0,,Week4_v2,Australia/Sydney (assumption; confirm with AEMO metadata)
2025-08-17 14:00:00,3696.083,1.0,5248,0,0,2025-08-17 00:00:00,6.5,16.5,0.0,10.1,53.0,3.0,40.0,1.0,15.2,2025,8,August,Q3,Sunday,1,14,0,14:00,Winter,3965.426,5066.0,4137.918,4996.0,4401.545,5098.0,-269.34299999999985,182.0,Decrease,0,,Week4_v2,Australia/Sydney (assumption; confirm with AEMO metadata)
2025-08-17 14:30:00,3197.575,1.0,5548,0,0,2025-08-17 00:00:00,6.5,16.5,0.0,10.1,53.0,3.0,40.0,1.0,15.2,2025,8,August,Q3,Sunday,1,14,30,14:30,Winter,3696.083,5248.0,3965.426,5066.0,4346.779,5000.0,-498.50800000000027,300.0,Decrease,0,,Week4_v2,Australia/Sydney (assumption; confirm with AEMO metadata)
2025-08-17 15:00:00,2725.999,1.0,6021,0,0,2025-08-17 00:00:00,6.5,16.5,0.0,10.1,53.0,3.0,40.0,1.0,15.2,2025,8,August,Q3,Sunday,1,15,0,15:00,Winter,3197.575,5548.0,3696.083,5248.0,4137.918,4996.0,-471.576,473.0,Decrease,0,,Week4_v2,Australia/Sydney (assumption; confirm with AEMO metadata)
2025-08-17 15:30:00,2131.13,1.0,6618,0,0,2025-08-17 00:00:00,6.5,16.5,0.0,10.1,53.0,3.0,40.0,1.0,15.2,2025,8,August,Q3,Sunday,1,15,30,15:30,Winter,2725.999,6021.0,3197.575,5548.0,3965.426,5066.0,-594.8689999999997,597.0,Decrease,0,,Week4_v2,Australia/Sydney (assumption; confirm with AEMO metadata)
2025-08-17 16:00:00,1488.095,1.0,7426,0,0,2025-08-17 00:00:00,6.5,16.5,0.0,10.1,53.0,3.0,40.0,1.0,15.2,2025,8,August,Q3,Sunday,1,16,0,16:00,Winter,2131.13,6618.0,2725.999,6021.0,3696.083,5248.0,-643.0350000000001,808.0,Decrease,0,,Week4_v2,Australia/Sydney (assumption; confirm with AEMO metadata)
2025-08-17 16:30:00,827.975,1.0,8325,0,0,2025-08-17 00:00:00,6.5,16.5,0.0,10.1,53.0,3.0,40.0,1.0,15.2,2025,8,August,Q3,Sunday,1,16,30,16:30,Winter,1488.095,7426.0,2131.13,6618.0,3197.575,5548.0,-660.12,899.0,Decrease,0,,Week4_v2,Australia/Sydney (assumption; confirm with AEMO metadata)
2025-08-17 17:00:00,336.167,1.0,9159,0,0,2025-08-17 00:00:00,6.5,16.5,0.0,10.1,53.0,3.0,40.0,1.0,15.2,2025,8,August,Q3,Sunday,1,17,0,17:00,Winter,827.975,8325.0,1488.095,7426.0,2725.999,6021.0,-491.80800000000005,834.0,Decrease,0,,Week4_v2,Australia/Sydney (assumption; confirm with AEMO metadata)
2025-08-17 17:30:00,58.62,1.0,9864,0,0,2025-08-17 00:00:00,6.5,16.5,0.0,10.1,53.0,3.0,40.0,1.0,15.2,2025,8,August,Q3,Sunday,1,17,30,17:30,Winter,336.167,9159.0,827.975,8325.0,2131.13,6618.0,-277.54699999999997,705.0,Decrease,0,,Week4_v2,Australia/Sydney (assumption; confirm with AEMO metadata)
2025-08-17 18:00:00,0.071,1.0,10627,0,0,2025-08-17 00:00:00,6.5,16.5,0.0,10.1,53.0,3.0,40.0,1.0,15.2,2025,8,August,Q3,Sunday,1,18,0,18:00,Winter,58.62,9864.0,336.167,9159.0,1488.095,7426.0,-58.549,763.0,Decrease,0,,Week4_v2,Australia/Sydney (assumption; confirm with AEMO metadata)
2025-08-17 18:30:00,0.0,1.0,10996,0,0,2025-08-17 00:00:00,6.5,16.5,0.0,10.1,53.0,3.0,40.0,1.0,15.2,2025,8,August,Q3,Sunday,1,18,30,18:30,Winter,0.071,10627.0,58.62,9864.0,827.975,8325.0,-0.071,369.0,Decrease,0,,Week4_v2,Australia/Sydney (assumption; confirm with AEMO metadata)
2025-08-17 19:00:00,0.0,1.0,11059,0,0,2025-08-17 00:00:00,6.5,16.5,0.0,10.1,53.0,3.0,40.0,1.0,15.2,2025,8,August,Q3,Sunday,1,19,0,19:00,Winter,0.0,10996.0,0.071,10627.0,336.167,9159.0,0.0,63.0,No change,0,,Week4_v2,Australia/Sydney (assumption; confirm with AEMO metadata)
2025-08-17 19:30:00,0.0,1.0,10952,0,0,2025-08-17 00:00:00,6.5,16.5,0.0,10.1,53.0,3.0,40.0,1.0,15.2,2025,8,August,Q3,Sunday,1,19,30,19:30,Winter,0.0,11059.0,0.0,10996.0,58.62,9864.0,0.0,-107.0,No change,0,,Week4_v2,Australia/Sydney (assumption; confirm with AEMO metadata)
2025-08-17 20:00:00,0.0,1.0,10839,0,0,2025-08-17 00:00:00,6.5,16.5,0.0,10.1,53.0,3.0,40.0,1.0,15.2,2025,8,August,Q3,Sunday,1,20,0,20:00,Winter,0.0,10952.0,0.0,11059.0,0.071,10627.0,0.0,-113.0,No change,0,,Week4_v2,Australia/Sydney (assumption; confirm with AEMO metadata)
2025-08-17 20:30:00,0.0,1.0,10681,0,0,2025-08-17 00:00:00,6.5,16.5,0.0,10.1,53.0,3.0,40.0,1.0,15.2,2025,8,August,Q3,Sunday,1,20,30,20:30,Winter,0.0,10839.0,0.0,10952.0,0.0,10996.0,0.0,-158.0,No change,0,,Week4_v2,Australia/Sydney (assumption; confirm with AEMO metadata)
2025-08-17 21:00:00,0.0,1.0,10448,0,0,2025-08-17 00:00:00,6.5,16.5,0.0,10.1,53.0,3.0,40.0,1.0,15.2,2025,8,August,Q3,Sunday,1,21,0,21:00,Winter,0.0,10681.0,0.0,10839.0,0.0,11059.0,0.0,-233.0,No change,0,,Week4_v2,Australia/Sydney (assumption; confirm with AEMO metadata)
2025-08-17 21:30:00,0.0,1.0,10148,0,0,2025-08-17 00:00:00,6.5,16.5,0.0,10.1,53.0,3.0,40.0,1.0,15.2,2025,8,August,Q3,Sunday,1,21,30,21:30,Winter,0.0,10448.0,0.0,10681.0,0.0,10952.0,0.0,-300.0,No change,0,,Week4_v2,Australia/Sydney (assumption; confirm with AEMO metadata)
2025-08-17 22:00:00,0.0,1.0,9767,0,0,2025-08-17 00:00:00,6.5,16.5,0.0,10.1,53.0,3.0,40.0,1.0,15.2,2025,8,August,Q3,Sunday,1,22,0,22:00,Winter,0.0,10148.0,0.0,10448.0,0.0,10839.0,0.0,-381.0,No change,0,,Week4_v2,Australia/Sydney (assumption; confirm with AEMO metadata)
2025-08-17 22:30:00,0.0,1.0,9438,0,0,2025-08-17 00:00:00,6.5,16.5,0.0,10.1,53.0,3.0,40.0,1.0,15.2,2025,8,August,Q3,Sunday,1,22,30,22:30,Winter,0.0,9767.0,0.0,10148.0,0.0,10681.0,0.0,-329.0,No change,0,,Week4_v2,Australia/Sydney (assumption; confirm with AEMO metadata)
2025-08-17 23:00:00,0.0,1.0,9144,0,0,2025-08-17 00:00:00,6.5,16.5,0.0,10.1,53.0,3.0,40.0,1.0,15.2,2025,8,August,Q3,Sunday,1,23,0,23:00,Winter,0.0,9438.0,0.0,9767.0,0.0,10448.0,0.0,-294.0,No change,0,,Week4_v2,Australia/Sydney (assumption; confirm with AEMO metadata)
2025-08-17 23:30:00,0.0,1.0,8861,0,0,2025-08-17 00:00:00,6.5,16.5,0.0,10.1,53.0,3.0,40.0,1.0,15.2,2025,8,August,Q3,Sunday,1,23,30,23:30,Winter,0.0,9144.0,0.0,9438.0,0.0,10148.0,0.0,-283.0,No change,0,,Week4_v2,Australia/Sydney (assumption; confirm with AEMO metadata)
2025-08-18 00:00:00,0.0,1.0,8634,0,0,2025-08-18 00:00:00,6.4,13.6,0.0,3.1,56.0,2.0,90.0,8.0,8.7,2025,8,August,Q3,Monday,0,0,0,00:00,Winter,0.0,8861.0,0.0,9144.0,0.0,9767.0,0.0,-227.0,No change,0,,Week4_v2,Australia/Sydney (assumption; confirm with AEMO metadata)
2025-08-18 00:30:00,0.0,1.0,8421,0,0,2025-08-18 00:00:00,6.4,13.6,0.0,3.1,56.0,2.0,90.0,8.0,8.7,2025,8,August,Q3,Monday,0,0,30,00:30,Winter,0.0,8634.0,0.0,8861.0,0.0,9438.0,0.0,-213.0,No change,0,,Week4_v2,Australia/Sydney (assumption; confirm with AEMO metadata)
2025-08-18 01:00:00,0.0,1.0,8276,0,0,2025-08-18 00:00:00,6.4,13.6,0.0,3.1,56.0,2.0,90.0,8.0,8.7,2025,8,August,Q3,Monday,0,1,0,01:00,Winter,0.0,8421.0,0.0,8634.0,0.0,9144.0,0.0,-145.0,No change,0,,Week4_v2,Australia/Sydney (assumption; confirm with AEMO metadata)
2025-08-18 01:30:00,0.0,1.0,8109,0,0,2025-08-18 00:00:00,6.4,13.6,0.0,3.1,56.0,2.0,90.0,8.0,8.7,2025,8,August,Q3,Monday,0,1,30,01:30,Winter,0.0,8276.0,0.0,8421.0,0.0,8861.0,0.0,-167.0,No change,0,,Week4_v2,Australia/Sydney (assumption; confirm with AEMO metadata)
2025-08-18 02:00:00,0.0,1.0,7926,0,0,2025-08-18 00:00:00,6.4,13.6,0.0,3.1,56.0,2.0,90.0,8.0,8.7,2025,8,August,Q3,Monday,0,2,0,02:00,Winter,0.0,8109.0,0.0,8276.0,0.0,8634.0,0.0,-183.0,No change,0,,Week4_v2,Australia/Sydney (assumption; confirm with AEMO metadata)
2025-08-18 02:30:00,0.0,1.0,7853,0,0,2025-08-18 00:00:00,6.4,13.6,0.0,3.1,56.0,2.0,90.0,8.0,8.7,2025,8,August,Q3,Monday,0,2,30,02:30,Winter,0.0,7926.0,0.0,8109.0,0.0,8421.0,0.0,-73.0,No change,0,,Week4_v2,Australia/Sydney (assumption; confirm with AEMO metadata)
2025-08-18 03:00:00,0.0,1.0,7746,0,0,2025-08-18 00:00:00,6.4,13.6,0.0,3.1,56.0,2.0,90.0,8.0,8.7,2025,8,August,Q3,Monday,0,3,0,03:00,Winter,0.0,7853.0,0.0,7926.0,0.0,8276.0,0.0,-107.0,No change,0,,Week4_v2,Australia/Sydney (assumption; confirm with AEMO metadata)
2025-08-18 03:30:00,0.0,1.0,7664,0,0,2025-08-18 00:00:00,6.4,13.6,0.0,3.1,56.0,2.0,90.0,8.0,8.7,2025,8,August,Q3,Monday,0,3,30,03:30,Winter,0.0,7746.0,0.0,7853.0,0.0,8109.0,0.0,-82.0,No change,0,,Week4_v2,Australia/Sydney (assumption; confirm with AEMO metadata)
2025-08-18 04:00:00,0.0,1.0,7690,0,0,2025-08-18 00:00:00,6.4,13.6,0.0,3.1,56.0,2.0,90.0,8.0,8.7,2025,8,August,Q3,Monday,0,4,0,04:00,Winter,0.0,7664.0,0.0,7746.0,0.0,7926.0,0.0,26.0,No change,0,,Week4_v2,Australia/Sydney (assumption; confirm with AEMO metadata)
2025-08-18 04:30:00,0.0,1.0,7903,0,0,2025-08-18 00:00:00,6.4,13.6,0.0,3.1,56.0,2.0,90.0,8.0,8.7,2025,8,August,Q3,Monday,0,4,30,04:30,Winter,0.0,7690.0,0.0,7664.0,0.0,7853.0,0.0,213.0,No change,0,,Week4_v2,Australia/Sydney (assumption; confirm with AEMO metadata)
2025-08-18 05:00:00,0.0,1.0,8018,0,0,2025-08-18 00:00:00,6.4,13.6,0.0,3.1,56.0,2.0,90.0,8.0,8.7,2025,8,August,Q3,Monday,0,5,0,05:00,Winter,0.0,7903.0,0.0,7690.0,0.0,7746.0,0.0,115.0,No change,0,,Week4_v2,Australia/Sydney (assumption; confirm with AEMO metadata)
2025-08-18 05:30:00,0.0,1.0,8307,0,0,2025-08-18 00:00:00,6.4,13.6,0.0,3.1,56.0,2.0,90.0,8.0,8.7,2025,8,August,Q3,Monday,0,5,30,05:30,Winter,0.0,8018.0,0.0,7903.0,0.0,7664.0,0.0,289.0,No change,0,,Week4_v2,Australia/Sydney (assumption; confirm with AEMO metadata)
2025-08-18 06:00:00,0.0,1.0,8718,0,0,2025-08-18 00:00:00,6.4,13.6,0.0,3.1,56.0,2.0,90.0,8.0,8.7,2025,8,August,Q3,Monday,0,6,0,06:00,Winter,0.0,8307.0,0.0,8018.0,0.0,7690.0,0.0,411.0,No change,0,,Week4_v2,Australia/Sydney (assumption; confirm with AEMO metadata)
2025-08-18 06:30:00,0.7,1.0,9486,0,0,2025-08-18 00:00:00,6.4,13.6,0.0,3.1,56.0,2.0,90.0,8.0,8.7,2025,8,August,Q3,Monday,0,6,30,06:30,Winter,0.0,8718.0,0.0,8307.0,0.0,7903.0,0.7,768.0,Increase,0,,Week4_v2,Australia/Sydney (assumption; confirm with AEMO metadata)
2025-08-18 07:00:00,56.216,1.0,10331,0,0,2025-08-18 00:00:00,6.4,13.6,0.0,3.1,56.0,2.0,90.0,8.0,8.7,2025,8,August,Q3,Monday,0,7,0,07:00,Winter,0.7,9486.0,0.0,8718.0,0.0,8018.0,55.516,845.0,Increase,0,,Week4_v2,Australia/Sydney (assumption; confirm with AEMO metadata)
2025-08-18 07:30:00,376.605,1.0,10734,0,0,2025-08-18 00:00:00,6.4,13.6,0.0,3.1,56.0,2.0,90.0,8.0,8.7,2025,8,August,Q3,Monday,0,7,30,07:30,Winter,56.216,10331.0,0.7,9486.0,0.0,8307.0,320.389,403.0,Increase,0,,Week4_v2,Australia/Sydney (assumption; confirm with AEMO metadata)
2025-08-18 08:00:00,927.683,1.0,10648,0,0,2025-08-18 00:00:00,6.4,13.6,0.0,3.1,56.0,2.0,90.0,8.0,8.7,2025,8,August,Q3,Monday,0,8,0,08:00,Winter,376.605,10734.0,56.216,10331.0,0.0,8718.0,551.078,-86.0,Increase,0,,Week4_v2,Australia/Sydney (assumption; confirm with AEMO metadata)
2025-08-18 08:30:00,1572.284,1.0,10077,0,0,2025-08-18 00:00:00,6.4,13.6,0.0,3.1,56.0,2.0,90.0,8.0,8.7,2025,8,August,Q3,Monday,0,8,30,08:30,Winter,927.683,10648.0,376.605,10734.0,0.7,9486.0,644.6010000000001,-571.0,Increase,0,,Week4_v2,Australia/Sydney (assumption; confirm with AEMO metadata)
2025-08-18 09:00:00,2224.415,1.0,9277,0,0,2025-08-18 00:00:00,6.4,13.6,0.0,3.1,56.0,2.0,90.0,8.0,8.7,2025,8,August,Q3,Monday,0,9,0,09:00,Winter,1572.284,10077.0,927.683,10648.0,56.216,10331.0,652.1309999999999,-800.0,Increase,0,,Week4_v2,Australia/Sydney (assumption; confirm with AEMO metadata)
2025-08-18 09:30:00,2812.393,1.0,8639,0,0,2025-08-18 00:00:00,6.4,13.6,0.0,3.1,56.0,2.0,90.0,8.0,8.7,2025,8,August,Q3,Monday,0,9,30,09:30,Winter,2224.415,9277.0,1572.284,10077.0,376.605,10734.0,587.9780000000001,-638.0,Increase,0,,Week4_v2,Australia/Sydney (assumption; confirm with AEMO metadata)
2025-08-18 10:00:00,3308.575,1.0,7948,0,0,2025-08-18 00:00:00,6.4,13.6,0.0,3.1,56.0,2.0,90.0,8.0,8.7,2025,8,August,Q3,Monday,0,10,0,10:00,Winter,2812.393,8639.0,2224.415,9277.0,927.683,10648.0,496.1819999999998,-691.0,Increase,0,,Week4_v2,Australia/Sydney (assumption; confirm with AEMO metadata)
2025-08-18 10:30:00,3471.305,1.0,7764,0,0,2025-08-18 00:00:00,6.4,13.6,0.0,3.1,56.0,2.0,90.0,8.0,8.7,2025,8,August,Q3,Monday,0,10,30,10:30,Winter,3308.575,7948.0,2812.393,8639.0,1572.284,10077.0,162.73000000000002,-184.0,Increase,0,,Week4_v2,Australia/Sydney (assumption; confirm with AEMO metadata)
2025-08-18 11:00:00,3461.096,1.0,7592,0,0,2025-08-18 00:00:00,6.4,13.6,0.0,3.1,56.0,2.0,90.0,8.0,8.7,2025,8,August,Q3,Monday,0,11,0,11:00,Winter,3471.305,7764.0,3308.575,7948.0,2224.415,9277.0,-10.208999999999833,-172.0,Decrease,0,,Week4_v2,Australia/Sydney (assumption; confirm with AEMO metadata)
2025-08-18 11:30:00,3387.618,1.0,7485,0,0,2025-08-18 00:00:00,6.4,13.6,0.0,3.1,56.0,2.0,90.0,8.0,8.7,2025,8,August,Q3,Monday,0,11,30,11:30,Winter,3461.096,7592.0,3471.305,7764.0,2812.393,8639.0,-73.47800000000007,-107.0,Decrease,0,,Week4_v2,Australia/Sydney (assumption; confirm with AEMO metadata)
2025-08-18 12:00:00,3190.223,1.0,7715,0,0,2025-08-18 00:00:00,6.4,13.6,0.0,3.1,56.0,2.0,90.0,8.0,8.7,2025,8,August,Q3,Monday,0,12,0,12:00,Winter,3387.618,7485.0,3461.096,7592.0,3308.575,7948.0,-197.39499999999998,230.0,Decrease,0,,Week4_v2,Australia/Sydney (assumption; confirm with AEMO metadata)
2025-08-18 12:30:00,3038.132,1.0,7808,0,0,2025-08-18 00:00:00,6.4,13.6,0.0,3.1,56.0,2.0,90.0,8.0,8.7,2025,8,August,Q3,Monday,0,12,30,12:30,Winter,3190.223,7715.0,3387.618,7485.0,3471.305,7764.0,-152.0909999999999,93.0,Decrease,0,,Week4_v2,Australia/Sydney (assumption; confirm with AEMO metadata)
2025-08-18 13:00:00,2674.0,1.0,8218,0,0,2025-08-18 00:00:00,6.4,13.6,0.0,3.1,56.0,2.0,90.0,8.0,8.7,2025,8,August,Q3,Monday,0,13,0,13:00,Winter,3038.132,7808.0,3190.223,7715.0,3461.096,7592.0,-364.13200000000006,410.0,Decrease,0,,Week4_v2,Australia/Sydney (assumption; confirm with AEMO metadata)
2025-08-18 13:30:00,2149.225,1.0,8690,0,0,2025-08-18 00:00:00,6.4,13.6,0.0,3.1,56.0,2.0,90.0,8.0,8.7,2025,8,August,Q3,Monday,0,13,30,13:30,Winter,2674.0,8218.0,3038.132,7808.0,3387.618,7485.0,-524.7750000000001,472.0,Decrease,0,,Week4_v2,Australia/Sydney (assumption; confirm with AEMO metadata)
2025-08-18 14:00:00,1913.588,1.0,8951,0,0,2025-08-18 00:00:00,6.4,13.6,0.0,3.1,56.0,2.0,90.0,8.0,8.7,2025,8,August,Q3,Monday,0,14,0,14:00,Winter,2149.225,8690.0,2674.0,8218.0,3190.223,7715.0,-235.63699999999994,261.0,Decrease,0,,Week4_v2,Australia/Sydney (assumption; confirm with AEMO metadata)
2025-08-18 14:30:00,1608.46,1.0,9266,0,0,2025-08-18 00:00:00,6.4,13.6,0.0,3.1,56.0,2.0,90.0,8.0,8.7,2025,8,August,Q3,Monday,0,14,30,14:30,Winter,1913.588,8951.0,2149.225,8690.0,3038.132,7808.0,-305.12799999999993,315.0,Decrease,0,,Week4_v2,Australia/Sydney (assumption; confirm with AEMO metadata)
2025-08-18 15:00:00,1281.564,1.0,9577,0,0,2025-08-18 00:00:00,6.4,13.6,0.0,3.1,56.0,2.0,90.0,8.0,8.7,2025,8,August,Q3,Monday,0,15,0,15:00,Winter,1608.46,9266.0,1913.588,8951.0,2674.0,8218.0,-326.89599999999996,311.0,Decrease,0,,Week4_v2,Australia/Sydney (assumption; confirm with AEMO metadata)
2025-08-18 15:30:00,1063.723,1.0,9805,0,0,2025-08-18 00:00:00,6.4,13.6,0.0,3.1,56.0,2.0,90.0,8.0,8.7,2025,8,August,Q3,Monday,0,15,30,15:30,Winter,1281.564,9577.0,1608.46,9266.0,2149.225,8690.0,-217.84100000000012,228.0,Decrease,0,,Week4_v2,Australia/Sydney (assumption; confirm with AEMO metadata)
2025-08-18 16:00:00,852.65,1.0,10275,0,0,2025-08-18 00:00:00,6.4,13.6,0.0,3.1,56.0,2.0,90.0,8.0,8.7,2025,8,August,Q3,Monday,0,16,0,16:00,Winter,1063.723,9805.0,1281.564,9577.0,1913.588,8951.0,-211.07299999999998,470.0,Decrease,0,,Week4_v2,Australia/Sydney (assumption; confirm with AEMO metadata)
2025-08-18 16:30:00,545.71,1.0,10774,0,0,2025-08-18 00:00:00,6.4,13.6,0.0,3.1,56.0,2.0,90.0,8.0,8.7,2025,8,August,Q3,Monday,0,16,30,16:30,Winter,852.65,10275.0,1063.723,9805.0,1608.46,9266.0,-306.93999999999994,499.0,Decrease,0,,Week4_v2,Australia/Sydney (assumption; confirm with AEMO metadata)
2025-08-18 17:00:00,268.217,1.0,11310,0,0,2025-08-18 00:00:00,6.4,13.6,0.0,3.1,56.0,2.0,90.0,8.0,8.7,2025,8,August,Q3,Monday,0,17,0,17:00,Winter,545.71,10774.0,852.65,10275.0,1281.564,9577.0,-277.49300000000005,536.0,Decrease,0,,Week4_v2,Australia/Sydney (assumption; confirm with AEMO metadata)
2025-08-18 17:30:00,58.192,1.0,11909,0,0,2025-08-18 00:00:00,6.4,13.6,0.0,3.1,56.0,2.0,90.0,8.0,8.7,2025,8,August,Q3,Monday,0,17,30,17:30,Winter,268.217,11310.0,545.71,10774.0,1063.723,9805.0,-210.02499999999998,599.0,Decrease,0,,Week4_v2,Australia/Sydney (assumption; confirm with AEMO metadata)
2025-08-18 18:00:00,0.165,1.0,12594,0,0,2025-08-18 00:00:00,6.4,13.6,0.0,3.1,56.0,2.0,90.0,8.0,8.7,2025,8,August,Q3,Monday,0,18,0,18:00,Winter,58.192,11909.0,268.217,11310.0,852.65,10275.0,-58.027,685.0,Decrease,0,,Week4_v2,Australia/Sydney (assumption; confirm with AEMO metadata)
2025-08-18 18:30:00,0.0,1.0,12794,0,0,2025-08-18 00:00:00,6.4,13.6,0.0,3.1,56.0,2.0,90.0,8.0,8.7,2025,8,August,Q3,Monday,0,18,30,18:30,Winter,0.165,12594.0,58.192,11909.0,545.71,10774.0,-0.165,200.0,Decrease,0,,Week4_v2,Australia/Sydney (assumption; confirm with AEMO metadata)
2025-08-18 19:00:00,0.0,1.0,12676,0,0,2025-08-18 00:00:00,6.4,13.6,0.0,3.1,56.0,2.0,90.0,8.0,8.7,2025,8,August,Q3,Monday,0,19,0,19:00,Winter,0.0,12794.0,0.165,12594.0,268.217,11310.0,0.0,-118.0,No change,0,,Week4_v2,Australia/Sydney (assumption; confirm with AEMO metadata)
2025-08-18 19:30:00,0.0,1.0,12411,0,0,2025-08-18 00:00:00,6.4,13.6,0.0,3.1,56.0,2.0,90.0,8.0,8.7,2025,8,August,Q3,Monday,0,19,30,19:30,Winter,0.0,12676.0,0.0,12794.0,58.192,11909.0,0.0,-265.0,No change,0,,Week4_v2,Australia/Sydney (assumption; confirm with AEMO metadata)
2025-08-18 20:00:00,0.0,1.0,12223,0,0,2025-08-18 00:00:00,6.4,13.6,0.0,3.1,56.0,2.0,90.0,8.0,8.7,2025,8,August,Q3,Monday,0,20,0,20:00,Winter,0.0,12411.0,0.0,12676.0,0.165,12594.0,0.0,-188.0,No change,0,,Week4_v2,Australia/Sydney (assumption; confirm with AEMO metadata)
2025-08-18 20:30:00,0.0,1.0,11904,0,0,2025-08-18 00:00:00,6.4,13.6,0.0,3.1,56.0,2.0,90.0,8.0,8.7,2025,8,August,Q3,Monday,0,20,30,20:30,Winter,0.0,12223.0,0.0,12411.0,0.0,12794.0,0.0,-319.0,No change,0,,Week4_v2,Australia/Sydney (assumption; confirm with AEMO metadata)
2025-08-18 21:00:00,0.0,1.0,11538,0,0,2025-08-18 00:00:00,6.4,13.6,0.0,3.1,56.0,2.0,90.0,8.0,8.7,2025,8,August,Q3,Monday,0,21,0,21:00,Winter,0.0,11904.0,0.0,12223.0,0.0,12676.0,0.0,-366.0,No change,0,,Week4_v2,Australia/Sydney (assumption; confirm with AEMO metadata)
2025-08-18 21:30:00,0.0,1.0,11060,0,0,2025-08-18 00:00:00,6.4,13.6,0.0,3.1,56.0,2.0,90.0,8.0,8.7,2025,8,August,Q3,Monday,0,21,30,21:30,Winter,0.0,11538.0,0.0,11904.0,0.0,12411.0,0.0,-478.0,No change,0,,Week4_v2,Australia/Sydney (assumption; confirm with AEMO metadata)
2025-08-18 22:00:00,0.0,1.0,10540,0,0,2025-08-18 00:00:00,6.4,13.6,0.0,3.1,56.0,2.0,90.0,8.0,8.7,2025,8,August,Q3,Monday,0,22,0,22:00,Winter,0.0,11060.0,0.0,11538.0,0.0,12223.0,0.0,-520.0,No change,0,,Week4_v2,Australia/Sydney (assumption; confirm with AEMO metadata)
2025-08-18 22:30:00,0.0,1.0,10095,0,0,2025-08-18 00:00:00,6.4,13.6,0.0,3.1,56.0,2.0,90.0,8.0,8.7,2025,8,August,Q3,Monday,0,22,30,22:30,Winter,0.0,10540.0,0.0,11060.0,0.0,11904.0,0.0,-445.0,No change,0,,Week4_v2,Australia/Sydney (assumption; confirm with AEMO metadata)
2025-08-18 23:00:00,0.0,1.0,9707,0,0,2025-08-18 00:00:00,6.4,13.6,0.0,3.1,56.0,2.0,90.0,8.0,8.7,2025,8,August,Q3,Monday,0,23,0,23:00,Winter,0.0,10095.0,0.0,10540.0,0.0,11538.0,0.0,-388.0,No change,0,,Week4_v2,Australia/Sydney (assumption; confirm with AEMO metadata)
2025-08-18 23:30:00,0.0,1.0,9363,0,0,2025-08-18 00:00:00,6.4,13.6,0.0,3.1,56.0,2.0,90.0,8.0,8.7,2025,8,August,Q3,Monday,0,23,30,23:30,Winter,0.0,9707.0,0.0,10095.0,0.0,11060.0,0.0,-344.0,No change,0,,Week4_v2,Australia/Sydney (assumption; confirm with AEMO metadata)
2025-08-19 00:00:00,0.0,1.0,9135,0,0,2025-08-19 00:00:00,9.4,14.8,27.0,3.6,94.0,5.0,87.0,7.0,9.7,2025,8,August,Q3,Tuesday,0,0,0,00:00,Winter,0.0,9363.0,0.0,9707.0,0.0,10540.0,0.0,-228.0,No change,0,,Week4_v2,Australia/Sydney (assumption; confirm with AEMO metadata)
2025-08-19 00:30:00,0.0,1.0,8854,0,0,2025-08-19 00:00:00,9.4,14.8,27.0,3.6,94.0,5.0,87.0,7.0,9.7,2025,8,August,Q3,Tuesday,0,0,30,00:30,Winter,0.0,9135.0,0.0,9363.0,0.0,10095.0,0.0,-281.0,No change,0,,Week4_v2,Australia/Sydney (assumption; confirm with AEMO metadata)
2025-08-19 01:00:00,0.0,1.0,8681,0,0,2025-08-19 00:00:00,9.4,14.8,27.0,3.6,94.0,5.0,87.0,7.0,9.7,2025,8,August,Q3,Tuesday,0,1,0,01:00,Winter,0.0,8854.0,0.0,9135.0,0.0,9707.0,0.0,-173.0,No change,0,,Week4_v2,Australia/Sydney (assumption; confirm with AEMO metadata)
2025-08-19 01:30:00,0.0,1.0,8457,0,0,2025-08-19 00:00:00,9.4,14.8,27.0,3.6,94.0,5.0,87.0,7.0,9.7,2025,8,August,Q3,Tuesday,0,1,30,01:30,Winter,0.0,8681.0,0.0,8854.0,0.0,9363.0,0.0,-224.0,No change,0,,Week4_v2,Australia/Sydney (assumption; confirm with AEMO metadata)
2025-08-19 02:00:00,0.0,1.0,8253,0,0,2025-08-19 00:00:00,9.4,14.8,27.0,3.6,94.0,5.0,87.0,7.0,9.7,2025,8,August,Q3,Tuesday,0,2,0,02:00,Winter,0.0,8457.0,0.0,8681.0,0.0,9135.0,0.0,-204.0,No change,0,,Week4_v2,Australia/Sydney (assumption; confirm with AEMO metadata)
2025-08-19 02:30:00,0.0,1.0,8149,0,0,2025-08-19 00:00:00,9.4,14.8,27.0,3.6,94.0,5.0,87.0,7.0,9.7,2025,8,August,Q3,Tuesday,0,2,30,02:30,Winter,0.0,8253.0,0.0,8457.0,0.0,8854.0,0.0,-104.0,No change,0,,Week4_v2,Australia/Sydney (assumption; confirm with AEMO metadata)
2025-08-19 03:00:00,0.0,1.0,8066,0,0,2025-08-19 00:00:00,9.4,14.8,27.0,3.6,94.0,5.0,87.0,7.0,9.7,2025,8,August,Q3,Tuesday,0,3,0,03:00,Winter,0.0,8149.0,0.0,8253.0,0.0,8681.0,0.0,-83.0,No change,0,,Week4_v2,Australia/Sydney (assumption; confirm with AEMO metadata)
2025-08-19 03:30:00,0.0,1.0,7931,0,0,2025-08-19 00:00:00,9.4,14.8,27.0,3.6,94.0,5.0,87.0,7.0,9.7,2025,8,August,Q3,Tuesday,0,3,30,03:30,Winter,0.0,8066.0,0.0,8149.0,0.0,8457.0,0.0,-135.0,No change,0,,Week4_v2,Australia/Sydney (assumption; confirm with AEMO metadata)
2025-08-19 04:00:00,0.0,1.0,7863,0,0,2025-08-19 00:00:00,9.4,14.8,27.0,3.6,94.0,5.0,87.0,7.0,9.7,2025,8,August,Q3,Tuesday,0,4,0,04:00,Winter,0.0,7931.0,0.0,8066.0,0.0,8253.0,0.0,-68.0,No change,0,,Week4_v2,Australia/Sydney (assumption; confirm with AEMO metadata)
2025-08-19 04:30:00,0.0,1.0,8007,0,0,2025-08-19 00:00:00,9.4,14.8,27.0,3.6,94.0,5.0,87.0,7.0,9.7,2025,8,August,Q3,Tuesday,0,4,30,04:30,Winter,0.0,7863.0,0.0,7931.0,0.0,8149.0,0.0,144.0,No change,0,,Week4_v2,Australia/Sydney (assumption; confirm with AEMO metadata)
2025-08-19 05:00:00,0.0,1.0,8091,0,0,2025-08-19 00:00:00,9.4,14.8,27.0,3.6,94.0,5.0,87.0,7.0,9.7,2025,8,August,Q3,Tuesday,0,5,0,05:00,Winter,0.0,8007.0,0.0,7863.0,0.0,8066.0,0.0,84.0,No change,0,,Week4_v2,Australia/Sydney (assumption; confirm with AEMO metadata)
2025-08-19 05:30:00,0.0,1.0,8348,0,0,2025-08-19 00:00:00,9.4,14.8,27.0,3.6,94.0,5.0,87.0,7.0,9.7,2025,8,August,Q3,Tuesday,0,5,30,05:30,Winter,0.0,8091.0,0.0,8007.0,0.0,7931.0,0.0,257.0,No change,0,,Week4_v2,Australia/Sydney (assumption; confirm with AEMO metadata)
2025-08-19 06:00:00,0.0,1.0,8774,0,0,2025-08-19 00:00:00,9.4,14.8,27.0,3.6,94.0,5.0,87.0,7.0,9.7,2025,8,August,Q3,Tuesday,0,6,0,06:00,Winter,0.0,8348.0,0.0,8091.0,0.0,7863.0,0.0,426.0,No change,0,,Week4_v2,Australia/Sydney (assumption; confirm with AEMO metadata)
2025-08-19 06:30:00,0.536,1.0,9550,0,0,2025-08-19 00:00:00,9.4,14.8,27.0,3.6,94.0,5.0,87.0,7.0,9.7,2025,8,August,Q3,Tuesday,0,6,30,06:30,Winter,0.0,8774.0,0.0,8348.0,0.0,8007.0,0.536,776.0,Increase,0,,Week4_v2,Australia/Sydney (assumption; confirm with AEMO metadata)
2025-08-19 07:00:00,41.151,1.0,10338,0,0,2025-08-19 00:00:00,9.4,14.8,27.0,3.6,94.0,5.0,87.0,7.0,9.7,2025,8,August,Q3,Tuesday,0,7,0,07:00,Winter,0.536,9550.0,0.0,8774.0,0.0,8091.0,40.615,788.0,Increase,0,,Week4_v2,Australia/Sydney (assumption; confirm with AEMO metadata)
2025-08-19 07:30:00,271.711,1.0,10768,0,0,2025-08-19 00:00:00,9.4,14.8,27.0,3.6,94.0,5.0,87.0,7.0,9.7,2025,8,August,Q3,Tuesday,0,7,30,07:30,Winter,41.151,10338.0,0.536,9550.0,0.0,8348.0,230.56,430.0,Increase,0,,Week4_v2,Australia/Sydney (assumption; confirm with AEMO metadata)
2025-08-19 08:00:00,661.613,1.0,10674,0,0,2025-08-19 00:00:00,9.4,14.8,27.0,3.6,94.0,5.0,87.0,7.0,9.7,2025,8,August,Q3,Tuesday,0,8,0,08:00,Winter,271.711,10768.0,41.151,10338.0,0.0,8774.0,389.90200000000004,-94.0,Increase,0,,Week4_v2,Australia/Sydney (assumption; confirm with AEMO metadata)
2025-08-19 08:30:00,1032.532,1.0,10313,0,0,2025-08-19 00:00:00,9.4,14.8,27.0,3.6,94.0,5.0,87.0,7.0,9.7,2025,8,August,Q3,Tuesday,0,8,30,08:30,Winter,661.613,10674.0,271.711,10768.0,0.536,9550.0,370.91899999999987,-361.0,Increase,0,,Week4_v2,Australia/Sydney (assumption; confirm with AEMO metadata)
2025-08-19 09:00:00,1403.693,1.0,9864,0,0,2025-08-19 00:00:00,9.4,14.8,27.0,3.6,94.0,5.0,87.0,7.0,9.7,2025,8,August,Q3,Tuesday,0,9,0,09:00,Winter,1032.532,10313.0,661.613,10674.0,41.151,10338.0,371.16100000000006,-449.0,Increase,0,,Week4_v2,Australia/Sydney (assumption; confirm with AEMO metadata)
2025-08-19 09:30:00,1798.045,1.0,9364,0,0,2025-08-19 00:00:00,9.4,14.8,27.0,3.6,94.0,5.0,87.0,7.0,9.7,2025,8,August,Q3,Tuesday,0,9,30,09:30,Winter,1403.693,9864.0,1032.532,10313.0,271.711,10768.0,394.3520000000001,-500.0,Increase,0,,Week4_v2,Australia/Sydney (assumption; confirm with AEMO metadata)
2025-08-19 10:00:00,2463.657,1.0,8714,0,0,2025-08-19 00:00:00,9.4,14.8,27.0,3.6,94.0,5.0,87.0,7.0,9.7,2025,8,August,Q3,Tuesday,0,10,0,10:00,Winter,1798.045,9364.0,1403.693,9864.0,661.613,10674.0,665.6120000000001,-650.0,Increase,0,,Week4_v2,Australia/Sydney (assumption; confirm with AEMO metadata)
2025-08-19 10:30:00,2789.262,1.0,8319,0,0,2025-08-19 00:00:00,9.4,14.8,27.0,3.6,94.0,5.0,87.0,7.0,9.7,2025,8,August,Q3,Tuesday,0,10,30,10:30,Winter,2463.657,8714.0,1798.045,9364.0,1032.532,10313.0,325.605,-395.0,Increase,0,,Week4_v2,Australia/Sydney (assumption; confirm with AEMO metadata)
2025-08-19 11:00:00,2900.166,1.0,7995,0,0,2025-08-19 00:00:00,9.4,14.8,27.0,3.6,94.0,5.0,87.0,7.0,9.7,2025,8,August,Q3,Tuesday,0,11,0,11:00,Winter,2789.262,8319.0,2463.657,8714.0,1403.693,9864.0,110.904,-324.0,Increase,0,,Week4_v2,Australia/Sydney (assumption; confirm with AEMO metadata)
2025-08-19 11:30:00,2884.509,1.0,7913,0,0,2025-08-19 00:00:00,9.4,14.8,27.0,3.6,94.0,5.0,87.0,7.0,9.7,2025,8,August,Q3,Tuesday,0,11,30,11:30,Winter,2900.166,7995.0,2789.262,8319.0,1798.045,9364.0,-15.657000000000153,-82.0,Decrease,0,,Week4_v2,Australia/Sydney (assumption; confirm with AEMO metadata)
2025-08-19 12:00:00,2808.412,1.0,7946,0,0,2025-08-19 00:00:00,9.4,14.8,27.0,3.6,94.0,5.0,87.0,7.0,9.7,2025,8,August,Q3,Tuesday,0,12,0,12:00,Winter,2884.509,7913.0,2900.166,7995.0,2463.657,8714.0,-76.09700000000021,33.0,Decrease,0,,Week4_v2,Australia/Sydney (assumption; confirm with AEMO metadata)
2025-08-19 12:30:00,2892.945,1.0,7812,0,0,2025-08-19 00:00:00,9.4,14.8,27.0,3.6,94.0,5.0,87.0,7.0,9.7,2025,8,August,Q3,Tuesday,0,12,30,12:30,Winter,2808.412,7946.0,2884.509,7913.0,2789.262,8319.0,84.53300000000036,-134.0,Increase,0,,Week4_v2,Australia/Sydney (assumption; confirm with AEMO metadata)
2025-08-19 13:00:00,2620.951,1.0,7823,0,0,2025-08-19 00:00:00,9.4,14.8,27.0,3.6,94.0,5.0,87.0,7.0,9.7,2025,8,August,Q3,Tuesday,0,13,0,13:00,Winter,2892.945,7812.0,2808.412,7946.0,2900.166,7995.0,-271.99400000000014,11.0,Decrease,0,,Week4_v2,Australia/Sydney (assumption; confirm with AEMO metadata)
2025-08-19 13:30:00,2397.332,1.0,7948,0,0,2025-08-19 00:00:00,9.4,14.8,27.0,3.6,94.0,5.0,87.0,7.0,9.7,2025,8,August,Q3,Tuesday,0,13,30,13:30,Winter,2620.951,7823.0,2892.945,7812.0,2884.509,7913.0,-223.61900000000014,125.0,Decrease,0,,Week4_v2,Australia/Sydney (assumption; confirm with AEMO metadata)
2025-08-19 14:00:00,2321.521,1.0,7928,0,0,2025-08-19 00:00:00,9.4,14.8,27.0,3.6,94.0,5.0,87.0,7.0,9.7,2025,8,August,Q3,Tuesday,0,14,0,14:00,Winter,2397.332,7948.0,2620.951,7823.0,2808.412,7946.0,-75.8109999999997,-20.0,Decrease,0,,Week4_v2,Australia/Sydney (assumption; confirm with AEMO metadata)
2025-08-19 14:30:00,1998.678,1.0,8096,0,0,2025-08-19 00:00:00,9.4,14.8,27.0,3.6,94.0,5.0,87.0,7.0,9.7,2025,8,August,Q3,Tuesday,0,14,30,14:30,Winter,2321.521,7928.0,2397.332,7948.0,2892.945,7812.0,-322.8430000000001,168.0,Decrease,0,,Week4_v2,Australia/Sydney (assumption; confirm with AEMO metadata)
2025-08-19 15:00:00,1696.198,1.0,8293,0,0,2025-08-19 00:00:00,9.4,14.8,27.0,3.6,94.0,5.0,87.0,7.0,9.7,2025,8,August,Q3,Tuesday,0,15,0,15:00,Winter,1998.678,8096.0,2321.521,7928.0,2620.951,7823.0,-302.48,197.0,Decrease,0,,Week4_v2,Australia/Sydney (assumption; confirm with AEMO metadata)
2025-08-19 15:30:00,1234.279,1.0,8685,0,0,2025-08-19 00:00:00,9.4,14.8,27.0,3.6,94.0,5.0,87.0,7.0,9.7,2025,8,August,Q3,Tuesday,0,15,30,15:30,Winter,1696.198,8293.0,1998.678,8096.0,2397.332,7948.0,-461.9190000000001,392.0,Decrease,0,,Week4_v2,Australia/Sydney (assumption; confirm with AEMO metadata)
2025-08-19 16:00:00,914.029,1.0,9195,0,0,2025-08-19 00:00:00,9.4,14.8,27.0,3.6,94.0,5.0,87.0,7.0,9.7,2025,8,August,Q3,Tuesday,0,16,0,16:00,Winter,1234.279,8685.0,1696.198,8293.0,2321.521,7928.0,-320.25,510.0,Decrease,0,,Week4_v2,Australia/Sydney (assumption; confirm with AEMO metadata)
2025-08-19 16:30:00,620.104,1.0,9661,0,0,2025-08-19 00:00:00,9.4,14.8,27.0,3.6,94.0,5.0,87.0,7.0,9.7,2025,8,August,Q3,Tuesday,0,16,30,16:30,Winter,914.029,9195.0,1234.279,8685.0,1998.678,8096.0,-293.92499999999995,466.0,Decrease,0,,Week4_v2,Australia/Sydney (assumption; confirm with AEMO metadata)
2025-08-19 17:00:00,309.346,1.0,10342,0,0,2025-08-19 00:00:00,9.4,14.8,27.0,3.6,94.0,5.0,87.0,7.0,9.7,2025,8,August,Q3,Tuesday,0,17,0,17:00,Winter,620.104,9661.0,914.029,9195.0,1696.198,8293.0,-310.75800000000004,681.0,Decrease,0,,Week4_v2,Australia/Sydney (assumption; confirm with AEMO metadata)
2025-08-19 17:30:00,62.532,1.0,10910,0,0,2025-08-19 00:00:00,9.4,14.8,27.0,3.6,94.0,5.0,87.0,7.0,9.7,2025,8,August,Q3,Tuesday,0,17,30,17:30,Winter,309.346,10342.0,620.104,9661.0,1234.279,8685.0,-246.81400000000002,568.0,Decrease,0,,Week4_v2,Australia/Sydney (assumption; confirm with AEMO metadata)
2025-08-19 18:00:00,0.527,1.0,11580,0,0,2025-08-19 00:00:00,9.4,14.8,27.0,3.6,94.0,5.0,87.0,7.0,9.7,2025,8,August,Q3,Tuesday,0,18,0,18:00,Winter,62.532,10910.0,309.346,10342.0,914.029,9195.0,-62.004999999999995,670.0,Decrease,0,,Week4_v2,Australia/Sydney (assumption; confirm with AEMO metadata)
2025-08-19 18:30:00,0.0,1.0,11829,0,0,2025-08-19 00:00:00,9.4,14.8,27.0,3.6,94.0,5.0,87.0,7.0,9.7,2025,8,August,Q3,Tuesday,0,18,30,18:30,Winter,0.527,11580.0,62.532,10910.0,620.104,9661.0,-0.527,249.0,Decrease,0,,Week4_v2,Australia/Sydney (assumption; confirm with AEMO metadata)
2025-08-19 19:00:00,0.0,1.0,11832,0,0,2025-08-19 00:00:00,9.4,14.8,27.0,3.6,94.0,5.0,87.0,7.0,9.7,2025,8,August,Q3,Tuesday,0,19,0,19:00,Winter,0.0,11829.0,0.527,11580.0,309.346,10342.0,0.0,3.0,No change,0,,Week4_v2,Australia/Sydney (assumption; confirm with AEMO metadata)
2025-08-19 19:30:00,0.0,1.0,11615,0,0,2025-08-19 00:00:00,9.4,14.8,27.0,3.6,94.0,5.0,87.0,7.0,9.7,2025,8,August,Q3,Tuesday,0,19,30,19:30,Winter,0.0,11832.0,0.0,11829.0,62.532,10910.0,0.0,-217.0,No change,0,,Week4_v2,Australia/Sydney (assumption; confirm with AEMO metadata)
2025-08-19 20:00:00,0.0,1.0,11443,0,0,2025-08-19 00:00:00,9.4,14.8,27.0,3.6,94.0,5.0,87.0,7.0,9.7,2025,8,August,Q3,Tuesday,0,20,0,20:00,Winter,0.0,11615.0,0.0,11832.0,0.527,11580.0,0.0,-172.0,No change,0,,Week4_v2,Australia/Sydney (assumption; confirm with AEMO metadata)
2025-08-19 20:30:00,0.0,1.0,11208,0,0,2025-08-19 00:00:00,9.4,14.8,27.0,3.6,94.0,5.0,87.0,7.0,9.7,2025,8,August,Q3,Tuesday,0,20,30,20:30,Winter,0.0,11443.0,0.0,11615.0,0.0,11829.0,0.0,-235.0,No change,0,,Week4_v2,Australia/Sydney (assumption; confirm with AEMO metadata)
2025-08-19 21:00:00,0.0,1.0,10905,0,0,2025-08-19 00:00:00,9.4,14.8,27.0,3.6,94.0,5.0,87.0,7.0,9.7,2025,8,August,Q3,Tuesday,0,21,0,21:00,Winter,0.0,11208.0,0.0,11443.0,0.0,11832.0,0.0,-303.0,No change,0,,Week4_v2,Australia/Sydney (assumption; confirm with AEMO metadata)
2025-08-19 21:30:00,0.0,1.0,10545,0,0,2025-08-19 00:00:00,9.4,14.8,27.0,3.6,94.0,5.0,87.0,7.0,9.7,2025,8,August,Q3,Tuesday,0,21,30,21:30,Winter,0.0,10905.0,0.0,11208.0,0.0,11615.0,0.0,-360.0,No change,0,,Week4_v2,Australia/Sydney (assumption; confirm with AEMO metadata)
2025-08-19 22:00:00,0.0,1.0,10097,0,0,2025-08-19 00:00:00,9.4,14.8,27.0,3.6,94.0,5.0,87.0,7.0,9.7,2025,8,August,Q3,Tuesday,0,22,0,22:00,Winter,0.0,10545.0,0.0,10905.0,0.0,11443.0,0.0,-448.0,No change,0,,Week4_v2,Australia/Sydney (assumption; confirm with AEMO metadata)
2025-08-19 22:30:00,0.0,1.0,9728,0,0,2025-08-19 00:00:00,9.4,14.8,27.0,3.6,94.0,5.0,87.0,7.0,9.7,2025,8,August,Q3,Tuesday,0,22,30,22:30,Winter,0.0,10097.0,0.0,10545.0,0.0,11208.0,0.0,-369.0,No change,0,,Week4_v2,Australia/Sydney (assumption; confirm with AEMO metadata)
2025-08-19 23:00:00,0.0,1.0,9411,0,0,2025-08-19 00:00:00,9.4,14.8,27.0,3.6,94.0,5.0,87.0,7.0,9.7,2025,8,August,Q3,Tuesday,0,23,0,23:00,Winter,0.0,9728.0,0.0,10097.0,0.0,10905.0,0.0,-317.0,No change,0,,Week4_v2,Australia/Sydney (assumption; confirm with AEMO metadata)
2025-08-19 23:30:00,0.0,1.0,9126,0,0,2025-08-19 00:00:00,9.4,14.8,27.0,3.6,94.0,5.0,87.0,7.0,9.7,2025,8,August,Q3,Tuesday,0,23,30,23:30,Winter,0.0,9411.0,0.0,9728.0,0.0,10545.0,0.0,-285.0,No change,0,,Week4_v2,Australia/Sydney (assumption; confirm with AEMO metadata)
2025-08-20 00:00:00,0.0,1.0,8836,0,0,2025-08-20 00:00:00,11.0,15.9,19.8,0.0,82.0,7.0,86.0,8.0,7.7,2025,8,August,Q3,Wednesday,0,0,0,00:00,Winter,0.0,9126.0,0.0,9411.0,0.0,10097.0,0.0,-290.0,No change,0,,Week4_v2,Australia/Sydney (assumption; confirm with AEMO metadata)
2025-08-20 00:30:00,0.0,1.0,8719,0,0,2025-08-20 00:00:00,11.0,15.9,19.8,0.0,82.0,7.0,86.0,8.0,7.7,2025,8,August,Q3,Wednesday,0,0,30,00:30,Winter,0.0,8836.0,0.0,9126.0,0.0,9728.0,0.0,-117.0,No change,0,,Week4_v2,Australia/Sydney (assumption; confirm with AEMO metadata)
2025-08-20 01:00:00,0.0,1.0,8496,0,0,2025-08-20 00:00:00,11.0,15.9,19.8,0.0,82.0,7.0,86.0,8.0,7.7,2025,8,August,Q3,Wednesday,0,1,0,01:00,Winter,0.0,8719.0,0.0,8836.0,0.0,9411.0,0.0,-223.0,No change,0,,Week4_v2,Australia/Sydney (assumption; confirm with AEMO metadata)
2025-08-20 01:30:00,0.0,1.0,8283,0,0,2025-08-20 00:00:00,11.0,15.9,19.8,0.0,82.0,7.0,86.0,8.0,7.7,2025,8,August,Q3,Wednesday,0,1,30,01:30,Winter,0.0,8496.0,0.0,8719.0,0.0,9126.0,0.0,-213.0,No change,0,,Week4_v2,Australia/Sydney (assumption; confirm with AEMO metadata)
2025-08-20 02:00:00,0.0,1.0,8085,0,0,2025-08-20 00:00:00,11.0,15.9,19.8,0.0,82.0,7.0,86.0,8.0,7.7,2025,8,August,Q3,Wednesday,0,2,0,02:00,Winter,0.0,8283.0,0.0,8496.0,0.0,8836.0,0.0,-198.0,No change,0,,Week4_v2,Australia/Sydney (assumption; confirm with AEMO metadata)
2025-08-20 02:30:00,0.0,1.0,7883,0,0,2025-08-20 00:00:00,11.0,15.9,19.8,0.0,82.0,7.0,86.0,8.0,7.7,2025,8,August,Q3,Wednesday,0,2,30,02:30,Winter,0.0,8085.0,0.0,8283.0,0.0,8719.0,0.0,-202.0,No change,0,,Week4_v2,Australia/Sydney (assumption; confirm with AEMO metadata)
2025-08-20 03:00:00,0.0,1.0,7743,0,0,2025-08-20 00:00:00,11.0,15.9,19.8,0.0,82.0,7.0,86.0,8.0,7.7,2025,8,August,Q3,Wednesday,0,3,0,03:00,Winter,0.0,7883.0,0.0,8085.0,0.0,8496.0,0.0,-140.0,No change,0,,Week4_v2,Australia/Sydney (assumption; confirm with AEMO metadata)
2025-08-20 03:30:00,0.0,1.0,7617,0,0,2025-08-20 00:00:00,11.0,15.9,19.8,0.0,82.0,7.0,86.0,8.0,7.7,2025,8,August,Q3,Wednesday,0,3,30,03:30,Winter,0.0,7743.0,0.0,7883.0,0.0,8283.0,0.0,-126.0,No change,0,,Week4_v2,Australia/Sydney (assumption; confirm with AEMO metadata)
2025-08-20 04:00:00,0.0,1.0,7598,0,0,2025-08-20 00:00:00,11.0,15.9,19.8,0.0,82.0,7.0,86.0,8.0,7.7,2025,8,August,Q3,Wednesday,0,4,0,04:00,Winter,0.0,7617.0,0.0,7743.0,0.0,8085.0,0.0,-19.0,No change,0,,Week4_v2,Australia/Sydney (assumption; confirm with AEMO metadata)
2025-08-20 04:30:00,0.0,1.0,7645,0,0,2025-08-20 00:00:00,11.0,15.9,19.8,0.0,82.0,7.0,86.0,8.0,7.7,2025,8,August,Q3,Wednesday,0,4,30,04:30,Winter,0.0,7598.0,0.0,7617.0,0.0,7883.0,0.0,47.0,No change,0,,Week4_v2,Australia/Sydney (assumption; confirm with AEMO metadata)
2025-08-20 05:00:00,0.0,1.0,7691,0,0,2025-08-20 00:00:00,11.0,15.9,19.8,0.0,82.0,7.0,86.0,8.0,7.7,2025,8,August,Q3,Wednesday,0,5,0,05:00,Winter,0.0,7645.0,0.0,7598.0,0.0,7743.0,0.0,46.0,No change,0,,Week4_v2,Australia/Sydney (assumption; confirm with AEMO metadata)
2025-08-20 05:30:00,0.0,1.0,8039,0,0,2025-08-20 00:00:00,11.0,15.9,19.8,0.0,82.0,7.0,86.0,8.0,7.7,2025,8,August,Q3,Wednesday,0,5,30,05:30,Winter,0.0,7691.0,0.0,7645.0,0.0,7617.0,0.0,348.0,No change,0,,Week4_v2,Australia/Sydney (assumption; confirm with AEMO metadata)
2025-08-20 06:00:00,0.0,1.0,8422,0,0,2025-08-20 00:00:00,11.0,15.9,19.8,0.0,82.0,7.0,86.0,8.0,7.7,2025,8,August,Q3,Wednesday,0,6,0,06:00,Winter,0.0,8039.0,0.0,7691.0,0.0,7598.0,0.0,383.0,No change,0,,Week4_v2,Australia/Sydney (assumption; confirm with AEMO metadata)
2025-08-20 06:30:00,0.363,1.0,9140,0,0,2025-08-20 00:00:00,11.0,15.9,19.8,0.0,82.0,7.0,86.0,8.0,7.7,2025,8,August,Q3,Wednesday,0,6,30,06:30,Winter,0.0,8422.0,0.0,8039.0,0.0,7645.0,0.363,718.0,Increase,0,,Week4_v2,Australia/Sydney (assumption; confirm with AEMO metadata)
2025-08-20 07:00:00,35.467,1.0,9835,0,0,2025-08-20 00:00:00,11.0,15.9,19.8,0.0,82.0,7.0,86.0,8.0,7.7,2025,8,August,Q3,Wednesday,0,7,0,07:00,Winter,0.363,9140.0,0.0,8422.0,0.0,7691.0,35.104,695.0,Increase,0,,Week4_v2,Australia/Sydney (assumption; confirm with AEMO metadata)
2025-08-20 07:30:00,230.947,1.0,10303,0,0,2025-08-20 00:00:00,11.0,15.9,19.8,0.0,82.0,7.0,86.0,8.0,7.7,2025,8,August,Q3,Wednesday,0,7,30,07:30,Winter,35.467,9835.0,0.363,9140.0,0.0,8039.0,195.48000000000002,468.0,Increase,0,,Week4_v2,Australia/Sydney (assumption; confirm with AEMO metadata)
2025-08-20 08:00:00,500.61,1.0,10404,0,0,2025-08-20 00:00:00,11.0,15.9,19.8,0.0,82.0,7.0,86.0,8.0,7.7,2025,8,August,Q3,Wednesday,0,8,0,08:00,Winter,230.947,10303.0,35.467,9835.0,0.0,8422.0,269.663,101.0,Increase,0,,Week4_v2,Australia/Sydney (assumption; confirm with AEMO metadata)
2025-08-20 08:30:00,730.043,1.0,10307,0,0,2025-08-20 00:00:00,11.0,15.9,19.8,0.0,82.0,7.0,86.0,8.0,7.7,2025,8,August,Q3,Wednesday,0,8,30,08:30,Winter,500.61,10404.0,230.947,10303.0,0.363,9140.0,229.433,-97.0,Increase,0,,Week4_v2,Australia/Sydney (assumption; confirm with AEMO metadata)
2025-08-20 09:00:00,1059.895,1.0,9951,0,0,2025-08-20 00:00:00,11.0,15.9,19.8,0.0,82.0,7.0,86.0,8.0,7.7,2025,8,August,Q3,Wednesday,0,9,0,09:00,Winter,730.043,10307.0,500.61,10404.0,35.467,9835.0,329.852,-356.0,Increase,0,,Week4_v2,Australia/Sydney (assumption; confirm with AEMO metadata)
2025-08-20 09:30:00,1295.708,1.0,9686,0,0,2025-08-20 00:00:00,11.0,15.9,19.8,0.0,82.0,7.0,86.0,8.0,7.7,2025,8,August,Q3,Wednesday,0,9,30,09:30,Winter,1059.895,9951.0,730.043,10307.0,230.947,10303.0,235.8130000000001,-265.0,Increase,0,,Week4_v2,Australia/Sydney (assumption; confirm with AEMO metadata)
2025-08-20 10:00:00,1471.878,1.0,9481,0,0,2025-08-20 00:00:00,11.0,15.9,19.8,0.0,82.0,7.0,86.0,8.0,7.7,2025,8,August,Q3,Wednesday,0,10,0,10:00,Winter,1295.708,9686.0,1059.895,9951.0,500.61,10404.0,176.16999999999985,-205.0,Increase,0,,Week4_v2,Australia/Sydney (assumption; confirm with AEMO metadata)
2025-08-20 10:30:00,1636.561,1.0,9432,0,0,2025-08-20 00:00:00,11.0,15.9,19.8,0.0,82.0,7.0,86.0,8.0,7.7,2025,8,August,Q3,Wednesday,0,10,30,10:30,Winter,1471.878,9481.0,1295.708,9686.0,730.043,10307.0,164.683,-49.0,Increase,0,,Week4_v2,Australia/Sydney (assumption; confirm with AEMO metadata)
2025-08-20 11:00:00,1492.164,1.0,9654,0,0,2025-08-20 00:00:00,11.0,15.9,19.8,0.0,82.0,7.0,86.0,8.0,7.7,2025,8,August,Q3,Wednesday,0,11,0,11:00,Winter,1636.561,9432.0,1471.878,9481.0,1059.895,9951.0,-144.39699999999993,222.0,Decrease,0,,Week4_v2,Australia/Sydney (assumption; confirm with AEMO metadata)
2025-08-20 11:30:00,1706.001,1.0,9537,0,0,2025-08-20 00:00:00,11.0,15.9,19.8,0.0,82.0,7.0,86.0,8.0,7.7,2025,8,August,Q3,Wednesday,0,11,30,11:30,Winter,1492.164,9654.0,1636.561,9432.0,1295.708,9686.0,213.837,-117.0,Increase,0,,Week4_v2,Australia/Sydney (assumption; confirm with AEMO metadata)
2025-08-20 12:00:00,1707.233,1.0,9562,0,0,2025-08-20 00:00:00,11.0,15.9,19.8,0.0,82.0,7.0,86.0,8.0,7.7,2025,8,August,Q3,Wednesday,0,12,0,12:00,Winter,1706.001,9537.0,1492.164,9654.0,1471.878,9481.0,1.231999999999971,25.0,Increase,0,,Week4_v2,Australia/Sydney (assumption; confirm with AEMO metadata)
2025-08-20 12:30:00,1568.791,1.0,9638,0,0,2025-08-20 00:00:00,11.0,15.9,19.8,0.0,82.0,7.0,86.0,8.0,7.7,2025,8,August,Q3,Wednesday,0,12,30,12:30,Winter,1707.233,9562.0,1706.001,9537.0,1636.561,9432.0,-138.442,76.0,Decrease,0,,Week4_v2,Australia/Sydney (assumption; confirm with AEMO metadata)
2025-08-20 13:00:00,1584.498,1.0,9522,0,0,2025-08-20 00:00:00,11.0,15.9,19.8,0.0,82.0,7.0,86.0,8.0,7.7,2025,8,August,Q3,Wednesday,0,13,0,13:00,Winter,1568.791,9638.0,1707.233,9562.0,1492.164,9654.0,15.707000000000107,-116.0,Increase,0,,Week4_v2,Australia/Sydney (assumption; confirm with AEMO metadata)
2025-08-20 13:30:00,1506.16,1.0,9500,0,0,2025-08-20 00:00:00,11.0,15.9,19.8,0.0,82.0,7.0,86.0,8.0,7.7,2025,8,August,Q3,Wednesday,0,13,30,13:30,Winter,1584.498,9522.0,1568.791,9638.0,1706.001,9537.0,-78.33799999999997,-22.0,Decrease,0,,Week4_v2,Australia/Sydney (assumption; confirm with AEMO metadata)
2025-08-20 14:00:00,1109.812,1.0,9838,0,0,2025-08-20 00:00:00,11.0,15.9,19.8,0.0,82.0,7.0,86.0,8.0,7.7,2025,8,August,Q3,Wednesday,0,14,0,14:00,Winter,1506.16,9500.0,1584.498,9522.0,1707.233,9562.0,-396.3480000000002,338.0,Decrease,0,,Week4_v2,Australia/Sydney (assumption; confirm with AEMO metadata)
2025-08-20 14:30:00,890.93,1.0,9972,0,0,2025-08-20 00:00:00,11.0,15.9,19.8,0.0,82.0,7.0,86.0,8.0,7.7,2025,8,August,Q3,Wednesday,0,14,30,14:30,Winter,1109.812,9838.0,1506.16,9500.0,1568.791,9638.0,-218.88199999999995,134.0,Decrease,0,,Week4_v2,Australia/Sydney (assumption; confirm with AEMO metadata)
2025-08-20 15:00:00,687.729,1.0,10114,0,0,2025-08-20 00:00:00,11.0,15.9,19.8,0.0,82.0,7.0,86.0,8.0,7.7,2025,8,August,Q3,Wednesday,0,15,0,15:00,Winter,890.93,9972.0,1109.812,9838.0,1584.498,9522.0,-203.2009999999999,142.0,Decrease,0,,Week4_v2,Australia/Sydney (assumption; confirm with AEMO metadata)
2025-08-20 15:30:00,557.555,1.0,10267,0,0,2025-08-20 00:00:00,11.0,15.9,19.8,0.0,82.0,7.0,86.0,8.0,7.7,2025,8,August,Q3,Wednesday,0,15,30,15:30,Winter,687.729,10114.0,890.93,9972.0,1506.16,9500.0,-130.1740000000001,153.0,Decrease,0,,Week4_v2,Australia/Sydney (assumption; confirm with AEMO metadata)
2025-08-20 16:00:00,417.759,1.0,10591,0,0,2025-08-20 00:00:00,11.0,15.9,19.8,0.0,82.0,7.0,86.0,8.0,7.7,2025,8,August,Q3,Wednesday,0,16,0,16:00,Winter,557.555,10267.0,687.729,10114.0,1109.812,9838.0,-139.79599999999994,324.0,Decrease,0,,Week4_v2,Australia/Sydney (assumption; confirm with AEMO metadata)
2025-08-20 16:30:00,275.139,1.0,10873,0,0,2025-08-20 00:00:00,11.0,15.9,19.8,0.0,82.0,7.0,86.0,8.0,7.7,2025,8,August,Q3,Wednesday,0,16,30,16:30,Winter,417.759,10591.0,557.555,10267.0,890.93,9972.0,-142.62,282.0,Decrease,0,,Week4_v2,Australia/Sydney (assumption; confirm with AEMO metadata)
2025-08-20 17:00:00,129.582,1.0,11234,0,0,2025-08-20 00:00:00,11.0,15.9,19.8,0.0,82.0,7.0,86.0,8.0,7.7,2025,8,August,Q3,Wednesday,0,17,0,17:00,Winter,275.139,10873.0,417.759,10591.0,687.729,10114.0,-145.55700000000002,361.0,Decrease,0,,Week4_v2,Australia/Sydney (assumption; confirm with AEMO metadata)
2025-08-20 17:30:00,30.124,1.0,11575,0,0,2025-08-20 00:00:00,11.0,15.9,19.8,0.0,82.0,7.0,86.0,8.0,7.7,2025,8,August,Q3,Wednesday,0,17,30,17:30,Winter,129.582,11234.0,275.139,10873.0,557.555,10267.0,-99.458,341.0,Decrease,0,,Week4_v2,Australia/Sydney (assumption; confirm with AEMO metadata)
2025-08-20 18:00:00,0.522,1.0,12033,0,0,2025-08-20 00:00:00,11.0,15.9,19.8,0.0,82.0,7.0,86.0,8.0,7.7,2025,8,August,Q3,Wednesday,0,18,0,18:00,Winter,30.124,11575.0,129.582,11234.0,417.759,10591.0,-29.602,458.0,Decrease,0,,Week4_v2,Australia/Sydney (assumption; confirm with AEMO metadata)
2025-08-20 18:30:00,0.0,1.0,12130,0,0,2025-08-20 00:00:00,11.0,15.9,19.8,0.0,82.0,7.0,86.0,8.0,7.7,2025,8,August,Q3,Wednesday,0,18,30,18:30,Winter,0.522,12033.0,30.124,11575.0,275.139,10873.0,-0.522,97.0,Decrease,0,,Week4_v2,Australia/Sydney (assumption; confirm with AEMO metadata)
2025-08-20 19:00:00,0.0,1.0,12029,0,0,2025-08-20 00:00:00,11.0,15.9,19.8,0.0,82.0,7.0,86.0,8.0,7.7,2025,8,August,Q3,Wednesday,0,19,0,19:00,Winter,0.0,12130.0,0.522,12033.0,129.582,11234.0,0.0,-101.0,No change,0,,Week4_v2,Australia/Sydney (assumption; confirm with AEMO metadata)
2025-08-20 19:30:00,0.0,1.0,11779,0,0,2025-08-20 00:00:00,11.0,15.9,19.8,0.0,82.0,7.0,86.0,8.0,7.7,2025,8,August,Q3,Wednesday,0,19,30,19:30,Winter,0.0,12029.0,0.0,12130.0,30.124,11575.0,0.0,-250.0,No change,0,,Week4_v2,Australia/Sydney (assumption; confirm with AEMO metadata)
2025-08-20 20:00:00,0.0,1.0,11531,0,0,2025-08-20 00:00:00,11.0,15.9,19.8,0.0,82.0,7.0,86.0,8.0,7.7,2025,8,August,Q3,Wednesday,0,20,0,20:00,Winter,0.0,11779.0,0.0,12029.0,0.522,12033.0,0.0,-248.0,No change,0,,Week4_v2,Australia/Sydney (assumption; confirm with AEMO metadata)
2025-08-20 20:30:00,0.0,1.0,11251,0,0,2025-08-20 00:00:00,11.0,15.9,19.8,0.0,82.0,7.0,86.0,8.0,7.7,2025,8,August,Q3,Wednesday,0,20,30,20:30,Winter,0.0,11531.0,0.0,11779.0,0.0,12130.0,0.0,-280.0,No change,0,,Week4_v2,Australia/Sydney (assumption; confirm with AEMO metadata)
2025-08-20 21:00:00,0.0,1.0,10933,0,0,2025-08-20 00:00:00,11.0,15.9,19.8,0.0,82.0,7.0,86.0,8.0,7.7,2025,8,August,Q3,Wednesday,0,21,0,21:00,Winter,0.0,11251.0,0.0,11531.0,0.0,12029.0,0.0,-318.0,No change,0,,Week4_v2,Australia/Sydney (assumption; confirm with AEMO metadata)
2025-08-20 21:30:00,0.0,1.0,10489,0,0,2025-08-20 00:00:00,11.0,15.9,19.8,0.0,82.0,7.0,86.0,8.0,7.7,2025,8,August,Q3,Wednesday,0,21,30,21:30,Winter,0.0,10933.0,0.0,11251.0,0.0,11779.0,0.0,-444.0,No change,0,,Week4_v2,Australia/Sydney (assumption; confirm with AEMO metadata)
2025-08-20 22:00:00,0.0,1.0,10054,0,0,2025-08-20 00:00:00,11.0,15.9,19.8,0.0,82.0,7.0,86.0,8.0,7.7,2025,8,August,Q3,Wednesday,0,22,0,22:00,Winter,0.0,10489.0,0.0,10933.0,0.0,11531.0,0.0,-435.0,No change,0,,Week4_v2,Australia/Sydney (assumption; confirm with AEMO metadata)
2025-08-20 22:30:00,0.0,1.0,9717,0,0,2025-08-20 00:00:00,11.0,15.9,19.8,0.0,82.0,7.0,86.0,8.0,7.7,2025,8,August,Q3,Wednesday,0,22,30,22:30,Winter,0.0,10054.0,0.0,10489.0,0.0,11251.0,0.0,-337.0,No change,0,,Week4_v2,Australia/Sydney (assumption; confirm with AEMO metadata)
2025-08-20 23:00:00,0.0,1.0,9408,0,0,2025-08-20 00:00:00,11.0,15.9,19.8,0.0,82.0,7.0,86.0,8.0,7.7,2025,8,August,Q3,Wednesday,0,23,0,23:00,Winter,0.0,9717.0,0.0,10054.0,0.0,10933.0,0.0,-309.0,No change,0,,Week4_v2,Australia/Sydney (assumption; confirm with AEMO metadata)
2025-08-20 23:30:00,0.0,1.0,9062,0,0,2025-08-20 00:00:00,11.0,15.9,19.8,0.0,82.0,7.0,86.0,8.0,7.7,2025,8,August,Q3,Wednesday,0,23,30,23:30,Winter,0.0,9408.0,0.0,9717.0,0.0,10489.0,0.0,-346.0,No change,0,,Week4_v2,Australia/Sydney (assumption; confirm with AEMO metadata)
2025-08-21 00:00:00,0.0,1.0,8813,0,0,2025-08-21 00:00:00,12.4,17.3,51.6,0.0,86.0,8.0,88.0,8.0,4.7,2025,8,August,Q3,Thursday,0,0,0,00:00,Winter,0.0,9062.0,0.0,9408.0,0.0,10054.0,0.0,-249.0,No change,0,,Week4_v2,Australia/Sydney (assumption; confirm with AEMO metadata)
2025-08-21 00:30:00,0.0,1.0,8583,0,0,2025-08-21 00:00:00,12.4,17.3,51.6,0.0,86.0,8.0,88.0,8.0,4.7,2025,8,August,Q3,Thursday,0,0,30,00:30,Winter,0.0,8813.0,0.0,9062.0,0.0,9717.0,0.0,-230.0,No change,0,,Week4_v2,Australia/Sydney (assumption; confirm with AEMO metadata)
2025-08-21 01:00:00,0.0,1.0,8492,0,0,2025-08-21 00:00:00,12.4,17.3,51.6,0.0,86.0,8.0,88.0,8.0,4.7,2025,8,August,Q3,Thursday,0,1,0,01:00,Winter,0.0,8583.0,0.0,8813.0,0.0,9408.0,0.0,-91.0,No change,0,,Week4_v2,Australia/Sydney (assumption; confirm with AEMO metadata)
2025-08-21 01:30:00,0.0,1.0,8217,0,0,2025-08-21 00:00:00,12.4,17.3,51.6,0.0,86.0,8.0,88.0,8.0,4.7,2025,8,August,Q3,Thursday,0,1,30,01:30,Winter,0.0,8492.0,0.0,8583.0,0.0,9062.0,0.0,-275.0,No change,0,,Week4_v2,Australia/Sydney (assumption; confirm with AEMO metadata)
2025-08-21 02:00:00,0.0,1.0,7968,0,0,2025-08-21 00:00:00,12.4,17.3,51.6,0.0,86.0,8.0,88.0,8.0,4.7,2025,8,August,Q3,Thursday,0,2,0,02:00,Winter,0.0,8217.0,0.0,8492.0,0.0,8813.0,0.0,-249.0,No change,0,,Week4_v2,Australia/Sydney (assumption; confirm with AEMO metadata)
2025-08-21 02:30:00,0.0,1.0,7802,0,0,2025-08-21 00:00:00,12.4,17.3,51.6,0.0,86.0,8.0,88.0,8.0,4.7,2025,8,August,Q3,Thursday,0,2,30,02:30,Winter,0.0,7968.0,0.0,8217.0,0.0,8583.0,0.0,-166.0,No change,0,,Week4_v2,Australia/Sydney (assumption; confirm with AEMO metadata)
2025-08-21 03:00:00,0.0,1.0,7622,0,0,2025-08-21 00:00:00,12.4,17.3,51.6,0.0,86.0,8.0,88.0,8.0,4.7,2025,8,August,Q3,Thursday,0,3,0,03:00,Winter,0.0,7802.0,0.0,7968.0,0.0,8492.0,0.0,-180.0,No change,0,,Week4_v2,Australia/Sydney (assumption; confirm with AEMO metadata)
2025-08-21 03:30:00,0.0,1.0,7572,0,0,2025-08-21 00:00:00,12.4,17.3,51.6,0.0,86.0,8.0,88.0,8.0,4.7,2025,8,August,Q3,Thursday,0,3,30,03:30,Winter,0.0,7622.0,0.0,7802.0,0.0,8217.0,0.0,-50.0,No change,0,,Week4_v2,Australia/Sydney (assumption; confirm with AEMO metadata)
2025-08-21 04:00:00,0.0,1.0,7562,0,0,2025-08-21 00:00:00,12.4,17.3,51.6,0.0,86.0,8.0,88.0,8.0,4.7,2025,8,August,Q3,Thursday,0,4,0,04:00,Winter,0.0,7572.0,0.0,7622.0,0.0,7968.0,0.0,-10.0,No change,0,,Week4_v2,Australia/Sydney (assumption; confirm with AEMO metadata)
2025-08-21 04:30:00,0.0,1.0,7523,0,0,2025-08-21 00:00:00,12.4,17.3,51.6,0.0,86.0,8.0,88.0,8.0,4.7,2025,8,August,Q3,Thursday,0,4,30,04:30,Winter,0.0,7562.0,0.0,7572.0,0.0,7802.0,0.0,-39.0,No change,0,,Week4_v2,Australia/Sydney (assumption; confirm with AEMO metadata)
2025-08-21 05:00:00,0.0,1.0,7595,0,0,2025-08-21 00:00:00,12.4,17.3,51.6,0.0,86.0,8.0,88.0,8.0,4.7,2025,8,August,Q3,Thursday,0,5,0,05:00,Winter,0.0,7523.0,0.0,7562.0,0.0,7622.0,0.0,72.0,No change,0,,Week4_v2,Australia/Sydney (assumption; confirm with AEMO metadata)
2025-08-21 05:30:00,0.0,1.0,7885,0,0,2025-08-21 00:00:00,12.4,17.3,51.6,0.0,86.0,8.0,88.0,8.0,4.7,2025,8,August,Q3,Thursday,0,5,30,05:30,Winter,0.0,7595.0,0.0,7523.0,0.0,7572.0,0.0,290.0,No change,0,,Week4_v2,Australia/Sydney (assumption; confirm with AEMO metadata)
2025-08-21 06:00:00,0.0,1.0,8232,0,0,2025-08-21 00:00:00,12.4,17.3,51.6,0.0,86.0,8.0,88.0,8.0,4.7,2025,8,August,Q3,Thursday,0,6,0,06:00,Winter,0.0,7885.0,0.0,7595.0,0.0,7562.0,0.0,347.0,No change,0,,Week4_v2,Australia/Sydney (assumption; confirm with AEMO metadata)
2025-08-21 06:30:00,0.511,1.0,8877,0,0,2025-08-21 00:00:00,12.4,17.3,51.6,0.0,86.0,8.0,88.0,8.0,4.7,2025,8,August,Q3,Thursday,0,6,30,06:30,Winter,0.0,8232.0,0.0,7885.0,0.0,7523.0,0.511,645.0,Increase,0,,Week4_v2,Australia/Sydney (assumption; confirm with AEMO metadata)
2025-08-21 07:00:00,28.924,1.0,9536,0,0,2025-08-21 00:00:00,12.4,17.3,51.6,0.0,86.0,8.0,88.0,8.0,4.7,2025,8,August,Q3,Thursday,0,7,0,07:00,Winter,0.511,8877.0,0.0,8232.0,0.0,7595.0,28.413,659.0,Increase,0,,Week4_v2,Australia/Sydney (assumption; confirm with AEMO metadata)
2025-08-21 07:30:00,123.542,1.0,10094,0,0,2025-08-21 00:00:00,12.4,17.3,51.6,0.0,86.0,8.0,88.0,8.0,4.7,2025,8,August,Q3,Thursday,0,7,30,07:30,Winter,28.924,9536.0,0.511,8877.0,0.0,7885.0,94.618,558.0,Increase,0,,Week4_v2,Australia/Sydney (assumption; confirm with AEMO metadata)
2025-08-21 08:00:00,259.703,1.0,10398,0,0,2025-08-21 00:00:00,12.4,17.3,51.6,0.0,86.0,8.0,88.0,8.0,4.7,2025,8,August,Q3,Thursday,0,8,0,08:00,Winter,123.542,10094.0,28.924,9536.0,0.0,8232.0,136.16099999999997,304.0,Increase,0,,Week4_v2,Australia/Sydney (assumption; confirm with AEMO metadata)
2025-08-21 08:30:00,420.16,1.0,10423,0,0,2025-08-21 00:00:00,12.4,17.3,51.6,0.0,86.0,8.0,88.0,8.0,4.7,2025,8,August,Q3,Thursday,0,8,30,08:30,Winter,259.703,10398.0,123.542,10094.0,0.511,8877.0,160.45700000000005,25.0,Increase,0,,Week4_v2,Australia/Sydney (assumption; confirm with AEMO metadata)
2025-08-21 09:00:00,588.106,1.0,10211,0,0,2025-08-21 00:00:00,12.4,17.3,51.6,0.0,86.0,8.0,88.0,8.0,4.7,2025,8,August,Q3,Thursday,0,9,0,09:00,Winter,420.16,10423.0,259.703,10398.0,28.924,9536.0,167.94599999999997,-212.0,Increase,0,,Week4_v2,Australia/Sydney (assumption; confirm with AEMO metadata)
2025-08-21 09:30:00,739.757,1.0,10122,0,0,2025-08-21 00:00:00,12.4,17.3,51.6,0.0,86.0,8.0,88.0,8.0,4.7,2025,8,August,Q3,Thursday,0,9,30,09:30,Winter,588.106,10211.0,420.16,10423.0,123.542,10094.0,151.65099999999995,-89.0,Increase,0,,Week4_v2,Australia/Sydney (assumption; confirm with AEMO metadata)
2025-08-21 10:00:00,816.379,1.0,10111,0,0,2025-08-21 00:00:00,12.4,17.3,51.6,0.0,86.0,8.0,88.0,8.0,4.7,2025,8,August,Q3,Thursday,0,10,0,10:00,Winter,739.757,10122.0,588.106,10211.0,259.703,10398.0,76.62200000000007,-11.0,Increase,0,,Week4_v2,Australia/Sydney (assumption; confirm with AEMO metadata)
2025-08-21 10:30:00,876.612,1.0,10147,0,0,2025-08-21 00:00:00,12.4,17.3,51.6,0.0,86.0,8.0,88.0,8.0,4.7,2025,8,August,Q3,Thursday,0,10,30,10:30,Winter,816.379,10111.0,739.757,10122.0,420.16,10423.0,60.23299999999995,36.0,Increase,0,,Week4_v2,Australia/Sydney (assumption; confirm with AEMO metadata)
2025-08-21 11:00:00,1039.746,1.0,10118,0,0,2025-08-21 00:00:00,12.4,17.3,51.6,0.0,86.0,8.0,88.0,8.0,4.7,2025,8,August,Q3,Thursday,0,11,0,11:00,Winter,876.612,10147.0,816.379,10111.0,588.106,10211.0,163.13400000000013,-29.0,Increase,0,,Week4_v2,Australia/Sydney (assumption; confirm with AEMO metadata)
2025-08-21 11:30:00,1204.781,1.0,10185,0,0,2025-08-21 00:00:00,12.4,17.3,51.6,0.0,86.0,8.0,88.0,8.0,4.7,2025,8,August,Q3,Thursday,0,11,30,11:30,Winter,1039.746,10118.0,876.612,10147.0,739.757,10122.0,165.03499999999985,67.0,Increase,0,,Week4_v2,Australia/Sydney (assumption; confirm with AEMO metadata)
2025-08-21 12:00:00,1351.263,1.0,9906,0,0,2025-08-21 00:00:00,12.4,17.3,51.6,0.0,86.0,8.0,88.0,8.0,4.7,2025,8,August,Q3,Thursday,0,12,0,12:00,Winter,1204.781,10185.0,1039.746,10118.0,816.379,10111.0,146.48199999999997,-279.0,Increase,0,,Week4_v2,Australia/Sydney (assumption; confirm with AEMO metadata)
2025-08-21 12:30:00,1195.605,1.0,9920,0,0,2025-08-21 00:00:00,12.4,17.3,51.6,0.0,86.0,8.0,88.0,8.0,4.7,2025,8,August,Q3,Thursday,0,12,30,12:30,Winter,1351.263,9906.0,1204.781,10185.0,876.612,10147.0,-155.6579999999999,14.0,Decrease,0,,Week4_v2,Australia/Sydney (assumption; confirm with AEMO metadata)
2025-08-21 13:00:00,1081.341,1.0,9978,0,0,2025-08-21 00:00:00,12.4,17.3,51.6,0.0,86.0,8.0,88.0,8.0,4.7,2025,8,August,Q3,Thursday,0,13,0,13:00,Winter,1195.605,9920.0,1351.263,9906.0,1039.746,10118.0,-114.26400000000012,58.0,Decrease,0,,Week4_v2,Australia/Sydney (assumption; confirm with AEMO metadata)
2025-08-21 13:30:00,1040.166,1.0,9841,0,0,2025-08-21 00:00:00,12.4,17.3,51.6,0.0,86.0,8.0,88.0,8.0,4.7,2025,8,August,Q3,Thursday,0,13,30,13:30,Winter,1081.341,9978.0,1195.605,9920.0,1204.781,10185.0,-41.174999999999955,-137.0,Decrease,0,,Week4_v2,Australia/Sydney (assumption; confirm with AEMO metadata)
2025-08-21 14:00:00,1003.47,1.0,9725,0,0,2025-08-21 00:00:00,12.4,17.3,51.6,0.0,86.0,8.0,88.0,8.0,4.7,2025,8,August,Q3,Thursday,0,14,0,14:00,Winter,1040.166,9841.0,1081.341,9978.0,1351.263,9906.0,-36.69599999999991,-116.0,Decrease,0,,Week4_v2,Australia/Sydney (assumption; confirm with AEMO metadata)
2025-08-21 14:30:00,945.752,1.0,9680,0,0,2025-08-21 00:00:00,12.4,17.3,51.6,0.0,86.0,8.0,88.0,8.0,4.7,2025,8,August,Q3,Thursday,0,14,30,14:30,Winter,1003.47,9725.0,1040.166,9841.0,1195.605,9920.0,-57.718000000000075,-45.0,Decrease,0,,Week4_v2,Australia/Sydney (assumption; confirm with AEMO metadata)
2025-08-21 15:00:00,782.038,1.0,9741,0,0,2025-08-21 00:00:00,12.4,17.3,51.6,0.0,86.0,8.0,88.0,8.0,4.7,2025,8,August,Q3,Thursday,0,15,0,15:00,Winter,945.752,9680.0,1003.47,9725.0,1081.341,9978.0,-163.71399999999994,61.0,Decrease,0,,Week4_v2,Australia/Sydney (assumption; confirm with AEMO metadata)
2025-08-21 15:30:00,617.064,1.0,9889,0,0,2025-08-21 00:00:00,12.4,17.3,51.6,0.0,86.0,8.0,88.0,8.0,4.7,2025,8,August,Q3,Thursday,0,15,30,15:30,Winter,782.038,9741.0,945.752,9680.0,1040.166,9841.0,-164.97400000000005,148.0,Decrease,0,,Week4_v2,Australia/Sydney (assumption; confirm with AEMO metadata)
2025-08-21 16:00:00,452.766,1.0,10219,0,0,2025-08-21 00:00:00,12.4,17.3,51.6,0.0,86.0,8.0,88.0,8.0,4.7,2025,8,August,Q3,Thursday,0,16,0,16:00,Winter,617.064,9889.0,782.038,9741.0,1003.47,9725.0,-164.29799999999994,330.0,Decrease,0,,Week4_v2,Australia/Sydney (assumption; confirm with AEMO metadata)
2025-08-21 16:30:00,340.021,1.0,10473,0,0,2025-08-21 00:00:00,12.4,17.3,51.6,0.0,86.0,8.0,88.0,8.0,4.7,2025,8,August,Q3,Thursday,0,16,30,16:30,Winter,452.766,10219.0,617.064,9889.0,945.752,9680.0,-112.745,254.0,Decrease,0,,Week4_v2,Australia/Sydney (assumption; confirm with AEMO metadata)
2025-08-21 17:00:00,216.448,1.0,10755,0,0,2025-08-21 00:00:00,12.4,17.3,51.6,0.0,86.0,8.0,88.0,8.0,4.7,2025,8,August,Q3,Thursday,0,17,0,17:00,Winter,340.021,10473.0,452.766,10219.0,782.038,9741.0,-123.57300000000001,282.0,Decrease,0,,Week4_v2,Australia/Sydney (assumption; confirm with AEMO metadata)
2025-08-21 17:30:00,59.528,1.0,11064,0,0,2025-08-21 00:00:00,12.4,17.3,51.6,0.0,86.0,8.0,88.0,8.0,4.7,2025,8,August,Q3,Thursday,0,17,30,17:30,Winter,216.448,10755.0,340.021,10473.0,617.064,9889.0,-156.92000000000002,309.0,Decrease,0,,Week4_v2,Australia/Sydney (assumption; confirm with AEMO metadata)
2025-08-21 18:00:00,0.489,1.0,11516,0,0,2025-08-21 00:00:00,12.4,17.3,51.6,0.0,86.0,8.0,88.0,8.0,4.7,2025,8,August,Q3,Thursday,0,18,0,18:00,Winter,59.528,11064.0,216.448,10755.0,452.766,10219.0,-59.039,452.0,Decrease,0,,Week4_v2,Australia/Sydney (assumption; confirm with AEMO metadata)
2025-08-21 18:30:00,0.0,1.0,11736,0,0,2025-08-21 00:00:00,12.4,17.3,51.6,0.0,86.0,8.0,88.0,8.0,4.7,2025,8,August,Q3,Thursday,0,18,30,18:30,Winter,0.489,11516.0,59.528,11064.0,340.021,10473.0,-0.489,220.0,Decrease,0,,Week4_v2,Australia/Sydney (assumption; confirm with AEMO metadata)
2025-08-21 19:00:00,0.0,1.0,11660,0,0,2025-08-21 00:00:00,12.4,17.3,51.6,0.0,86.0,8.0,88.0,8.0,4.7,2025,8,August,Q3,Thursday,0,19,0,19:00,Winter,0.0,11736.0,0.489,11516.0,216.448,10755.0,0.0,-76.0,No change,0,,Week4_v2,Australia/Sydney (assumption; confirm with AEMO metadata)
2025-08-21 19:30:00,0.0,1.0,11460,0,0,2025-08-21 00:00:00,12.4,17.3,51.6,0.0,86.0,8.0,88.0,8.0,4.7,2025,8,August,Q3,Thursday,0,19,30,19:30,Winter,0.0,11660.0,0.0,11736.0,59.528,11064.0,0.0,-200.0,No change,0,,Week4_v2,Australia/Sydney (assumption; confirm with AEMO metadata)
