Window,Actual,Prediction,Outside training range
Test year,-275.0,-290.1395709357846,False
Test year,-256.0,-258.10384400766793,False
Test year,-209.0,-248.75879083964026,False
Test year,-207.0,-207.8970954748014,False
Test year,-214.0,-205.381340678016,False
Test year,-227.0,-151.10025594593725,False
Test year,-161.0,-139.14657944136667,False
Test year,-76.0,-76.59701374406751,False
Test year,71.0,-14.50303359084856,False
Test year,87.0,126.97660794900355,False
Test year,96.0,90.26671423888587,False
Test year,356.0,225.5604586798887,False
Test year,303.0,302.51128399147194,False
Test year,627.0,381.4802772206017,False
Test year,763.0,516.805945317521,False
Test year,671.0,549.2613189393727,False
Test year,304.0,294.2669196201949,False
Test year,-98.0,-43.04234896193793,False
Test year,-414.0,-328.352815822855,False
Test year,-326.0,-341.04100338634504,False
Test year,-379.0,-411.7253834599806,False
Test year,-303.0,-354.93516821788216,False
Test year,-91.0,-245.88491838418742,False
Test year,23.0,-176.97380294803276,False
Test year,-64.0,-84.16618727129847,False
Test year,-91.0,-105.12038381779973,False
Test year,-46.0,-114.4948751214609,False
Test year,-165.0,-35.93715786646419,False
Test year,85.0,-62.26399823059916,False
Test year,157.0,91.84339589262902,False
Test year,-35.0,216.05377091720885,False
Test year,146.0,96.71610135447168,False
Test year,702.0,273.5344424503651,False
Test year,575.0,598.6472498690737,False
Test year,506.0,518.9762902055937,False
Test year,402.0,325.0634400362565,False
Test year,364.0,285.1560873806883,False
Test year,-49.0,7.045007996747756,False
Test year,-93.0,-174.88086004634073,False
Test year,-205.0,-211.34709205528122,False
Test year,-225.0,-231.47345358253426,False
Test year,-185.0,-266.13705401515347,False
Test year,-256.0,-277.1039798405533,False
Test year,-355.0,-261.2367402916197,False
Test year,-346.0,-329.5313874528089,False
Test year,-320.0,-285.2742160915104,False
Test year,-281.0,-307.9322817497075,False
Test year,-304.0,-283.22114327529226,False
Test year,-299.0,-262.93220733098013,False
Test year,-253.0,-270.5944102721612,False
Test year,-197.0,-262.4338323722512,False
Test year,-284.0,-214.00463700140068,False
Test year,-316.0,-242.39548603738126,False
Test year,-213.0,-208.26572449296543,False
Test year,-174.0,-157.51021362711407,False
Test year,-142.0,-86.86157617510344,False
Test year,15.0,-49.28208664740848,False
Test year,-25.0,88.01667367585469,False
Test year,11.0,31.222550622548425,False
Test year,142.0,177.8760871160944,False
Test year,65.0,169.32778818394505,False
Test year,294.0,257.79135055777,False
Test year,373.0,295.9116154695115,False
Test year,375.0,310.1283295780946,False
Test year,430.0,209.20204210862408,False
Test year,327.0,193.4334193987475,False
Test year,144.0,14.371537692949346,False
Test year,160.0,-28.926395509471945,False
Test year,66.0,-26.974250938935256,False
Test year,122.0,-73.44464495827356,False
Test year,-81.0,-62.58013895798109,False
Test year,-145.0,-214.05514308239117,False
Test year,69.0,-256.6703784154266,False
Test year,84.0,-62.09892315480346,False
Test year,-154.0,-85.2867108985156,False
Test year,-59.0,-170.69813441907036,False
Test year,-52.0,-77.18521426109362,False
Test year,84.0,-32.02157668900304,False
Test year,109.0,150.93106931127414,False
Test year,53.0,138.77568897292792,False
Test year,219.0,185.10767356760354,False
Test year,207.0,228.93619619216804,False
Test year,317.0,282.9657644682177,False
Test year,276.0,220.21340224043365,False
Test year,307.0,224.0640499242547,False
Test year,-13.0,-9.01557521406528,False
Test year,-126.0,-143.144902325636,False
Test year,-222.0,-208.65326560712913,False
Test year,-205.0,-225.69013306517746,False
Test year,-149.0,-245.7470084672458,False
Test year,-191.0,-245.86917138408654,False
Test year,-262.0,-219.20933749487006,False
Test year,-277.0,-275.7743063356382,False
Test year,-245.0,-235.11686058339558,False
Test year,-243.0,-262.378258780791,False
Test year,-304.0,-252.85210895688408,False
Test year,-335.0,-242.82468027524203,False
Test year,-219.0,-269.78248475483326,False
Test year,-198.0,-243.49583326209577,False
Test year,-278.0,-197.67932613164436,False
Test year,-269.0,-229.74467689308744,False
Test year,-203.0,-180.94769583856277,False
Test year,-206.0,-138.01576958853298,False
Test year,33.0,-90.75431847528705,False
Test year,68.0,26.287080680140065,False
Test year,-161.0,129.9559179550845,False
Test year,-56.0,-16.836115471248917,False
Test year,52.0,144.08283421899802,False
Test year,93.0,128.17243343314306,False
Test year,132.0,280.8664913069963,False
Test year,284.0,211.69352050345395,False
Test year,249.0,264.5479377016959,False
Test year,210.0,88.36627001895954,False
Test year,47.0,23.173120809704812,False
Test year,-111.0,-193.58885412903265,False
Test year,203.0,-162.0794629079976,False
Test year,-229.0,-11.002062404947452,False
Test year,-314.0,-216.61565261464966,False
Test year,-200.0,-266.49299034223924,False
Test year,202.0,-189.9852280908753,False
Test year,-160.0,104.22164958930634,False
Test year,112.0,-110.38166516457221,False
Test year,63.0,49.35375121966416,False
Test year,50.0,56.23190906450918,False
Test year,147.0,66.65776990108947,False
Test year,101.0,158.08312903419443,False
Test year,202.0,219.90582362092042,False
Test year,291.0,253.5177017687904,False
Test year,267.0,384.8931532945707,False
Test year,381.0,293.6476183408894,False
Test year,356.0,440.0735408802861,False
Test year,372.0,279.4769543190735,False
Test year,485.0,328.08772524511585,False
Test year,222.0,141.899456685747,False
Test year,-44.0,-12.842568665252685,False
Test year,-257.0,-158.98766651082823,False
Test year,-268.0,-220.0851185820881,False
Test year,-195.0,-259.3329389746874,False
Test year,-167.0,-254.63244354544682,False
Test year,-182.0,-196.27814789772242,False
Test year,-350.0,-224.7174310919326,False
Test year,-276.0,-230.8157938600644,False
Test year,-259.0,-266.1205124124715,False
Test year,-352.0,-242.5719477918559,False
Test year,-190.0,-229.04104385585532,False
Test year,-221.0,-194.56512666241713,False
Test year,-146.0,-193.2977529730419,False
Test year,-185.0,-151.80301847429973,False
Test year,-168.0,-164.97633700748776,False
Test year,116.0,-108.52053624770281,False
Test year,-201.0,31.41537205747028,False
Test year,-82.0,-53.21436183782214,False
Test year,-127.0,-10.056119437295848,False
Test year,-9.0,53.18187773150163,False
Test year,146.0,49.37709837248991,False
Test year,332.0,268.3043650275173,False
Test year,388.0,311.0878620545388,False
Test year,696.0,467.5535639263438,False
Test year,696.0,599.1690482320064,False
Test year,475.0,506.70661740301716,False
Test year,8.0,135.54906054169982,False
Test year,-306.0,-193.3750032714198,False
Test year,-462.0,-400.04463058783733,False
Test year,-361.0,-352.74303403562226,False
Test year,-247.0,-368.6984177848409,False
Test year,-352.0,-232.3119099200598,False
Test year,-160.0,-166.34057504637138,False
Test year,-85.0,-169.19984498888323,False
Test year,-121.0,-94.02447934248426,False
Test year,-32.0,-86.85404984805785,False
Test year,-145.0,-17.67153425911482,False
Test year,-53.0,-24.803730160349517,False
Test year,-131.0,64.06311412685412,False
Test year,-148.0,60.25639046298187,False
Test year,123.0,121.60824917358511,False
Test year,323.0,247.1932637872627,False
Test year,516.0,435.5978232290989,False
Test year,522.0,496.52112432078644,False
Test year,677.0,543.8818889571272,False
Test year,579.0,530.7126951166078,False
Test year,681.0,479.3456200198216,False
Test year,197.0,282.71153668834523,False
Test year,-21.0,-43.18553704865124,False
Test year,-241.0,-150.37792288797874,False
Test year,-115.0,-214.26417472747164,False
Test year,-161.0,-204.62114645676394,False
Test year,-210.0,-230.28436325507158,False
Test year,-317.0,-215.27137905692445,False
Test year,-302.0,-281.7222641408623,False
Test year,-266.0,-234.03166267385387,False
Test year,-272.0,-252.72383656272052,False
Test year,-237.0,-243.4814439230596,False
Test year,-274.0,-197.4042690769117,False
Test year,-202.0,-213.26816999690374,False
Test year,-175.0,-203.7272571403579,False
Test year,-169.0,-164.64584081367138,False
Test year,-195.0,-165.83031843710063,False
Test year,-266.0,-120.13632114401054,False
Test year,5.0,-135.38846258784548,False
Test year,-94.0,-0.03499342243407,False
Test year,-67.0,3.746118949914006,False
Test year,29.0,77.22740756514628,False
Test year,66.0,71.2786478085485,False
Test year,338.0,226.39576529371413,False
Test year,390.0,310.57699401019863,False
Test year,686.0,463.77337605569477,False
Test year,726.0,583.4092887946381,False
Test year,440.0,524.877078492816,False
Test year,-66.0,80.91517679464056,False
Test year,-448.0,-238.98561264278345,False
Test year,-704.0,-486.22239422719133,False
Test year,-527.0,-470.754513905723,False
Test year,-612.0,-501.99111527059836,False
Test year,-611.0,-425.8320475094878,False
Test year,-384.0,-405.13178648679246,False
Test year,-489.0,-265.0433709645022,False
Test year,-271.0,-203.0035911479754,False
Test year,-156.0,-113.0268510940063,False
Test year,-22.0,-7.396275831365529,False
Test year,36.0,105.84302557986098,False
Test year,164.0,162.7243117642392,False
Test year,282.0,263.2591001437887,False
Test year,373.0,389.36172744458,False
Test year,525.0,431.76798979652943,False
Test year,581.0,591.8662670052281,False
Test year,535.0,551.3685080720177,False
Test year,639.0,565.5343620603412,False
Test year,554.0,517.4916114186551,False
Test year,633.0,492.7440126788131,False
Test year,237.0,278.43260251882384,False
Test year,19.0,15.417288946469824,False
Test year,-126.0,-102.7908259377088,False
Test year,-130.0,-142.61018449017232,False
Test year,-146.0,-170.82595962777816,False
Test year,-177.0,-201.56049858157667,False
Test year,-254.0,-178.66203836053273,False
Test year,-321.0,-235.47864816019194,False
Test year,-201.0,-212.8093561878905,False
Test year,-248.0,-216.74520426518603,False
Test year,-223.0,-212.2652110401358,False
Test year,-197.0,-181.9142356525847,False
Test year,-155.0,-178.28690557162344,False
Test year,-138.0,-172.6029020183471,False
Test year,-158.0,-144.35902326851857,False
Test year,-113.0,-158.2802069338161,False
Test year,-195.0,-89.11530498238994,False
Test year,-159.0,-101.16229042246363,False
Test year,-48.0,-59.40799709848886,False
Test year,131.0,8.353098325035575,False
Test year,-47.0,171.1911244197607,False
Test year,68.0,41.531909847069045,False
Test year,358.0,219.49775302373854,False
Test year,393.0,320.240308523231,False
Test year,747.0,460.66640025786313,False
Test year,738.0,627.8017449379979,False
Test year,357.0,514.3360201554576,False
Test year,-118.0,-4.506613107197893,False
Test year,-551.0,-303.38858842117156,False
Test year,-823.0,-528.0816095818299,False
Test year,-763.0,-550.7451297343405,False
Test year,-671.0,-602.9983524559614,False
Test year,-503.0,-478.13140036143864,False
Test year,-308.0,-327.68232511560603,False
Test year,-310.0,-183.61339688315542,False
Test year,-212.0,-122.06151822551152,False
Test year,-180.0,-42.25829732633582,False
Test year,-72.0,-0.4239418336806011,False
Test year,57.0,100.79312813091946,False
Test year,145.0,183.3218552234763,False
Test year,241.0,257.79496038072716,False
Test year,381.0,383.3028721325559,False
Test year,526.0,439.96806967926216,False
Test year,673.0,596.9534445915097,False
Test year,708.0,617.5752323174938,False
Test year,777.0,679.2298473782937,False
Test year,655.0,608.424086519683,False
Test year,737.0,550.5608697731618,False
Test year,286.0,335.0808992913548,False
Test year,67.0,11.62124177516722,False
Test year,-52.0,-108.60207404916827,False
Test year,-94.0,-140.39894974877893,False
Test year,-132.0,-181.40735277890263,False
Test year,-208.0,-223.96284370464855,False
Test year,-298.0,-218.49244281738578,False
Test year,-361.0,-282.162975329222,False
Test year,-269.0,-257.67984749306623,False
Test year,-271.0,-269.6504086310367,False
Test year,-288.0,-248.08659378624037,False
Test year,-189.0,-219.78330193504212,False
Test year,-171.0,-194.1513282443987,False
Test year,-150.0,-185.582020609423,False
Test year,-186.0,-157.87660118601804,False
Test year,-191.0,-176.10197314586708,False
Test year,-185.0,-127.09119313941363,False
Test year,-138.0,-109.37287084216968,False
Test year,-24.0,-52.19945993044996,False
Test year,104.0,18.116643890117018,False
Test year,141.0,154.09425985707847,False
Test year,-12.0,126.07447831805501,False
Test year,272.0,182.6200053648289,False
Test year,323.0,252.64692601189574,False
Test year,752.0,408.72144165870657,False
Test year,715.0,628.367473751342,False
Test year,551.0,492.87458217741226,False
Test year,205.0,176.53357465594598,False
Test year,-133.0,-90.53494283144892,False
Test year,-523.0,-335.8492464172034,False
Test year,-365.0,-369.82638768902416,False
Test year,-683.0,-432.83186182275665,False
Test year,-492.0,-453.0938135110399,False
Test year,-341.0,-392.29470982604767,False
Test year,-246.0,-286.1477366682282,False
Test year,41.0,-134.32208366471065,False
Test year,29.0,48.90199550355396,False
Test year,76.0,29.702419716099143,False
Test year,110.0,96.52705323813183,False
Test year,-13.0,130.54215639842388,False
Test year,124.0,85.0570021318606,False
Test year,164.0,250.41851915175744,False
Test year,156.0,253.48626583871072,False
Test year,422.0,319.73682068690067,False
Test year,592.0,421.31621895986075,False
Test year,679.0,588.8385650209533,False
Test year,447.0,500.48815192717007,False
Test year,568.0,343.7997854787365,False
Test year,153.0,177.0434066614451,False
Test year,-82.0,-81.84741926837765,False
Test year,-172.0,-193.83061057707135,False
Test year,-120.0,-210.2471885234254,False
Test year,-158.0,-214.9711105121263,False
Test year,-246.0,-247.5461951439289,False
Test year,-331.0,-245.86588014240846,False
Test year,-334.0,-309.16079728435665,False
Test year,-320.0,-264.3424673664789,False
Test year,-282.0,-292.43055309875865,False
Test year,-332.0,-269.4181682940057,False
Test year,-268.0,-246.70124066180125,False
Test year,-187.0,-238.48895729779255,False
Test year,-170.0,-208.66706350186342,False
Test year,-179.0,-172.34697203692303,False
Test year,-232.0,-180.21808773464,False
Test year,-181.0,-145.21610210627045,False
Test year,-173.0,-116.52856756839736,False
Test year,-54.0,-67.89403039179587,False
Test year,-32.0,-0.6378764011859914,False
Test year,193.0,87.592603946162,False
Test year,25.0,150.191880018346,False
Test year,287.0,199.0042814424761,False
Test year,345.0,263.6316808884142,False
Test year,658.0,422.9906607618117,False
Test year,722.0,552.2684187920142,False
Test year,533.0,528.1772947266983,False
Test year,110.0,193.60914542316476,False
Test year,-198.0,-141.9437298544566,False
Test year,-449.0,-348.58994023729974,False
Test year,-446.0,-344.3899976789527,False
Test year,-598.0,-432.43086719629633,False
Test year,-462.0,-448.5629145114369,False
Test year,-473.0,-367.72882613133964,False
Test year,112.0,-344.97805990751124,False
Test year,-99.0,48.39519131528783,False
Test year,-26.0,-8.455016272956868,False
Test year,-77.0,-23.044363362321178,False
Test year,39.0,13.861902875192243,False
Test year,118.0,89.47897829184788,False
Test year,171.0,169.97716035846884,False
Test year,210.0,274.15147817174386,False
Test year,284.0,277.7030741249585,False
Test year,466.0,393.89217300067816,False
Test year,515.0,450.1369935230904,False
Test year,613.0,530.8588398297068,False
Test year,456.0,459.2571664942007,False
Test year,478.0,363.9113634974011,False
Test year,71.0,117.15248574848084,False
Test year,-69.0,-100.94384744691081,False
Test year,-193.0,-173.95972619662967,False
Test year,-153.0,-201.86339588256692,False
Test year,-131.0,-214.2696538401666,False
Test year,-195.0,-225.29103029539556,False
Test year,-239.0,-211.1276686796873,False
Test year,-277.0,-259.7407604087843,False
Test year,-206.0,-223.0361756628506,False
Test year,-242.0,-239.6584580045385,False
Test year,-296.0,-238.66152998360263,False
Test year,-213.0,-242.6276629820576,False
Test year,-229.0,-228.3201800939544,False
Test year,-185.0,-232.74699126305825,False
Test year,-250.0,-199.40278003803618,False
Test year,-231.0,-222.95302055519556,False
Test year,-217.0,-167.78971647275904,False
Test year,-229.0,-142.6171224356932,False
Test year,-14.0,-105.4905201060892,False
Test year,-132.0,-2.1681432288502833,False
Test year,-12.0,39.41742325640314,False
Test year,11.0,29.48585824760525,False
Test year,101.0,182.19468383026577,False
Test year,93.0,151.36268298002773,False
Test year,327.0,275.05357493941153,False
Test year,364.0,321.34717513474106,False
Test year,339.0,293.7521386963095,False
Test year,94.0,109.54491175425227,False
Test year,-104.0,-88.64391955447928,False
Test year,-223.0,-311.7707445352992,False
Test year,-119.0,-186.8261643730878,False
Test year,-319.0,-218.8191348168526,False
Test year,-302.0,-223.0120225082095,False
Test year,-148.0,-235.90254690442632,False
Test year,25.0,-172.5528420590756,False
Test year,-161.0,-6.843667369781855,False
Test year,-227.0,-116.46500874580221,False
Test year,-280.0,-163.3813580431853,False
Test year,87.0,-73.61787033091639,False
Test year,110.0,128.71695238586767,False
Test year,159.0,176.49792947647757,False
Test year,198.0,278.06827310206586,False
Test year,206.0,276.6000680818749,False
Test year,489.0,355.4422676868299,False
Test year,542.0,477.08239067802464,False
Test year,688.0,560.3764547973371,False
Test year,482.0,533.9860041711296,False
Test year,520.0,377.01400851120496,False
Test year,169.0,180.1968642582583,False
Test year,-63.0,-41.754736954963334,False
Test year,-163.0,-158.6640382456212,False
Test year,-112.0,-179.94158001284939,False
Test year,-161.0,-186.3640333332965,False
Test year,-113.0,-223.80688855231045,False
Test year,-241.0,-175.43830731875153,False
Test year,-209.0,-244.47543314774634,False
Test year,-141.0,-193.20692770306465,False
Test year,-240.0,-202.22714132156364,False
Test year,-273.0,-229.25946416735758,False
Test year,-270.0,-223.05006432387358,False
Test year,-219.0,-234.83309131794206,False
Test year,-231.0,-227.08524898714546,False
Test year,-182.0,-204.99284714884823,False
Test year,-271.0,-194.43955226594284,False
Test year,-183.0,-165.39665156230848,False
Test year,-121.0,-128.8731695174166,False
Test year,-108.0,-54.00087861430717,False
Test year,-7.0,-23.536818113105767,False
Test year,26.0,88.85335670467597,False
Test year,15.0,60.545177272979714,False
Test year,23.0,189.83865849633193,False
Test year,156.0,118.68619037031107,False
Test year,189.0,313.4867933142139,False
Test year,276.0,242.60638934565543,False
Test year,174.0,232.76779905964145,False
Test year,14.0,-12.568492880263136,False
Test year,-88.0,-144.0731612661932,False
Test year,-183.0,-268.71350953706155,False
Test year,-458.0,-174.3950096705209,False
Test year,125.0,-319.2126833540983,False
Test year,-12.0,-59.794388378785015,False
Test year,-45.0,3.421674128851919,False
Test year,-85.0,-82.02545724721978,False
Test year,-104.0,-111.61461273768535,False
Test year,155.0,-28.60613352609562,False
Test year,-262.0,56.051210524436186,False
Test year,-282.0,-71.73593011051327,False
Test year,264.0,-80.44788628518899,False
Test year,102.0,261.54005500323876,False
Test year,234.0,241.91366933435935,False
Test year,404.0,310.9445543545381,False
Test year,524.0,485.8173563991818,False
Test year,549.0,494.17283351504,False
Test year,619.0,553.2523715334373,False
Test year,523.0,462.33869415429706,False
Test year,610.0,425.0383392066578,False
Test year,269.0,221.38338584101007,False
Test year,-51.0,-10.580087921989275,False
Test year,-133.0,-178.24034875461552,False
Test year,-179.0,-191.76756965110127,False
Test year,-148.0,-230.90102788724795,False
Test year,-236.0,-247.12695414588086,False
Test year,-316.0,-237.61582719577729,False
Test year,-383.0,-299.05918526117574,False
Test year,-324.0,-274.58488648825437,False
Test year,-318.0,-298.94008586912054,False
Test year,-280.0,-278.65573479128614,False
Test year,-230.0,-218.85231764219856,False
Test year,-142.0,-202.0471264894581,False
Test year,-185.0,-174.17500971780555,False
Test year,-167.0,-162.15243005109528,False
Test year,-219.0,-167.483043802446,False
Test year,-122.0,-129.67866437333305,False
Test year,-168.0,-83.9736927714763,False
Test year,-42.0,-53.08173252329311,False
Test year,-92.0,11.28053699177471,False
Test year,49.0,70.44598846627412,False
Test year,122.0,78.21182740792632,False
Test year,344.0,255.6946517548305,False
Test year,419.0,316.64526545132196,False
Test year,818.0,485.75973171198973,False
Test year,806.0,691.6062934263376,False
Test year,557.0,556.9313833356035,False
Test year,8.0,135.6951180676033,False
Test year,-418.0,-243.15281878440294,False
Test year,-600.0,-467.44525851262006,False
Test year,-544.0,-427.9372708188726,False
Test year,-511.0,-474.2212338040236,False
Test year,-155.0,-338.1338659144909,False
Test year,-330.0,-149.77659064571424,False
Test year,-135.0,-202.58772929231822,False
Test year,-119.0,-77.19759095333293,False
Test year,-52.0,-28.554244357588857,False
Test year,-82.0,-26.883047963584772,False
Test year,36.0,39.27649957947085,False
Test year,68.0,117.79068193802732,False
Test year,186.0,167.87994112759918,False
Test year,240.0,308.5846540780111,False
Test year,176.0,315.68091940913376,False
Test year,479.0,340.9067204578078,False
Test year,623.0,464.67203492645604,False
Test year,690.0,608.7515713679243,False
Test year,640.0,511.8487234291863,False
Test year,760.0,508.4737443867327,False
Test year,298.0,328.1452054522544,False
Test year,7.0,-16.571957525567683,False
Test year,-140.0,-167.8772277738584,False
Test year,-191.0,-206.0007951072198,False
Test year,-170.0,-251.5687837715613,False
Test year,-304.0,-271.917442102595,False
Test year,-360.0,-278.42730209795394,False
Test year,-364.0,-337.14302529997326,False
Test year,-356.0,-287.06558930158275,False
Test year,-346.0,-315.8675147813503,False
Test year,-303.0,-301.6131020059622,False
Test year,-285.0,-247.2238025096426,False
Test year,-170.0,-238.48249956572403,False
Test year,-188.0,-204.03041172294502,False
Test year,-104.0,-175.68583266937463,False
Test year,-204.0,-152.74510624350296,False
Test year,-238.0,-126.84488362586416,False
Test year,-137.0,-134.06779915753975,False
Test year,9.0,-61.16578022311995,False
Test year,-88.0,30.44781378115647,False
Test year,181.0,68.74033951591969,False
Test year,73.0,140.62730905153558,False
Test year,340.0,222.4504079274367,False
Test year,386.0,298.89546639106027,False
Test year,814.0,445.3625494304873,False
Test year,822.0,668.1958752171423,False
Test year,383.0,540.9202293873357,False
Test year,-166.0,-34.64200285242691,False
Test year,-591.0,-345.1829957382832,False
Test year,-877.0,-576.5927801553061,False
Test year,-674.0,-576.5064160529,False
Test year,-704.0,-601.527955552516,False
Test year,-520.0,-456.80156007087135,False
Test year,-398.0,-343.3474566609563,False
Test year,-345.0,-212.00025127072783,False
Test year,-205.0,-115.45236497345024,False
Test year,-68.0,-32.13294333012948,False
Test year,26.0,49.14978508749661,False
Test year,106.0,152.60278286022026,False
Test year,43.0,202.22609292835787,False
Test year,122.0,192.4881187579412,False
Test year,308.0,308.3347957767317,False
Test year,355.0,392.60270266198563,False
Test year,595.0,474.9262700990914,False
Test year,710.0,559.7599982194398,False
Test year,869.0,686.9901120344634,False
Test year,751.0,673.6042153783667,False
Test year,839.0,618.1178474101878,False
Test year,421.0,415.90492951667915,False
Test year,85.0,85.82167599454166,False
Test year,-135.0,-113.1502865342753,False
Test year,-96.0,-181.23133751906232,False
Test year,-160.0,-198.068054650759,False
Test year,-234.0,-244.00707329429542,False
Test year,-325.0,-241.38626129560544,False
Test year,-431.0,-306.4347956436728,False
Test year,-305.0,-296.67384529574656,False
Test year,-298.0,-306.1469922902718,False
Test year,-296.0,-271.9674334890036,False
Test year,-249.0,-238.85699132364317,False
Test year,-183.0,-228.2081958821021,False
Test year,-142.0,-207.7367869662786,False
Test year,-197.0,-165.07895546234812,False
Test year,-200.0,-188.1863156800457,False
Test year,-189.0,-139.8519192469579,False
Test year,-124.0,-119.34758245943084,False
Test year,-92.0,-54.39495735728582,False
Test year,54.0,-15.470479268060217,False
Test year,119.0,119.40813637637208,False
Test year,169.0,107.70475112643194,False
Test year,288.0,266.371984283812,False
Test year,359.0,258.5801943163816,False
Test year,703.0,422.09348818061994,False
Test year,772.0,575.1383540383462,False
Test year,349.0,515.9159042244146,False
Test year,-129.0,-42.83639746484272,False
Test year,-514.0,-301.5855522248224,False
Test year,-734.0,-525.8533945029055,False
Test year,-650.0,-512.9118231611626,False
Test year,-556.0,-539.8751370730572,False
Test year,-473.0,-392.35705816734867,False
Test year,-394.0,-284.875580729638,False
Test year,-399.0,-245.5397596197995,False
Test year,-163.0,-165.1045534730141,False
Test year,46.0,-34.462667918560044,False
Test year,131.0,99.16195043744233,False
Test year,235.0,175.7936395715077,False
Test year,167.0,248.90039065449676,False
Test year,212.0,227.60939796775762,False
Test year,285.0,329.15828155751893,False
Test year,409.0,351.0421616460128,False
Test year,618.0,494.1590566038387,False
Test year,582.0,575.1886815957632,False
Test year,614.0,586.0834984668567,False
Test year,519.0,462.11937343057633,False
Test year,607.0,421.342434589758,False
Test year,178.0,221.96377742948766,False
Test year,-18.0,-54.00491463577353,False
Test year,-118.0,-151.6644485119096,False
Test year,-170.0,-173.11678129038495,False
Test year,-150.0,-216.13453650526918,False
Test year,-232.0,-237.82850215327926,False
Test year,-308.0,-228.94377378208844,False
Test year,-311.0,-289.7964382530088,False
Test year,-314.0,-245.06571849639545,False
Test year,-314.0,-280.50602090936394,False
Test year,-270.0,-274.477024759666,False
Test year,-206.0,-223.79332019247,False
Test year,-195.0,-200.93610868625262,False
Test year,-199.0,-199.8663047391073,False
Test year,-173.0,-181.63303776499959,False
Test year,-215.0,-178.8066200110777,False
Test year,-213.0,-135.91162728874758,False
Test year,-108.0,-124.25247567681612,False
Test year,69.0,-45.30238690594945,False
Test year,23.0,61.886843788969415,False
Test year,43.0,116.38116087239263,False
Test year,28.0,72.14048306698555,False
Test year,273.0,197.49338894422408,False
Test year,373.0,255.09897619327134,False
Test year,704.0,443.1256640943075,False
Test year,708.0,587.6849834044667,False
Test year,466.0,486.7734445885876,False
Test year,15.0,87.50437996101743,False
Test year,-359.0,-212.10084640214836,False
Test year,-500.0,-413.60468560285767,False
Test year,-263.0,-361.26885440709464,False
Test year,-354.0,-315.7422815898678,False
Test year,-169.0,-295.5625704888828,False
Test year,-86.0,-161.94989411553917,False
Test year,-12.0,-94.64470543299933,False
Test year,27.0,14.699057634268797,False
Test year,-3.0,-16.325064165608637,False
Test year,-223.0,-37.260336515621646,False
Test year,-267.0,-98.68766038770559,False
Test year,178.0,-43.90930775645302,False
Test year,445.0,164.80427658192696,False
Test year,142.0,440.4146343219576,False
Test year,185.0,207.81772505169943,False
Test year,425.0,319.4097853974479,False
Test year,404.0,399.99161114430893,False
Test year,469.0,427.81077403926,False
Test year,433.0,329.65918428828286,False
Test year,712.0,349.0952542366368,False
Test year,305.0,304.9962990192862,False
Test year,-39.0,-16.569645154993367,False
Test year,-203.0,-191.63852076414145,False
Test year,-164.0,-233.98680235163212,False
Test year,-209.0,-250.2193312280128,False
Test year,-202.0,-284.1079404981553,False
Test year,-352.0,-249.11438071802888,False
Test year,-438.0,-323.6461878180162,False
Test year,-296.0,-314.72491484305044,False
Test year,-375.0,-314.2679432233351,False
Test year,-276.0,-305.2308408703493,False
Test year,-305.0,-250.15746905558566,False
Test year,-214.0,-248.09439741814458,False
Test year,-191.0,-229.8655786114237,False
Test year,-227.0,-187.5293037152021,False
Test year,-250.0,-203.34407587588913,False
Test year,-209.0,-159.5986024157467,False
Test year,-101.0,-130.28352328290737,False
Test year,-83.0,-44.3000837730811,False
Test year,-24.0,-6.720406367122678,False
Test year,148.0,87.70020940518276,False
Test year,139.0,124.4449727912069,False
Test year,281.0,254.98906991301246,False
Test year,320.0,259.79133516151376,False
Test year,713.0,402.71468705066275,False
Test year,677.0,590.7702529064616,False
Test year,302.0,439.0977116221243,False
Test year,-103.0,-47.944504513559366,False
Test year,-583.0,-287.52292779319566,False
Test year,-760.0,-549.0471138513784,False
Test year,-294.0,-509.5972592396756,False
Test year,-447.0,-351.5908227812178,False
Test year,-748.0,-302.7461787485339,False
Test year,-472.0,-473.9753638904331,False
Test year,-126.0,-344.1382258858023,False
Test year,-230.0,9.176039359043187,False
Test year,-84.0,-70.50245953294876,False
Test year,-12.0,15.72478149159599,False
Test year,148.0,101.83893148958907,False
Test year,36.0,222.5335495979622,False
Test year,-24.0,176.46306245638362,False
Test year,354.0,214.83756925408395,False
Test year,435.0,404.2774015834465,False
Test year,502.0,527.3978989740817,False
Test year,635.0,489.7296225110829,False
Test year,648.0,629.6777934146237,False
Test year,544.0,507.24539912997335,False
Test year,615.0,479.2310423665331,False
Test year,196.0,272.3364645382777,False
Test year,-19.0,-10.734189598452645,False
Test year,-77.0,-116.52919080025052,False
Test year,-155.0,-123.81232458945505,False
Test year,-85.0,-175.85578252859358,False
Test year,-141.0,-182.66200478709413,False
Test year,-186.0,-163.89848207098373,False
Test year,-227.0,-214.3648347271249,False
Test year,-159.0,-181.7498986964278,False
Test year,-214.0,-201.09292270647398,False
Test year,-248.0,-211.63722041621958,False
Test year,-227.0,-212.4623574262114,False
Test year,-200.0,-218.24236953011064,False
Test year,-213.0,-217.28143729500104,False
Test year,-220.0,-199.76386817077918,False
Test year,-321.0,-209.86895040725386,False
Test year,-393.0,-190.89918331066866,False
Test year,217.0,-214.78709700434553,False
Test year,-185.0,74.46425278054309,False
Test year,-101.0,-42.77651336746993,False
Test year,105.0,38.94291476443823,False
Test year,-35.0,90.49124077417113,False
Test year,114.0,166.83281397577116,False
Test year,123.0,156.6569558309904,False
Test year,341.0,292.08604255260855,False
Test year,355.0,329.76297397376334,False
Test year,191.0,263.7109518175587,False
Test year,-30.0,-55.7558333181035,False
Test year,-289.0,-198.17949516482105,False
Test year,-542.0,-399.2996549366684,False
Test year,-471.0,-393.17939802033936,False
Test year,-393.0,-396.6263888906471,False
Test year,-492.0,-263.08392989887443,False
Test year,-189.0,-219.2249859179087,False
Test year,197.0,-133.115484506214,False
Test year,120.0,199.739352392007,False
Test year,24.0,80.21748152028101,False
Test year,68.0,72.26267145486958,False
Test year,2.0,76.42687441590965,False
Test year,-38.0,92.51016186894054,False
Test year,-17.0,125.66375287972068,False
Test year,289.0,203.63115680685618,False
Test year,246.0,362.23560720523284,False
Test year,532.0,401.5805456092995,False
Test year,641.0,520.5525507898697,False
Test year,674.0,627.5488395552336,False
Test year,592.0,519.1341664121306,False
Test year,660.0,506.7227370880835,False
Test year,283.0,294.4253405362743,False
Test year,13.0,18.191378067353014,False
Test year,-8.0,-125.27990719177302,False
Test year,-88.0,-115.45372601386882,False
Test year,-77.0,-169.00838555213,False
Test year,-111.0,-196.0304181041862,False
Test year,-182.0,-174.2522292916001,False
Test year,-207.0,-230.68609152811894,False
Test year,-235.0,-192.91917439445706,False
Test year,-210.0,-243.48537156764536,False
Test year,-239.0,-234.81788076567648,False
Test year,-231.0,-211.37171855361038,False
Test year,-246.0,-220.86015460468138,False
Test year,-193.0,-236.46374316477022,False
Test year,-193.0,-199.55581592142522,False
Test year,-262.0,-198.02428596186132,False
Test year,-124.0,-166.8369629855698,False
Test year,-133.0,-107.17362376722639,False
Test year,-87.0,-56.97699091134632,False
Test year,-46.0,-20.098989190881866,False
Test year,128.0,70.0788042754225,False
Test year,-8.0,104.56041848545888,False
Test year,106.0,176.8939857821535,False
Test year,67.0,152.01061369538562,False
Test year,313.0,261.75200552220065,False
Test year,366.0,306.2519111535147,False
Test year,108.0,240.62094926764644,False
Test year,-61.0,-153.32115747693956,False
Test year,-266.0,-231.5744284557788,False
Test year,-546.0,-405.5113876572843,False
Test year,-413.0,-365.19309785623636,False
Test year,-710.0,-385.41837635083635,False
Test year,-460.0,-377.221017129172,False
Test year,-432.0,-315.0913126564586,False
Test year,-267.0,-225.90807172630738,False
Test year,-247.0,-122.94196302657093,False
Test year,-98.0,-47.22413021833728,False
Test year,-4.0,35.315321718295195,False
Test year,70.0,134.04463941408926,False
Test year,182.0,182.7808118501559,False
Test year,300.0,273.35151555156335,False
Test year,473.0,407.9951858720062,False
Test year,597.0,501.89432643218936,False
Test year,808.0,637.0369089370356,False
Test year,899.0,722.8349594331368,False
Test year,834.0,814.5473625022037,False
Test year,705.0,616.6697998507943,False
Test year,763.0,565.7428322129558,False
Test year,369.0,342.4788558567062,False
Test year,63.0,37.12307824301763,False
Test year,-107.0,-137.73298584670022,False
Test year,-113.0,-185.3435050989608,False
Test year,-158.0,-214.53187175563727,False
Test year,-233.0,-255.67739243834848,False
Test year,-300.0,-249.4707542026478,False
Test year,-381.0,-304.86156000798223,False
Test year,-329.0,-283.02083099699723,False
Test year,-294.0,-311.9001855472832,False
Test year,-283.0,-282.3359114727458,False
Test year,-227.0,-226.80095636179777,False
Test year,-213.0,-212.10525489574354,False
Test year,-145.0,-209.9291122809407,False
Test year,-167.0,-164.07523776093922,False
Test year,-183.0,-171.23805305174153,False
Test year,-73.0,-124.28710869155782,False
Test year,-107.0,-68.63258087359091,False
Test year,-82.0,-34.33573586276856,False
Test year,26.0,-8.240376961542268,False
Test year,213.0,108.53389667588633,False
Test year,115.0,161.19167021409248,False
Test year,289.0,238.06740203108743,False
Test year,411.0,260.7308737608223,False
Test year,768.0,460.69075995469484,False
Test year,845.0,621.4198124399089,False
Test year,403.0,536.6021515736114,False
Test year,-86.0,-67.26156193932161,False
Test year,-571.0,-330.57653342042903,False
Test year,-800.0,-558.3197960146048,False
Test year,-638.0,-539.5815703721169,False
Test year,-691.0,-552.5249607881168,False
Test year,-184.0,-426.3291237463626,False
Test year,-172.0,-150.9827491803044,False
Test year,-107.0,-32.25291744241588,False
Test year,230.0,-7.407588968027824,False
Test year,93.0,185.44671104558117,False
Test year,410.0,94.9954711901753,False
Test year,472.0,321.4131379517002,False
Test year,261.0,346.5323570175957,False
Test year,315.0,215.22097096741794,False
Test year,311.0,331.8877870782387,False
Test year,228.0,300.03751910953497,False
Test year,470.0,310.2662019633804,False
Test year,499.0,399.2152486955019,False
Test year,536.0,454.3744206218661,False
Test year,599.0,330.3558434970453,False
Test year,685.0,420.9552681565672,False
Test year,200.0,219.07050966246226,False
Test year,-118.0,-123.97483495117487,False
Test year,-265.0,-263.5211412919656,False
Test year,-188.0,-303.0209000365537,False
Test year,-319.0,-306.91214897780327,False
Test year,-366.0,-363.5074291031722,False
Test year,-478.0,-357.0948050672008,False
Test year,-520.0,-419.58958605187104,False
Test year,-445.0,-390.183911680925,False
Test year,-388.0,-401.07640571245724,False
Test year,-344.0,-351.61514506223557,False
Test year,-228.0,-284.6602574789931,False
Test year,-281.0,-239.4607462202727,False
Test year,-173.0,-248.8645867213428,False
Test year,-224.0,-196.87725396361418,False
Test year,-204.0,-205.60254969265463,False
Test year,-104.0,-147.84851385959183,False
Test year,-83.0,-91.09125001222472,False
Test year,-135.0,-34.31040328358978,False
Test year,-68.0,-33.375583420749706,False
Test year,144.0,58.09532750592268,False
Test year,84.0,112.12683820419964,False
Test year,257.0,218.71824625552205,False
Test year,426.0,236.64803798597492,False
Test year,776.0,468.551069582055,False
Test year,788.0,625.908566186192,False
Test year,430.0,504.5861762388513,False
Test year,-94.0,16.625265146212485,False
Test year,-361.0,-264.91070535111413,False
Test year,-449.0,-426.2874768420201,False
Test year,-500.0,-368.0007751337761,False
Test year,-650.0,-443.47515201761644,False
Test year,-395.0,-505.85342172734784,False
Test year,-324.0,-284.5849989812524,False
Test year,-82.0,-193.13661955892866,False
Test year,33.0,-47.690005599633366,False
Test year,-134.0,29.17013155619918,False
Test year,11.0,-65.67160459915044,False
Test year,125.0,77.9937247480313,False
Test year,-20.0,130.71885908382745,False
Test year,168.0,86.17012644224155,False
Test year,197.0,273.8994189031796,False
Test year,392.0,268.39035181978113,False
Test year,510.0,460.9937134858094,False
Test year,466.0,473.1097513201202,False
Test year,681.0,484.40937092525706,False
Test year,568.0,508.91129894342043,False
Test year,670.0,448.2599848548987,False
Test year,249.0,276.9263632615469,False
Test year,3.0,-23.89010074362099,False
Test year,-217.0,-152.09927802864206,False
Test year,-172.0,-220.82924817780355,False
Test year,-235.0,-240.85353026870862,False
Test year,-303.0,-283.79350845735013,False
Test year,-360.0,-279.6423024753341,False
Test year,-448.0,-333.9464641549032,False
Test year,-369.0,-314.3067555686885,False
Test year,-317.0,-337.16769516421635,False
Test year,-285.0,-294.5245259038636,False
Test year,-290.0,-242.10160305283136,False
Test year,-117.0,-244.7589216159206,False
Test year,-223.0,-193.11293473212902,False
Test year,-213.0,-192.20509721022188,False
Test year,-198.0,-206.42115642549547,False
Test year,-202.0,-143.0717104783575,False
Test year,-140.0,-126.28066537960802,False
Test year,-126.0,-64.57752077135365,False
Test year,-19.0,-31.632020602462518,False
Test year,47.0,82.86324065229226,False
Test year,46.0,69.7983940000685,False
Test year,348.0,204.21648257002553,False
Test year,383.0,302.88762184197617,False
Test year,718.0,444.0372330793289,False
Test year,695.0,591.6501952931753,False
Test year,468.0,470.1971164225519,False
Test year,101.0,91.14965186759855,False
Test year,-97.0,-110.23749998397614,False
Test year,-356.0,-265.2693323484475,False
Test year,-265.0,-293.7883897748718,False
Test year,-205.0,-286.63870839886965,False
Test year,-49.0,-210.88378127399375,False
Test year,222.0,-146.44010982336823,False
Test year,-117.0,59.10177601130937,False
Test year,25.0,-194.7367763350038,False
Test year,76.0,-46.256846665455214,False
Test year,-116.0,-47.0609871304336,False
Test year,-22.0,-117.51226168843772,False
Test year,338.0,-14.190913012613123,False
Test year,134.0,232.82973012021557,False
Test year,142.0,170.3167823443177,False
Test year,153.0,156.8712346950079,False
Test year,324.0,237.98248409518933,False
Test year,282.0,283.459201414801,False
Test year,361.0,307.1317100243468,False
Test year,341.0,218.0492828344377,False
Test year,458.0,243.15504956390433,False
Test year,97.0,78.44645081422601,False
Test year,-101.0,-128.8024533853698,False
Test year,-250.0,-223.921767450012,False
Test year,-248.0,-263.3844561452713,False
Test year,-280.0,-293.6836641129545,False
Test year,-318.0,-325.3475732849674,False
Test year,-444.0,-303.3270086972695,False
Test year,-435.0,-371.7363157828894,False
Test year,-337.0,-330.911311968817,False
Test year,-309.0,-325.88309144704317,False
Test year,-346.0,-288.3011784630489,False
Test year,-249.0,-259.65085734770264,False
Test year,-230.0,-237.5338727313468,False
Test year,-91.0,-224.79385900197354,False
Test year,-275.0,-151.0900625144282,False
Test year,-249.0,-211.07010023038237,False
Test year,-166.0,-167.00757639504528,False
Test year,-180.0,-114.66128172581051,False
Test year,-50.0,-70.08449145908571,False
Test year,-10.0,-0.593569297697627,False
Test year,-39.0,97.02817059409412,False
Test year,72.0,36.680541369145885,False
Test year,290.0,218.43896577326078,False
Test year,347.0,270.8833508619103,False
Test year,645.0,428.08029308418713,False
Test year,659.0,542.203577131186,False
Test year,558.0,461.0309440787015,False
Test year,304.0,233.78613418006108,False
Test year,25.0,67.51366888784389,False
Test year,-212.0,-182.44071929201834,False
Test year,-89.0,-174.0102743674869,False
Test year,-11.0,-203.2211279899857,False
Test year,36.0,-121.84789658251407,False
Test year,-29.0,-116.87497159288137,False
Test year,67.0,-193.44584158735108,False
Test year,-279.0,-124.2590585149573,False
Test year,14.0,-244.1425689811632,False
Test year,58.0,-86.80411559444116,False
Test year,-137.0,-33.2432095867058,False
Test year,-116.0,-116.5170546225346,False
Test year,-45.0,-49.843027596469824,False
Test year,61.0,74.53767923433963,False
Test year,148.0,136.55846674147836,False
Test year,330.0,255.86091951725106,False
Test year,254.0,302.2960396164872,False
Test year,282.0,308.06518997221986,False
Test year,309.0,191.7770562822211,False
Test year,452.0,259.55514555834577,False
Test year,220.0,110.87957368567123,False
Test year,-76.0,-38.40897384010066,False
Test year,-200.0,-192.2942899469387,False
Test year,-252.0,-224.2874857860757,False
Test year,-185.0,-271.21366793690095,False
Test year,-321.0,-277.0324663060591,False
Test year,-318.0,-278.3032371934285,False
Test year,-445.0,-320.3015840777664,False
Test year,-304.0,-302.2406874291902,False
Test year,-342.0,-310.77328267268524,False
Test year,-290.0,-288.42824521184633,False
Test year,-156.0,-243.0529343018036,False
Test year,-301.0,-192.4453255068853,False
Test year,-150.0,-238.39027621815347,False
Test year,-237.0,-183.98664655314667,False
Test year,-217.0,-200.8387304753574,False
Test year,-185.0,-147.8782743464958,False
Test year,-201.0,-116.44974188400073,False
Test year,-77.0,-79.18204843166569,False
Test year,-18.0,-13.13677002084188,False
Test year,127.0,93.16211848126551,False
Test year,99.0,116.36940835696412,False
Test year,249.0,237.05814491558564,False
Test year,250.0,243.74797695265863,False
Test year,659.0,365.01095385731105,False
Test year,631.0,553.8583552217898,False
Test year,402.0,403.93560450227636,False
Test year,71.0,56.37054425579146,False
Test year,-207.0,-131.8188465831405,False
Test year,-459.0,-337.92563218430655,False
Test year,-444.0,-334.1826893741903,False
Test year,-341.0,-432.02601842478884,False
Test year,-157.0,-290.17332270749193,False
Test year,16.0,-118.25521493798578,False
Test year,36.0,-14.198389958612779,False
Test year,41.0,-2.2150853018473526,False
Test year,-161.0,-9.40358706056378,False
Test year,-210.0,-107.51056424429032,False
Test year,-96.0,-95.7531189785434,False
Test year,-179.0,-9.611957083446782,False
Test year,0.0,17.265512987878253,False
Test year,252.0,186.73898415364116,False
Test year,344.0,304.2443148637978,False
Test year,346.0,436.5337747817138,False
Test year,403.0,363.77567438688135,False
Test year,436.0,457.63869351536147,False
Test year,408.0,335.75631673739935,False
Test year,510.0,369.02231072370995,False
Test year,108.0,192.78815655689147,False
Test year,4.0,-67.05805205168312,False
Test year,-180.0,-118.24975805647327,False
Test year,-179.0,-170.68176935949037,False
Test year,-146.0,-202.22242055027664,False
Test year,-169.0,-213.65687519444083,False
Test year,-256.0,-183.92416641389883,False
Test year,-264.0,-244.2995714302793,False
Test year,-142.0,-203.77410131149026,False
Test year,-225.0,-198.18222663875122,False
Test year,-223.0,-211.54821751036934,False
Test year,-261.0,-202.70276332371458,False
Test year,-165.0,-224.97437333092057,False
Test year,-184.0,-207.04764173510011,False
Test year,-224.0,-183.30765653661564,False
Test year,-244.0,-206.76285093016588,False
Test year,-202.0,-163.29643968384028,False
Test year,-150.0,-134.03510057489473,False
Test year,-101.0,-69.53178546620825,False
Test year,61.0,-24.744222539863017,False
Test year,-4.0,119.07382357357409,False
Test year,-20.0,46.628844565203224,False
Test year,74.0,169.6367820251724,False
Test year,84.0,137.41353050947401,False
Test year,293.0,271.95978561363734,False
Test year,189.0,292.71638065675666,False
Test year,37.0,115.78078333686324,False
Test year,-268.0,-191.49389472594913,False
Test year,-384.0,-309.25491537589073,False
Test year,-555.0,-440.85917604820537,False
Test year,-494.0,-392.13294523961224,False
Test year,-533.0,-405.2428486368641,False
Test year,-342.0,-332.4339956109841,False
Test year,-392.0,-217.90298074459133,False
Test year,-23.0,-175.76462934447318,False
Test year,82.0,32.865694976883816,False
Test year,138.0,159.44497150354334,False
Test year,205.0,155.24088920762418,False
Test year,218.0,231.00306390461589,False
Test year,104.0,247.16176183053696,False
Test year,76.0,204.14800225660537,False
Test year,66.0,255.23363460526542,False
Test year,350.0,245.27354035468755,False
Test year,487.0,469.7980626247273,False
Test year,620.0,481.2930315990527,False
Test year,704.0,623.9724792268387,False
Test year,491.0,547.8016645835739,False
Test year,559.0,451.9978651823534,False
Test year,329.0,265.61179706133146,False
Test year,44.0,90.18525900831085,False
Test year,-85.0,-76.1845342500769,False
Test year,-130.0,-109.54895811957493,False
Test year,-90.0,-152.55079827474208,False
Test year,-99.0,-166.7101756854783,False
Test year,-97.0,-132.93781572901338,False
Test year,-198.0,-162.23536436288657,False
Test year,-109.0,-148.62102629893906,False
Test year,-159.0,-166.18533071481164,False
Test year,-211.0,-176.09523875981705,False
Test year,-201.0,-172.96696377917027,False
Test year,-181.0,-186.26151768044247,False
Test year,-131.0,-191.33067901466984,False
Test year,-202.0,-153.00501373003942,False
Test year,-222.0,-182.48225995877732,False
Test year,-199.0,-143.52968469093634,False
Test year,-92.0,-122.39957794664161,False
Test year,-118.0,-40.25672997535864,False
Test year,5.0,-20.791197600630596,False
Test year,76.0,96.43104908431582,False
Test year,8.0,88.29071957957751,False
Test year,20.0,191.16192885951034,False
Test year,149.0,119.9187408858692,False
Test year,166.0,312.88448898619504,False
Test year,155.0,222.56505014120785,False
Test year,-59.0,92.31093421921986,False
Test year,-244.0,-224.14417297967327,False
Test year,-422.0,-293.02145051697784,False
Test year,-522.0,-448.0778530324352,False
Test year,-452.0,-347.11663838856316,False
Test year,-469.0,-369.1590011333386,False
Test year,-192.0,-280.2133722700171,False
Test year,-324.0,-127.70971292928124,False
Test year,26.0,-136.8688437383251,False
Test year,-161.0,73.01111980261089,False
Test year,-255.0,-40.0929182921235,False
Test year,186.0,-88.07237163074456,False
Test year,479.0,227.56200120287767,False
Test year,437.0,418.7725056545613,False
Test year,450.0,399.18781944681325,False
Test year,382.0,489.9326374810889,False
Test year,470.0,415.6729215203515,False
Test year,535.0,545.4392124131136,False
Test year,576.0,529.2204157877635,False
Test year,600.0,601.7724738039376,False
Test year,439.0,473.91481450783203,False
Test year,524.0,399.93857427519106,False
Test year,294.0,215.22353538433637,False
Test year,-24.0,48.382319651517065,False
Test year,-134.0,-125.7649723885273,False
Test year,-126.0,-148.39659094362037,False
Test year,-137.0,-170.04581026743426,False
Test year,-198.0,-197.25093372005068,False
Test year,-241.0,-184.1917054237705,False
Test year,-285.0,-231.32927089524333,False
Test year,-225.0,-196.74732683341074,False
Test year,-222.0,-218.78013531699406,False
Test year,-227.0,-206.0920746888387,False
Test year,-159.0,-166.0356479644954,False
Test year,-179.0,-152.02968245069064,False
Test year,-147.0,-165.6322489218598,False
Test year,-186.0,-139.6261995900113,False
Test year,-151.0,-159.23676759343238,False
Test year,-117.0,-96.6431862247291,False
Test year,-131.0,-65.50944446005278,False
Test year,33.0,-31.656108757584718,False
Test year,-6.0,54.47363978272807,False
Test year,117.0,115.0601521757801,False
Test year,67.0,122.07867127594284,False
Test year,262.0,232.32458545614202,False
Test year,300.0,266.2179276255804,False
Test year,603.0,414.1085718636602,False
Test year,553.0,523.6466138282494,False
Test year,173.0,328.0866812084778,False
Test year,-124.0,-88.23215949296053,False
Test year,-343.0,-208.40828237491718,False
Test year,-527.0,-369.6220086313821,False
Test year,-388.0,-350.81325353048163,False
Test year,-658.0,-388.02116674342716,False
Test year,-361.0,-391.8383820262277,False
Test year,-635.0,-325.7832573510859,False
Test year,-340.0,-316.13570830077015,False
Test year,-185.0,-223.07265644664267,False
Test year,42.0,-11.71437293231952,False
Test year,109.0,127.30306292658508,False
Test year,227.0,180.6562033360404,False
Test year,193.0,273.1877021143207,False
Test year,391.0,276.43517630209806,False
Test year,280.0,469.0669517319384,False
Test year,280.0,367.3616903701649,False
Test year,405.0,422.58705321064156,False
Test year,403.0,446.79946202977345,False
Test year,586.0,479.22699744574265,False
Test year,468.0,472.53865770865985,False
Test year,598.0,439.246240038147,False
Test year,245.0,294.772013916883,False
Test year,-15.0,26.919856893016316,False
Test year,-155.0,-103.52908150452939,False
Test year,-180.0,-138.3231139377318,False
Test year,-179.0,-174.07943586122394,False
Test year,-181.0,-199.01616235414338,False
Test year,-204.0,-162.3617035511943,False
Test year,-284.0,-196.44593071842542,False
Test year,-100.0,-173.09479376613098,False
Test year,-223.0,-154.74440090417534,False
Test year,-185.0,-177.50342334449437,False
Test year,-186.0,-146.64830428581726,False
Test year,-111.0,-153.27360986604063,False
Test year,-144.0,-139.45275537049076,False
Test year,-184.0,-128.657442990069,False
Test year,-145.0,-155.83107702130582,False
Test year,-177.0,-92.1251754486346,False
Test year,49.0,-86.53013574261291,False
Test year,-196.0,40.70224588420092,False
Test year,-10.0,-27.953603597019935,False
Test year,4.0,96.65497453517827,False
Test year,118.0,69.06615671323857,False
Test year,259.0,258.45526301386457,False
Test year,352.0,268.180048894429,False
Test year,583.0,451.0973208430931,False
Test year,434.0,504.7072754318785,False
Test year,-8.0,245.20656544045153,False
Test year,-372.0,-215.13768717938123,False
Test year,-532.0,-338.89268344389126,False
Test year,-565.0,-502.95451811265394,False
Test year,-517.0,-374.9477895051967,False
Test year,-485.0,-411.09781404305267,False
Test year,-218.0,-290.7267875669158,False
Test year,-404.0,-141.28053345171924,False
Test year,-337.0,-183.8822791187912,False
Test year,-214.0,-133.0675838394916,False
Test year,-9.0,-64.00426321154964,False
Test year,57.0,66.95983026929832,False
Test year,137.0,187.01550506939117,False
Test year,180.0,238.995225796662,False
Test year,216.0,286.81546262052365,False
Test year,405.0,375.69805525881054,False
Test year,345.0,466.29957186882524,False
Test year,610.0,481.20669560661725,False
Test year,630.0,594.6799829362619,False
Test year,593.0,627.4870443498553,False
Test year,476.0,471.8145773461176,False
Test year,457.0,457.5622177371775,False
Test year,165.0,195.8151116460146,False
Test year,25.0,7.4141864389166585,False
Test year,-203.0,-67.2188352797312,False
Test year,-161.0,-136.06386170774124,False
Test year,-110.0,-154.5395270464203,False
Test year,-174.0,-153.94179060293322,False
Test year,-186.0,-137.56311596885615,False
Test year,-303.0,-175.08608414549616,False
Test year,-51.0,-164.77443454248896,False
Test year,-141.0,-126.34881757344374,False
Test year,-171.0,-132.91875161175886,False
Test year,-102.0,-127.81877143292633,False
Test year,-183.0,-117.10817974158351,False
Test year,-128.0,-157.50232861259843,False
Test year,-142.0,-129.23408264263935,False
Test year,-218.0,-137.65963203907074,False
Test year,-83.0,-115.62215510780237,False
Test year,-155.0,-58.675121594787726,False
Test year,-13.0,-37.462978285818394,False
Test year,-91.0,32.11674559856337,False
Test year,57.0,78.446737245088,False
Test year,65.0,88.48036075461454,False
Test year,165.0,233.30517200627958,False
Test year,276.0,211.62764849609047,False
Test year,500.0,404.94299149964286,False
Test year,417.0,451.6777991586361,False
Test year,137.0,299.8863780146362,False
Test year,28.0,-65.75336285668584,False
Test year,-64.0,-52.28966224323659,False
Test year,-230.0,-194.35172854941231,False
Test year,-97.0,-111.4796333411199,False
Test year,-359.0,-159.86333962992788,False
Test year,-205.0,-303.38504052407023,False
Test year,-47.0,-184.69365231481072,False
Test year,-13.0,-65.9988673318336,False
Test year,83.0,33.78122095685717,False
Test year,155.0,36.68740089654062,False
Test year,27.0,70.05017102875684,False
Test year,-24.0,51.35557058084186,False
Test year,92.0,38.07724668378853,False
Test year,-156.0,120.01791392953237,False
Test year,-417.0,92.08297131840561,False
Test year,-27.0,-92.18938182246086,False
Test year,406.0,237.11826585884737,False
Test year,501.0,449.1152375271209,False
Test year,585.0,546.2912168792047,False
Test year,557.0,465.1207685592732,False
Test year,625.0,500.8597430152249,False
Test year,286.0,300.6991672887158,False
Test year,28.0,38.1478325756396,False
Test year,-132.0,-99.88186189314766,False
Test year,-160.0,-142.82861580010564,False
Test year,-134.0,-179.6301986050163,False
Test year,-156.0,-195.7136120207125,False
Test year,-229.0,-164.3701021716821,False
Test year,-291.0,-218.2552429057144,False
Test year,-173.0,-192.4484478903334,False
Test year,-243.0,-195.87224331365707,False
Test year,-243.0,-202.18248680851008,False
Test year,-187.0,-179.30601765462882,False
Test year,-138.0,-168.4637580473372,False
Test year,-41.0,-156.05178906217662,False
Test year,-242.0,-96.42451762361276,False
Test year,-231.0,-175.47411251630453,False
Test year,-172.0,-137.64743278440733,False
Test year,-116.0,-98.92081996349458,False
Test year,12.0,-32.36603355097827,False
Test year,-12.0,45.1175327922505,False
Test year,-20.0,110.74087162028565,False
Test year,88.0,55.56823353003546,False
Test year,270.0,238.79768222652774,False
Test year,329.0,272.19824934929835,False
Test year,628.0,432.5328913806198,False
Test year,479.0,529.4535824464579,False
Test year,-63.0,236.46149371699772,False
Test year,-409.0,-270.1709137405758,False
Test year,-602.0,-370.93610894017405,False
Test year,-663.0,-535.3609329450773,False
Test year,-495.0,-429.2486157369825,False
Test year,-652.0,-409.06697189708416,False
Test year,-349.0,-342.24946419004414,False
Test year,-257.0,-223.6999312733469,False
Test year,-139.0,-136.23670964913748,False
Test year,-210.0,-5.547538168424865,False
Test year,-68.0,-38.16940223615535,False
Test year,-75.0,73.01539736004807,False
Test year,19.0,106.60610474593449,False
Test year,187.0,176.2135210642699,False
Test year,196.0,296.1938715699166,False
Test year,448.0,374.2085878152098,False
Test year,541.0,497.2601362595607,False
Test year,675.0,622.8808640735194,False
Test year,733.0,634.4070921144198,False
Test year,758.0,695.9500875527845,False
Test year,692.0,577.942371975459,False
Test year,626.0,594.8689654963664,False
Test year,366.0,295.93899125381455,False
Test year,58.0,87.53919600707172,False
Test year,-131.0,-92.7006995620273,False
Test year,-113.0,-146.88706693120997,False
Test year,-137.0,-168.69797030055304,False
Test year,-141.0,-200.21766169769495,False
Test year,-291.0,-167.9240658824191,False
Test year,-322.0,-247.45897323126826,False
Test year,-164.0,-220.47261546109848,False
Test year,-228.0,-204.31490633953678,False
Test year,-246.0,-201.9736097468907,False
Test year,-226.0,-186.53029973038008,False
Test year,-126.0,-190.7666339577537,False
Test year,-177.0,-163.53614198564514,False
Test year,-178.0,-154.75209514499375,False
Test year,-191.0,-167.7744044521831,False
Test year,-57.0,-117.94771857744917,False
Test year,-21.0,-52.535311492366645,False
Test year,-209.0,11.407399623218481,False
Test year,-26.0,-43.33421221568287,False
Test year,-28.0,81.14154445046222,False
Test year,57.0,48.13046145022122,False
Test year,249.0,219.56637768168312,False
Test year,363.0,254.0555046985675,False
Test year,617.0,451.3996240449327,False
Test year,400.0,511.9987676506545,False
Test year,27.0,172.9920658878779,False
Test year,-368.0,-232.74915832457162,False
Test year,-542.0,-353.93383502426275,False
Test year,-630.0,-500.31170987007187,False
Test year,-544.0,-402.9235877870802,False
Test year,-542.0,-401.3609044707972,False
Test year,-267.0,-288.81282222671814,False
Test year,-249.0,-184.93921674118442,False
Test year,-357.0,-120.64912857328142,False
Test year,41.0,-91.05779406736048,False
Test year,103.0,84.09241457970495,False
Test year,107.0,169.79618462759325,False
Test year,-92.0,187.22652746165681,False
Test year,70.0,87.37553931393245,False
Test year,241.0,219.19684729200742,False
Test year,399.0,385.47509479029935,False
Test year,406.0,457.7343764556002,False
Test year,549.0,518.9348941876702,False
Test year,720.0,542.446872143516,False
Test year,601.0,703.2732120499709,False
Test year,484.0,459.95678573804946,False
Test year,515.0,442.4215607721293,False
Test year,321.0,229.6098589108792,False
Test year,40.0,75.20241191752106,False
Test year,-174.0,-87.06366293607192,False
Test year,-132.0,-150.22474103300877,False
Test year,-107.0,-166.09474277304042,False
Test year,-105.0,-176.4137678054131,False
Test year,-204.0,-138.66060189415964,False
Test year,-229.0,-202.79127976337293,False
Test year,-98.0,-168.06586713031857,False
Test year,-167.0,-161.37419122074817,False
Test year,-198.0,-172.70931003455388,False
Test year,-222.0,-174.3680767246547,False
Test year,-178.0,-196.90598342931935,False
Test year,-145.0,-196.90638144912532,False
Test year,-167.0,-161.24117506549283,False
Test year,-209.0,-173.53062798282298,False
Test year,-47.0,-137.18453049252957,False
Test year,-70.0,-64.87661408817223,False
Test year,-176.0,-22.66377583005095,False
Test year,-112.0,-46.760024891448865,False
Test year,-63.0,37.5040359266647,False
Test year,9.0,15.311337000901801,False
Test year,112.0,183.98613738240536,False
Test year,171.0,163.52152971548475,False
Test year,312.0,323.4732439089605,False
Test year,212.0,292.82179722321507,False
Test year,-14.0,79.12988855179293,False
Test year,-165.0,-228.059972159128,False
Test year,-326.0,-258.4700486016102,False
Test year,-540.0,-399.80781454132665,False
Test year,-333.0,-331.35252356731837,False
Test year,-561.0,-323.5660322450792,False
Test year,-222.0,-222.87838298027475,False
Test year,-345.0,-211.50332095115368,False
Test year,-143.0,-138.39694310234552,False
Test year,-116.0,-14.149471420686382,False
Test year,-111.0,-24.72397235981117,False
Test year,-50.0,8.335463969505895,False
Test year,-28.0,119.98097180591662,False
Test year,104.0,103.05550387769841,False
Test year,148.0,229.97977437351295,False
Test year,364.0,331.3255292836285,False
Test year,513.0,438.3642552942092,False
Test year,565.0,587.926524025686,False
Test year,709.0,540.2504339736295,False
Test year,728.0,687.2926042221648,False
Test year,647.0,548.8224735150792,False
Test year,695.0,557.3771168102799,False
Test year,386.0,363.2475362825482,False
Test year,133.0,95.79431060535993,False
Test year,-107.0,-56.443351693483606,False
Test year,-140.0,-138.91754426212955,False
Test year,-92.0,-179.72542300915563,False
Test year,-108.0,-188.95657267383888,False
Test year,-163.0,-155.95498840588834,False
Test year,-221.0,-205.3130457651351,False
Test year,-163.0,-178.00632950583173,False
Test year,-190.0,-202.1895252228607,False
Test year,-216.0,-203.3480172154097,False
Test year,-243.0,-187.02180738154814,False
Test year,-93.0,-209.53981393826297,False
Test year,-225.0,-169.98068377245704,False
Test year,-224.0,-185.85436833861525,False
Test year,-196.0,-206.7125353672352,False
Test year,-147.0,-140.40247378302024,False
Test year,-142.0,-103.22468563350304,False
Test year,-45.0,-58.38447622417135,False
Test year,-40.0,0.30111829146986224,False
Test year,6.0,79.2551403863672,False
Test year,15.0,49.74777611666593,False
Test year,85.0,189.42630865095617,False
Test year,114.0,148.88113251897641,False
Test year,237.0,291.7745812538833,False
Test year,186.0,240.80973009486286,False
Test year,-140.0,43.481498553609356,False
Test year,-332.0,-290.73396020174914,False
Test year,-407.0,-341.7787292126368,False
Test year,-573.0,-447.31031845278045,False
Test year,-504.0,-354.08980969023526,False
Test year,-557.0,-385.6176345802289,False
Test year,-428.0,-326.30137732169726,False
Test year,-362.0,-249.2358514809668,False
Test year,-217.0,-180.31020775914516,False
Test year,-93.0,-79.41839411369057,False
Test year,-127.0,18.958628855734048,False
Test year,-58.0,33.527848667557805,False
Test year,-3.0,110.60989820629692,False
Test year,166.0,151.60568193870373,False
Test year,256.0,269.822086789698,False
Test year,455.0,393.78811792549425,False
Test year,585.0,497.3053919569304,False
Test year,723.0,637.7551740498643,False
Test year,739.0,657.8589347841919,False
Test year,768.0,696.2395394822363,False
Test year,716.0,586.4642062593587,False
Test year,724.0,621.9452503813192,False
Test year,530.0,392.6134775354779,False
Test year,82.0,206.5145114519892,False
Test year,-122.0,-84.3323461194075,False
Test year,-82.0,-138.57167770325003,False
Test year,-136.0,-152.49886812997562,False
Test year,-155.0,-194.73802208803477,False
Test year,-226.0,-170.76425155299,False
Test year,-314.0,-224.5490431602875,False
Test year,-209.0,-208.88019472928204,False
Test year,-235.0,-221.51051358549134,False
Test year,-197.0,-212.2571453633825,False
Test year,-210.0,-194.57807533841952,False
Test year,-139.0,-204.85166440697867,False
Test year,-111.0,-194.30681862805238,False
Test year,-169.0,-158.89242714609333,False
Test year,-159.0,-187.18828566320724,False
Test year,-114.0,-135.69114741290423,False
Test year,-14.0,-103.10778620237136,False
Test year,-111.0,-21.04073400566125,False
Test year,99.0,-36.530282112091584,False
Test year,119.0,118.53236618207549,False
Test year,70.0,88.43161575581843,False
Test year,296.0,194.80897677341244,False
Test year,363.0,247.69903401075854,False
Test year,717.0,413.16293696880007,False
Test year,553.0,555.5172667184197,False
Test year,130.0,224.62993256242424,False
Test year,-250.0,-237.94707650649167,False
Test year,-494.0,-346.7441406725917,False
Test year,-773.0,-517.1956699727822,False
Test year,-645.0,-487.57158309556314,False
Test year,-621.0,-522.68803626859,False
Test year,-401.0,-413.075969546278,False
Test year,-435.0,-301.7400123696822,False
Test year,-319.0,-250.2413568535817,False
Test year,-232.0,-169.4970881844176,False
Test year,-138.0,-89.80528152555951,False
Test year,-22.0,-8.853974896723969,False
Test year,73.0,106.77822603773257,False
Test year,155.0,152.55278904914363,False
Test year,172.0,243.1410870435489,False
Test year,257.0,321.2540413608226,False
Test year,456.0,335.23175990422874,False
Test year,668.0,526.376134681658,False
Test year,720.0,590.5796650611237,False
Test year,803.0,666.4760663877647,False
Test year,590.0,583.2116159483202,False
Test year,753.0,472.95505998321323,False
Test year,401.0,382.12134004223816,False
Test year,61.0,64.79309211646131,False
Test year,-136.0,-129.2310836619483,False
Test year,-153.0,-184.72005804521908,False
Test year,-80.0,-219.24606157975808,False
Test year,-256.0,-217.3172332252704,False
Test year,-242.0,-239.22407647754585,False
Test year,-311.0,-277.42019907753854,False
Test year,-213.0,-242.0580832355662,False
Test year,-271.0,-253.43865816608593,False
Test year,-142.0,-255.29739240787967,False
Test year,-159.0,-184.0244108176372,False
Test year,-144.0,-184.2453705098768,False
Test year,-171.0,-194.9014086724713,False
Test year,-149.0,-186.89153438148713,False
Test year,-207.0,-189.0740554942676,False
Test year,-195.0,-154.25594855121335,False
Test year,-147.0,-141.72634769541514,False
Test year,-27.0,-84.4815232339447,False
Test year,-11.0,-11.362669447094362,False
Test year,100.0,72.86605906468787,False
Test year,171.0,75.33005741032582,False
Test year,246.0,249.04224042236152,False
Test year,350.0,215.8226304373095,False
Test year,635.0,402.53039695056964,False
Test year,420.0,481.44972691480314,False
Test year,-41.0,125.37742571689756,False
Test year,-302.0,-295.17355377268143,False
Test year,-586.0,-339.18431021081665,False
Test year,-618.0,-577.8280899982127,False
Test year,-423.0,-402.47061904622973,False
Test year,-564.0,-390.2348657802496,False
Test year,-408.0,-346.19491224229154,False
Test year,-221.0,-264.7554821355727,False
Test year,-90.0,-157.7662767731884,False
Test year,41.0,59.0806873467493,False
Test year,-253.0,45.39045545728868,False
Test year,-14.0,-78.85326460485044,False
Test year,-57.0,46.67723023604691,False
Test year,-49.0,66.34173593943598,False
Test year,128.0,131.4060465753339,False
Test year,230.0,286.5218044213119,False
Test year,401.0,324.0828384370922,False
Test year,564.0,496.52704626239546,False
Test year,713.0,523.7178839889987,False
Test year,750.0,667.3762399539803,False
Test year,625.0,542.2966402360207,False
Test year,643.0,509.6294861524476,False
Test year,323.0,296.20503736361206,False
Test year,90.0,32.73062031166796,False
Test year,-152.0,-99.40211001080104,False
Test year,-87.0,-177.43168918547127,False
Test year,-153.0,-184.6971491313971,False
Test year,-185.0,-228.15035536387927,False
Test year,-269.0,-209.87736500536374,False
Test year,-288.0,-268.43020387947456,False
Test year,-150.0,-230.07582514840027,False
Test year,-241.0,-219.6164403674601,False
Test year,-227.0,-232.34260649667556,False
Test year,-150.0,-211.59811486260963,False
Test year,-153.0,-191.17365272952873,False
Test year,-24.0,-197.32279848439856,False
Test year,-269.0,-130.6551572422248,False
Test year,-118.0,-224.00610667213485,False
Test year,-167.0,-138.34601853134836,False
Test year,-162.0,-123.33881669093483,False
Test year,-103.0,-89.23404442570859,False
Test year,-19.0,-46.773541739960166,False
Test year,93.0,62.62945637194571,False
Test year,82.0,70.58150844749065,False
Test year,363.0,200.40623908000396,False
Test year,378.0,292.5283079225502,False
Test year,653.0,418.57988908835824,False
Test year,393.0,489.4122336083909,False
Test year,-10.0,89.7617395361641,False
Test year,-332.0,-277.9573274314241,False
Test year,-755.0,-384.9082202550405,False
Test year,-853.0,-634.5664723033809,False
Test year,-565.0,-563.2394507149345,False
Test year,-557.0,-502.0417937270972,False
Test year,-383.0,-347.32856056356513,False
Test year,-110.0,-237.53953334495523,False
Test year,-415.0,-88.24426495057946,False
Test year,-74.0,-124.55803085258549,False
Test year,1.0,-33.060087138504855,False
Test year,3.0,73.08323365543015,False
Test year,37.0,133.83991817141742,False
Test year,146.0,137.5940570093719,False
Test year,229.0,243.56686487323196,False
Test year,303.0,357.62678876091536,False
Test year,499.0,374.9567931210819,False
Test year,650.0,551.6652645903976,False
Test year,658.0,580.8853140963329,False
Test year,685.0,614.8155560438391,False
Test year,589.0,490.89726915339537,False
Test year,626.0,486.77508716186367,False
Test year,340.0,290.6108425501102,False
Test year,79.0,47.7938459220569,False
Test year,-149.0,-102.25001251008217,False
Test year,-208.0,-173.37111877421435,False
Test year,-119.0,-224.5425475898793,False
Test year,-142.0,-221.1924005352452,False
Test year,-222.0,-184.07058336315163,False
Test year,-299.0,-242.03421257311248,False
Test year,-173.0,-223.58156557135732,False
Test year,-193.0,-226.70474758194388,False
Test year,-196.0,-214.21598345510301,False
Test year,-192.0,-187.24334679975755,False
Test year,-137.0,-197.1294596593183,False
Test year,-114.0,-190.1912313142825,False
Test year,-195.0,-159.65540859678305,False
Test year,-173.0,-196.61721448399783,False
Test year,-189.0,-143.51317504729087,False
Test year,-115.0,-132.4802535326922,False
Test year,-87.0,-68.59007243886384,False
Test year,38.0,-30.845154273833316,False
Test year,223.0,94.04884067455095,False
Test year,-20.0,150.23358418337875,False
Test year,340.0,156.85866857416897,False
Test year,298.0,276.39398684531636,False
Test year,562.0,370.2474557477771,False
Test year,414.0,437.73370460540065,False
Test year,33.0,150.7490397503155,False
Test year,-83.0,-229.25874944283032,False
Test year,-398.0,-169.8563154022783,False
Test year,-515.0,-428.5077472906771,False
Test year,-421.0,-380.2693796528216,False
Test year,-602.0,-417.65226036526565,False
Test year,-382.0,-450.9787858964953,False
Test year,-141.0,-274.52881095068625,False
Test year,-147.0,-107.3849158659205,False
Test year,-264.0,-78.27448652284494,False
Test year,-329.0,-145.56594476471554,False
Test year,-291.0,-128.22451740415426,False
Test year,8.0,-76.45796302914749,False
Test year,204.0,125.45596233563265,False
Test year,29.0,265.74118152919345,False
Test year,262.0,245.76036639449765,False
Test year,387.0,340.83476086097863,False
Test year,616.0,481.3290074102978,False
Test year,616.0,560.963383375806,False
Test year,621.0,590.4584360572642,False
Test year,563.0,451.19818415432655,False
Test year,642.0,476.26816101525463,False
Test year,379.0,319.35346122250235,False
Test year,68.0,82.40999654034255,False
Test year,-81.0,-100.56959708102232,False
Test year,-135.0,-139.76121943263718,False
Test year,-127.0,-186.0071392670216,False
Test year,-81.0,-211.9854923641526,False
Test year,-214.0,-158.56512662793068,False
Test year,-253.0,-231.81798707643657,False
Test year,-158.0,-204.8999482484964,False
Test year,-170.0,-213.33619101090778,False
Test year,-231.0,-204.15651979119718,False
Test year,-167.0,-199.73698467529067,False
Test year,-120.0,-194.17190593889256,False
Test year,-87.0,-182.5132724556113,False
Test year,-210.0,-149.21382909710718,False
Test year,-235.0,-202.12122482672066,False
Test year,-93.0,-170.19409191469202,False
Test year,33.0,-104.08840312366948,False
Test year,-172.0,2.1256740288075946,False
Test year,-61.0,-57.99559521812313,False
Test year,-11.0,39.176008267979455,False
Test year,113.0,20.472284367814098,False
Test year,282.0,216.51145840575438,False
Test year,335.0,243.13354403830078,False
Test year,601.0,397.3804525629259,False
Test year,325.0,442.4747210570499,False
Test year,-101.0,39.91186115273092,False
Test year,-493.0,-331.27721865759503,False
Test year,-674.0,-426.6804333619523,False
Test year,-732.0,-597.1657531147126,False
Test year,-562.0,-497.3893318270718,False
Test year,-390.0,-438.3743852368045,False
Test year,-231.0,-254.77660498906704,False
Test year,-108.0,-149.38725504700463,False
Test year,0.0,-33.29739766029468,False
Test year,29.0,57.270308367846155,False
Test year,-182.0,87.44873525993228,False
Test year,-167.0,-42.199252063665085,False
Test year,37.0,8.086572734889273,False
Test year,88.0,135.457055566242,False
Test year,277.0,210.55663148643572,False
Test year,420.0,382.64522444972687,False
Test year,442.0,434.9746443454445,False
Test year,652.0,514.4369826133318,False
Test year,669.0,581.8263677607887,False
Test year,685.0,624.8484174568739,False
Test year,458.0,502.9224465886157,False
Test year,550.0,386.59072166261245,False
Test year,255.0,235.59066657334256,False
Test year,22.0,1.240343641044376,False
Test year,-88.0,-121.68775563185818,False
Test year,-162.0,-146.0153132376959,False
Test year,-116.0,-197.6655408127466,False
Test year,-140.0,-211.2155692516876,False
Test year,-198.0,-179.92839864750505,False
Test year,-236.0,-230.13038989900713,False
Test year,-135.0,-195.938031647924,False
Test year,-156.0,-202.1735515986419,False
Test year,-205.0,-197.2692309763628,False
Test year,-189.0,-201.3257439826766,False
Test year,-170.0,-212.01627220796155,False
Test year,-167.0,-216.94172535220048,False
Test year,-168.0,-197.00244505526825,False
Test year,-241.0,-204.72743033233087,False
Test year,-157.0,-177.93633059332592,False
Test year,-124.0,-141.26979251474822,False
Test year,-131.0,-81.2297472156327,False
Test year,-12.0,-61.75555547106137,False
Test year,86.0,55.38653343969116,False
Test year,63.0,60.51583096602448,False
Test year,61.0,184.6090314171194,False
Test year,104.0,107.19211080918996,False
Test year,192.0,253.17218863691858,False
Test year,40.0,169.0396315000394,False
Test year,-34.0,-65.01056506942916,False
Test year,-199.0,-240.80898572500672,False
Test year,-437.0,-273.5712248158062,False
Test year,-599.0,-512.353351955636,False
Test year,-487.0,-425.88799765054245,False
Test year,-379.0,-395.33639726302374,False
Test year,-235.0,-247.38195079688057,False
Test year,-10.0,-147.60354164547735,False
Test year,-52.0,-6.458008349876877,False
Test year,-128.0,-21.87004290602681,False
Test year,-183.0,-41.12560233607189,False
Test year,-211.0,-71.66406560310793,False
Test year,-61.0,-3.829194743362791,False
Test year,36.0,35.64641037171344,False
Test year,225.0,161.22402279319283,False
Test year,287.0,342.98313991403563,False
Test year,436.0,347.89862705222373,False
Test year,626.0,508.51192032603507,False
Test year,698.0,557.0363752510907,False
Test year,660.0,637.1098127846337,False
Test year,537.0,468.69164868782354,False
Test year,580.0,459.87058479020914,False
Test year,308.0,282.6878696010623,False
Test year,34.0,54.58801944774544,False
Test year,-100.0,-97.1143781463515,False
Test year,-106.0,-130.24936023156553,False
Test year,-85.0,-158.90350645759958,False
Test year,-88.0,-177.1369624482884,False
Test year,-143.0,-143.05369601999757,False
Test year,-148.0,-193.30639395018932,False
Test year,-73.0,-148.59243427990208,False
Test year,-122.0,-161.76512388015288,False
Test year,-209.0,-176.28188496638296,False
Test year,-143.0,-187.2158371666784,False
Test year,-141.0,-184.27325257148118,False
Test year,-131.0,-191.18379028533928,False
Test year,-174.0,-171.72199709850992,False
Test year,-178.0,-196.49465121403324,False
Test year,-176.0,-149.47301629877273,False
Test year,-82.0,-135.8188204580324,False
Test year,-5.0,-62.34545345021235,False
Test year,-95.0,-2.5007219321106504,False
Test year,-38.0,31.921642604036265,False
Test year,-16.0,-0.7927460290022168,False
Test year,109.0,146.24696216704348,False
Test year,44.0,134.36342886730307,False
Test year,207.0,231.44437125389913,False
Test year,-26.0,170.69121446545827,False
Test year,-235.0,-120.57866283389114,False
Test year,-318.0,-356.13943057355425,False
Test year,-404.0,-360.84605852709717,False
Test year,-499.0,-455.04518992537,False
Test year,-384.0,-342.94752543726776,False
Test year,-427.0,-342.8229044574098,False
Test year,-258.0,-256.2553894593366,False
Test year,-219.0,-195.1846625065761,False
Test year,-65.0,-116.7598612164038,False
Test year,19.0,-5.964469215618692,False
Test year,-139.0,31.56674706798964,False
Test year,-45.0,-25.20004491269617,False
Test year,24.0,73.17488418016336,False
Test year,227.0,62.4516694075929,False
Test year,375.0,276.33743463670504,False
Test year,396.0,419.2342716681295,False
Test year,588.0,405.7138548644408,False
Test year,616.0,595.0707212111472,False
Test year,623.0,546.8346432253109,False
Test year,651.0,593.4355331643342,False
Test year,414.0,488.78359429155336,False
Test year,418.0,375.38819812162467,False
Test year,309.0,165.4015453513611,False
Test year,52.0,71.84311009116414,False
Test year,-135.0,-82.42249308491469,False
Test year,-139.0,-136.61118635489592,False
Test year,-104.0,-167.2369190454072,False
Test year,-157.0,-179.17047869263052,False
Test year,-179.0,-161.6243771833809,False
Test year,-186.0,-202.69422393076945,False
Test year,-132.0,-155.64925439567952,False
Test year,-130.0,-177.33066391322302,False
Test year,-165.0,-172.13639891640656,False
Test year,-124.0,-147.27156376455804,False
Test year,-80.0,-148.77274901941996,False
Test year,-109.0,-143.8890225903769,False
Test year,-157.0,-137.81472507788817,False
Test year,-166.0,-169.45563974009553,False
Test year,-110.0,-126.05412492843891,False
Test year,-52.0,-92.64501247349068,False
Test year,-119.0,-28.069039367268203,False
Test year,60.0,-34.25530205991012,False
Test year,105.0,106.76176980244534,False
Test year,47.0,90.30760129609564,False
Test year,153.0,194.67400825478813,False
Test year,293.0,174.4442133663698,False
Test year,368.0,386.559106428104,False
Test year,178.0,289.41872218437527,False
Test year,-20.0,11.962464247888988,False
Test year,-281.0,-236.63747749179396,False
Test year,-301.0,-284.26213030819775,False
Test year,-453.0,-385.34709560316105,False
Test year,-313.0,-334.509764482793,False
Test year,-360.0,-257.64762566679775,False
Test year,-254.0,-266.4728840746467,False
Test year,-381.0,-215.089383585482,False
Test year,-336.0,-263.7399128118159,False
Test year,5.0,-170.8820258689684,False
Test year,-4.0,27.211023022956965,False
Test year,92.0,77.59837240979681,False
Test year,180.0,168.10439796292042,False
Test year,355.0,208.21007039451155,False
Test year,450.0,373.1072597145834,False
Test year,224.0,492.9196304183225,False
Test year,220.0,308.6202876908527,False
Test year,567.0,378.918721270617,False
Test year,556.0,534.4031324306402,False
Test year,657.0,532.4707141600995,False
Test year,347.0,473.88313639061363,False
Test year,376.0,309.61578970438643,False
Test year,209.0,137.69700567473274,False
Test year,-47.0,1.263193504661956,False
Test year,-249.0,-131.12605382457474,False
Test year,-216.0,-185.3802795652929,False
Test year,-172.0,-208.16949952800417,False
Test year,-194.0,-209.03866142555177,False
Test year,-188.0,-174.66354454388141,False
Test year,-214.0,-201.06191451977327,False
Test year,-63.0,-156.6212257124359,False
Test year,-127.0,-142.55311167916938,False
Test year,-181.0,-154.32125202534493,False
Test year,-101.0,-152.49827739126545,False
Test year,-115.0,-140.81932936560497,False
Test year,-94.0,-155.1191004407009,False
Test year,-103.0,-133.95119886418405,False
Test year,-245.0,-146.1388195045136,False
Test year,34.0,-150.21111963459506,False
Test year,-199.0,-40.63430505539495,False
Test year,-78.0,-77.27969912337795,False
Test year,-85.0,-31.133708563116727,False
Test year,-43.0,46.56138737671495,False
Test year,72.0,13.385542161748162,False
Test year,198.0,203.0511170236301,False
Test year,225.0,203.8125048912671,False
Test year,443.0,345.7936175519883,False
Test year,279.0,371.87594721927104,False
Test year,66.0,82.81771423769953,False
Test year,-213.0,-132.04913338541115,False
Test year,-191.0,-228.67663389048676,False
Test year,-258.0,-297.3938690794548,False
Test year,-351.0,-136.74968466013695,False
Test year,-564.0,-365.2078420937647,False
Test year,-57.0,-429.0336440682872,False
Test year,-101.0,-79.43257176541152,False
Test year,598.0,-84.54101892561238,False
Test year,170.0,476.9734133582411,False
Test year,-81.0,84.31648525612218,False
Test year,-648.0,-61.95944038932089,False
Test year,-353.0,-400.91091175828956,False
Test year,-7.0,-243.47564173049741,False
Test year,362.0,125.62140118431557,False
Test year,321.0,441.00969296522334,False
Test year,436.0,366.5607282925415,False
Test year,539.0,504.3436831653251,False
Test year,457.0,504.8888936449238,False
Test year,453.0,479.11321193149206,False
Test year,407.0,343.9968185854137,False
Test year,259.0,368.99197602712474,False
Test year,166.0,44.52410832174775,False
Test year,-16.0,-15.495466939848768,False
Test year,-196.0,-115.24268505306247,False
Test year,-131.0,-162.74873306563273,False
Test year,-160.0,-169.64055336399798,False
Test year,-189.0,-196.80970853305695,False
Test year,-205.0,-174.0923445143631,False
Test year,-204.0,-209.20278135865527,False
Test year,-91.0,-156.98068237488212,False
Test year,-146.0,-154.43895668425716,False
Test year,-167.0,-165.16431780214418,False
Test year,-147.0,-154.2760436364607,False
Test year,-126.0,-162.08259571620255,False
Test year,-94.0,-168.0540955649302,False
Test year,-170.0,-138.86574650473818,False
Test year,-161.0,-176.01653660568155,False
Test year,-163.0,-127.78637539923,False
Test year,-119.0,-115.38079279343714,False
Test year,-23.0,-62.6962489445238,False
Test year,-8.0,-0.8406712897565853,False
Test year,111.0,80.65060358150578,False
Test year,-9.0,89.02653850354147,False
Test year,157.0,167.30528457917467,False
Test year,223.0,172.69094578682,False
Test year,467.0,339.46244115616264,False
Test year,432.0,391.44591976213627,False
Test year,301.0,265.6920804716661,False
Test year,241.0,110.8326702175172,False
Test year,71.0,101.01063908828456,False
Test year,-91.0,-113.23522631731907,False
Test year,-17.0,-59.39864532878687,False
Test year,-100.0,-139.86537298973144,False
Test year,40.0,-117.32619584320548,False
Test year,-57.0,-35.24467162145919,False
Test year,20.0,-155.01169936724915,False
Test year,117.0,-102.09338678920147,False
Test year,-192.0,-14.346611569670472,False
Test year,-79.0,-222.6529492508609,False
Test year,28.0,-49.52249804630674,False
Test year,15.0,-33.84856508258241,False
Test year,5.0,58.173030074237545,False
Test year,101.0,105.10688074336827,False
Test year,245.0,179.55990163079622,False
Test year,329.0,340.79576056560524,False
Test year,135.0,326.9216092819188,False
Test year,153.0,227.6379521379505,False
Test year,287.0,118.49871583281606,False
Test year,338.0,266.85510733758093,False
Test year,134.0,50.63147445242214,False
Test year,-69.0,-69.35989701540939,False
Test year,-229.0,-174.06073536420715,False
Test year,-181.0,-212.77472371998698,False
Test year,-211.0,-225.24231948319812,False
Test year,-227.0,-250.87783848416336,False
Test year,-260.0,-221.25294262397134,False
Test year,-235.0,-258.3247280883203,False
Test year,-146.0,-197.56677531551304,False
Test year,-162.0,-199.10021722555075,False
Test year,-152.0,-193.3437223555028,False
Test year,-194.0,-161.7321699601555,False
Test year,-124.0,-188.16830195950712,False
Test year,-132.0,-181.29061769638764,False
Test year,-207.0,-161.01131687562986,False
Test year,-190.0,-199.01986396440395,False
Test year,-39.0,-147.68732558486994,False
Test year,-153.0,-71.93081156148577,False
Test year,-82.0,-68.1510178619726,False
Test year,-96.0,-31.82571991552257,False
Test year,37.0,37.61789081632293,False
Test year,75.0,44.118307207243305,False
Test year,275.0,203.55422345395394,False
Test year,313.0,244.5844198102383,False
Test year,600.0,388.08711520085143,False
Test year,486.0,463.8906101341655,False
Test year,308.0,256.07977119565106,False
Test year,13.0,15.239623034162207,False
Test year,-177.0,-153.72214521571118,False
Test year,-290.0,-340.64076004032756,False
Test year,-175.0,-217.72338673715905,False
Test year,-231.0,-281.21210842305516,False
Test year,-285.0,-205.8511877173471,False
Test year,-117.0,-288.95697320064426,False
Test year,-360.0,-271.7440061906419,False
Test year,-363.0,-178.38087806636491,False
Test year,-142.0,-214.34032911920917,False
Test year,-159.0,-111.28073204018108,False
Test year,-149.0,-19.147868024019658,False
Test year,-208.0,-59.97770997907776,False
Test year,-82.0,51.15122128769252,False
Test year,280.0,144.35336806567514,False
Test year,371.0,335.8842155707396,False
Test year,377.0,455.37166379239983,False
Test year,488.0,391.9449146549562,False
Test year,672.0,496.8040626350421,False
Test year,616.0,484.18012340941544,False
Test year,616.0,492.35206124037745,False
Test year,395.0,279.8387409004662,False
Test year,110.0,79.1114879471549,False
Test year,-119.0,-102.66773365594759,False
Test year,-135.0,-174.63743254670754,False
Test year,-103.0,-209.41127718003838,False
Test year,-166.0,-223.0137324082433,False
Test year,-284.0,-207.73015294522844,False
Test year,-343.0,-280.7004588290424,False
Test year,-200.0,-259.1068989348725,False
Test year,-232.0,-253.1208783998594,False
Test year,-234.0,-238.72623261432233,False
Test year,-202.0,-213.874312519578,False
Test year,-153.0,-211.70428253059669,False
Test year,-98.0,-202.49390975919817,False
Test year,-175.0,-159.00485369369562,False
Test year,-104.0,-191.5838200813402,False
Test year,-134.0,-118.16306197259718,False
Test year,-176.0,-109.12348504188503,False
Test year,-106.0,-90.92883139505852,False
Test year,-111.0,-49.13238881876572,False
Test year,1.0,25.562768681629393,False
Test year,83.0,22.457845582233375,False
Test year,259.0,202.03264392682985,False
Test year,347.0,229.1108215313617,False
Test year,468.0,402.324059815079,False
Test year,264.0,299.3673165194613,False
Test year,-131.0,-33.63513135060225,False
Test year,-430.0,-344.58467967756377,False
Test year,-638.0,-403.99623475581325,False
Test year,-756.0,-562.3557843024183,False
Test year,-614.0,-473.89393302361026,False
Test year,-511.0,-490.6699279912855,False
Test year,-222.0,-327.82030769653215,False
Test year,-396.0,-157.80578684785843,False
Test year,-183.0,-130.60929464076156,False
Test year,-44.0,-84.8473473685068,False
Test year,-35.0,65.8142262145135,False
Test year,-103.0,75.67338483918195,False
Test year,55.0,85.82826905897196,False
Test year,44.0,160.33122344017795,False
Test year,227.0,202.00527697054792,False
Test year,348.0,368.1018247199326,False
Test year,466.0,409.9493872397328,False
Test year,677.0,539.2916164394769,False
Test year,703.0,608.9142429204294,False
Test year,787.0,644.5943672996389,False
Test year,596.0,564.4159429163184,False
Test year,529.0,486.2071426388867,False
Test year,380.0,244.14700580612498,False
Test year,63.0,107.68510231779695,False
Test year,-59.0,-91.89397275649782,False
Test year,-81.0,-118.18790286644801,False
Test year,-156.0,-152.17931177152764,False
Test year,-61.0,-207.8773441872151,False
Test year,-182.0,-143.79620012295953,False
Test year,-198.0,-210.27486185978552,False
Test year,-127.0,-174.57117781813656,False
Test year,-115.0,-189.65929451519253,False
Test year,-217.0,-177.53891473093557,False
Test year,-200.0,-199.29854735945855,False
Test year,-146.0,-215.5103255904122,False
Test year,-106.0,-207.0454083230241,False
Test year,-171.0,-169.42744974313268,False
Test year,-137.0,-199.426679442384,False
Test year,-135.0,-139.83491688286045,False
Test year,-256.0,-121.50164668430483,False
Test year,60.0,-130.3410770711933,False
Test year,-164.0,3.2781036434451494,False
Test year,-37.0,4.339759007477767,False
Test year,-30.0,-9.553821844354133,False
Test year,89.0,138.04929175947626,False
Test year,133.0,119.70313210083546,False
Test year,221.0,267.01976788335577,False
Test year,-9.0,138.65005577508828,False
Test year,-287.0,-155.4694880820898,False
Test year,-426.0,-382.94313939970647,False
Test year,-492.0,-409.452254398217,False
Test year,-492.0,-508.6232055522998,False
Test year,-386.0,-353.0574727803187,False
Test year,-465.0,-327.7961136327266,False
Test year,-325.0,-278.3049127364393,False
Test year,-190.0,-221.0626219073566,False
Test year,-127.0,-90.82547706508853,False
Test year,-104.0,-41.932485065045,False
Test year,-13.0,-7.012661856712782,False
Test year,7.0,58.17694356857561,False
Test year,-41.0,103.32203436881491,False
Test year,71.0,82.78853803858561,False
Test year,183.0,180.82552007919912,False
Test year,376.0,318.17411525265993,False
Test year,554.0,404.4178725553511,False
Test year,637.0,591.572196929053,False
Test year,649.0,557.1437260924681,False
Test year,751.0,599.8905489500548,False
Test year,538.0,547.0915415717332,False
Test year,447.0,448.9618590529688,False
Test year,353.0,197.6598798941417,False
Test year,66.0,107.87256202747221,False
Test year,45.0,-75.42365247454438,False
Test year,-116.0,-59.8217296872279,False
Test year,-109.0,-148.66453010562748,False
Test year,-61.0,-181.8857932437703,False
Test year,-148.0,-128.6521767054757,False
Test year,-127.0,-187.9718657375584,False
Test year,-89.0,-136.25617858277081,False
Test year,-120.0,-161.43249027200432,False
Test year,-161.0,-172.34473024883903,False
Test year,-192.0,-165.02175285798205,False
Test year,-66.0,-193.69931178583204,False
Test year,-8.0,-164.10734775712564,False
Test year,-232.0,-113.29842115348606,False
Test year,-143.0,-209.17988651836856,False
Test year,-236.0,-143.865968836356,False
Test year,-103.0,-155.16210648084268,False
Test year,-91.0,-78.51417045696564,False
Test year,-131.0,-40.735915334262785,False
Test year,3.0,12.486707102082676,False
Test year,40.0,15.31900295072603,False
Test year,50.0,175.85940186298382,False
Test year,125.0,108.3417447088745,False
Test year,83.0,266.36210612393677,False
Test year,-64.0,54.06116231621516,False
Test year,-333.0,-178.37833029503008,False
Test year,-436.0,-399.50750149510077,False
Test year,-411.0,-412.2814903398072,False
Test year,-505.0,-475.2102998135283,False
Test year,-382.0,-339.1610792929382,False
Test year,-341.0,-344.20938562487146,False
Test year,-356.0,-245.2911518661676,False
Test year,-274.0,-214.77101889112885,False
Test year,-89.0,-157.01596227917298,False
Test year,-165.0,-42.454536308960826,False
Test year,6.0,-61.54653626363216,False
Test year,1.0,61.461391999735866,False
Test year,75.0,99.33712777333665,False
Test year,136.0,148.07153305281625,False
Test year,285.0,215.24910636628107,False
Test year,423.0,376.8049119675951,False
Test year,617.0,436.90443968916344,False
Test year,699.0,630.5123868264224,False
Test year,686.0,603.0720937653491,False
Test year,690.0,622.4093778757758,False
Test year,578.0,493.1392951621607,False
Test year,511.0,487.09206598653634,False
Test year,314.0,247.7166878645656,False
Test year,173.0,80.405953106238,False
Test year,-62.0,-17.853621517736542,False
Test year,-154.0,-104.34388173930333,False
Test year,-162.0,-166.4981940088132,False
Test year,-142.0,-202.09295695141498,False
Test year,-172.0,-160.07877482725462,False
Test year,-222.0,-196.8343541461628,False
Test year,-97.0,-166.74236735173298,False
Test year,-111.0,-166.58275996627043,False
Test year,-166.0,-160.05718766324497,False
Test year,-124.0,-144.964792623147,False
Test year,-135.0,-147.82801696015116,False
Test year,-103.0,-164.9521800830433,False
Test year,-166.0,-139.8138766796693,False
Test year,-126.0,-171.66234538316678,False
Test year,59.0,-110.86661399861157,False
Test year,-138.0,-13.796973623589167,False
Test year,-100.0,-53.37008933262018,False
Test year,-51.0,-34.08726075756698,False
Test year,14.0,57.66540854248933,False
Test year,84.0,39.9313178438189,False
Test year,265.0,210.85991204241472,False
Test year,336.0,244.37742708965692,False
Test year,439.0,405.85570972167216,False
Test year,148.0,272.08264613244165,False
Test year,-189.0,-91.0404239027406,False
Test year,-545.0,-341.3679851395203,False
Test year,-568.0,-422.54302115470347,False
Test year,-674.0,-543.2432879985546,False
Test year,-515.0,-415.32507490729824,False
Test year,-489.0,-422.62935036771285,False
Test year,-326.0,-310.7519033015282,False
Test year,-195.0,-214.2980296157216,False
Test year,-86.0,-114.63746002844778,False
Test year,-18.0,-21.15202357039837,False
Test year,-71.0,45.686926079751004,False
Test year,3.0,46.44245370306095,False
Test year,126.0,119.00286518182082,False
Test year,240.0,206.40606664578075,False
Test year,319.0,304.54760824160917,False
Test year,469.0,422.15105096524564,False
Test year,451.0,493.15435539205544,False
Test year,695.0,515.0903065738436,False
Test year,672.0,622.0690119144806,False
Test year,749.0,613.8277564296087,False
Test year,513.0,536.2947589541827,False
Test year,392.0,422.7048284211428,False
Test year,263.0,158.93978838428592,False
Test year,-39.0,47.12454027492433,False
Test year,-116.0,-122.57828728158677,False
Test year,-177.0,-129.59273121906537,False
Test year,-176.0,-174.75524099874082,False
Test year,-128.0,-203.899766862302,False
Test year,-209.0,-149.39351068241598,False
Test year,-247.0,-201.51440429068003,False
Test year,-87.0,-171.13929603235704,False
Test year,-155.0,-156.01908650885377,False
Test year,-181.0,-165.5746942673805,False
Test year,-81.0,-153.83673757738666,False
Test year,-97.0,-131.35231685287295,False
Test year,-87.0,-145.03848286950864,False
Test year,-198.0,-128.61463011041013,False
Test year,-144.0,-181.6783910413848,False
Test year,-141.0,-120.74871872330306,False
Test year,-112.0,-101.23559060465197,False
Test year,-30.0,-54.329030295734526,False
Test year,-90.0,-0.23326133244151492,False
Test year,-16.0,48.24619006987092,False
Test year,44.0,25.104168542982052,False
Test year,203.0,191.23051988389474,False
Test year,274.0,206.43079500741908,False
Test year,292.0,370.77046820999885,False
Test year,157.0,217.57199295474294,False
Test year,-95.0,-50.65319271181403,False
Test year,-202.0,-191.6000232913073,False
Test year,-357.0,-231.66100253348964,False
Test year,-291.0,-417.63657056176845,False
Test year,-139.0,-171.4198381192204,False
Test year,11.0,-173.5162793511414,False
Test year,-152.0,13.886315366772237,False
Test year,-241.0,-188.64223567354588,False
Test year,-183.0,-248.0170977185398,False
Test year,-119.0,-79.41278364182782,False
Test year,228.0,-56.57771304072162,False
Test year,45.0,205.36404264106898,False
Test year,-52.0,90.33762663075385,False
Test year,-321.0,70.88609538716406,False
Test year,261.0,-91.27848783934121,False
Test year,279.0,359.2578012865568,False
Test year,448.0,350.4010384474656,False
Test year,564.0,523.7698911885692,False
Test year,578.0,519.4803934618033,False
Test year,482.0,564.9592452664599,False
Test year,356.0,355.5229964565393,False
Test year,361.0,335.06376834953693,False
Test year,158.0,125.51371437262776,False
Test year,17.0,-19.513312582589265,False
Test year,-195.0,-98.99261238220313,False
Test year,-194.0,-158.64005448645577,False
Test year,-138.0,-190.53258020062907,False
Test year,-172.0,-192.19821018498095,False
Test year,-216.0,-162.60894834084638,False
Test year,-185.0,-208.85639949326833,False
Test year,-91.0,-149.07284168857876,False
Test year,-136.0,-149.925707359169,False
Test year,-216.0,-159.3572567114067,False
Test year,-138.0,-169.866759688755,False
Test year,-136.0,-162.7329766044357,False
Test year,26.0,-169.0892003401562,False
Test year,-167.0,-87.18821575561935,False
Test year,-206.0,-166.86247216671723,False
Test year,-136.0,-144.78087231562972,False
Test year,-132.0,-109.83171434830138,False
Test year,-161.0,-64.69671142540625,False
Test year,-49.0,-58.64165960311669,False
Test year,-30.0,51.60568670280594,False
Test year,86.0,19.68562928901352,False
Test year,204.0,209.11536961304026,False
Test year,246.0,206.2221775660227,False
Test year,399.0,346.93768054892996,False
Test year,167.0,289.5658730919668,False
Test year,-71.0,-42.55468091908824,False
Test year,-385.0,-238.36199340464,False
Test year,-457.0,-369.2408780334662,False
Test year,-752.0,-498.2828636394038,False
Test year,-267.0,-508.8560934722053,False
Test year,-514.0,-279.17458150310847,False
Test year,-367.0,-295.34089493454854,False
Test year,-114.0,-241.831877765441,False
Test year,-155.0,-71.92553171888164,False
Test year,-152.0,-27.65230722537956,False
Test year,-15.0,-10.83022041172876,False
Test year,66.0,79.47416043677049,False
Test year,132.0,172.15540783671082,False
Test year,209.0,227.82967293602965,False
Test year,312.0,295.62202974080066,False
Test year,424.0,433.1998686914783,False
Test year,615.0,460.3581408218501,False
Test year,584.0,650.1569580807054,False
Test year,634.0,525.6059374492817,False
Test year,644.0,586.6984505593381,False
Test year,504.0,452.0890838248578,False
Test year,378.0,416.8900903989623,False
Test year,224.0,144.91503369481438,False
Test year,87.0,23.218555832496577,False
Test year,-147.0,-69.43500781820208,False
Test year,-187.0,-141.19020233775024,False
Test year,-179.0,-186.26457805559602,False
Test year,-162.0,-210.680184715309,False
Test year,-148.0,-166.61299026247804,False
Test year,-233.0,-185.9059190469291,False
Test year,-102.0,-163.23751380941377,False
Test year,-132.0,-164.7498303101587,False
Test year,-173.0,-162.51683073571508,False
Test year,-138.0,-152.69327955498227,False
Test year,-137.0,-156.7912490250477,False
Test year,-32.0,-168.8888708032082,False
Test year,-206.0,-112.63703422649843,False
Test year,-136.0,-183.73050147075455,False
Test year,-65.0,-120.97775716346206,False
Test year,-149.0,-71.66137547317379,False
Test year,24.0,-64.23861014266743,False
Test year,-87.0,18.321447977348953,False
Test year,-39.0,50.3312482624936,False
Test year,99.0,13.393535567210705,False
Test year,237.0,215.556183133599,False
Test year,296.0,226.13014302663933,False
Test year,349.0,372.2206296526642,False
Test year,72.0,195.7797306164453,False
Test year,-247.0,-130.88724813741828,False
Test year,-366.0,-346.3380853185753,False
Test year,-590.0,-354.62852465296794,False
Test year,-635.0,-500.6988807793139,False
Test year,-463.0,-396.07324292177736,False
Test year,-400.0,-381.598327040968,False
Test year,-168.0,-253.45846505553317,False
Test year,-289.0,-136.7386676940702,False
Test year,-229.0,-126.7146427313603,False
Test year,-137.0,-81.4610418267253,False
Test year,-7.0,-18.22195318289357,False
Test year,-13.0,60.18124263004506,False
Test year,74.0,114.11681902561043,False
Test year,154.0,181.08348789175176,False
Test year,255.0,253.47671317951887,False
Test year,415.0,385.9715868772064,False
Test year,590.0,456.906211372537,False
Test year,651.0,636.4776955653138,False
Test year,710.0,577.6151285562089,False
Test year,713.0,660.631496768354,False
Test year,576.0,504.0107370317261,False
Test year,516.0,473.9795994200306,False
Test year,247.0,244.45239481372536,False
Test year,37.0,30.910130186717765,False
Test year,-130.0,-94.02994729700026,False
Test year,-148.0,-135.7150910837443,False
Test year,-104.0,-169.95995824763025,False
Test year,-139.0,-179.17547708157213,False
Test year,-195.0,-153.1506772438741,False
Test year,-222.0,-204.36138472960562,False
Test year,-83.0,-166.86347726329194,False
Test year,-140.0,-157.76632301658293,False
Test year,-197.0,-166.13573966270604,False
Test year,-132.0,-166.51473215636275,False
Test year,-141.0,-160.82512526708922,False
Test year,-110.0,-172.892999769168,False
Test year,-169.0,-147.26526557893902,False
Test year,-194.0,-176.74466936599157,False
Test year,-111.0,-140.18210139189142,False
Test year,-70.0,-98.14259734192422,False
Test year,-72.0,-36.911884110284745,False
Test year,-51.0,-17.312865778836454,False
Test year,161.0,59.16223034674334,False
Test year,0.0,114.66813379478238,False
Test year,234.0,172.2457171155906,False
Test year,254.0,218.26579783045588,False
Test year,328.0,339.76417944229877,False
Test year,27.0,171.5457217557555,False
Test year,-262.0,-159.23215087804067,False
Test year,-458.0,-366.7684937127848,False
Test year,-541.0,-397.1948633490832,False
Test year,-648.0,-498.3220662016222,False
Test year,-392.0,-391.19983250111795,False
Test year,-444.0,-349.909916883824,False
Test year,-295.0,-266.36056016379223,False
Test year,-111.0,-158.27726335299315,False
Test year,-155.0,-33.22443836683357,False
Test year,43.0,-3.764591176686963,False
Test year,170.0,104.1112847602684,False
Test year,72.0,174.90198357831673,False
Test year,438.0,154.75238670962403,False
Test year,769.0,363.10333632770886,False
Test year,479.0,611.6275415186386,False
Test year,395.0,463.57199839561275,False
Test year,9.0,398.65040337411807,False
Test year,386.0,242.99834465223626,False
Test year,415.0,404.0498597645964,False
Test year,640.0,464.01185238619286,False
Test year,329.0,480.3934497714804,False
Test year,321.0,309.7879946950321,False
Test year,128.0,95.46872353455711,False
Test year,-94.0,-34.23217053793155,False
Test year,-150.0,-141.4698881444893,False
Test year,-225.0,-144.36215966948322,False
Test year,-141.0,-192.90985038266166,False
Test year,-157.0,-193.87331511687472,False
Test year,-167.0,-153.99668355977212,False
Test year,-139.0,-186.74069673347634,False
Test year,-69.0,-125.01058977734647,False
Test year,-56.0,-136.69352221313562,False
Test year,-162.0,-127.93567102012801,False
Test year,-138.0,-155.26968058941554,False
Test year,-133.0,-169.0190133149046,False
Test year,-103.0,-180.80320130482164,False
Test year,-190.0,-153.97166623420327,False
Test year,-151.0,-194.9362762239047,False
Test year,-53.0,-136.85402759222205,False
Test year,-190.0,-80.3527120249181,False
Test year,-177.0,-91.66816462215706,False
Test year,-98.0,-82.67168213082954,False
Test year,-51.0,18.390230688052213,False
Test year,7.0,-4.2241472307889865,False
Test year,93.0,158.36399159766825,False
Test year,91.0,129.69198219049616,False
Test year,139.0,245.10184093201758,False
Test year,-102.0,92.40436110207247,False
Test year,-202.0,-182.5570658408455,False
Test year,-323.0,-317.69699602480597,False
Test year,-299.0,-340.6565427009102,False
Test year,-360.0,-381.97868737448437,False
Test year,-288.0,-246.40756756613214,False
Test year,-208.0,-269.7669084941126,False
Test year,-347.0,-192.8483769500744,False
Test year,-9.0,-197.5190186996913,False
Test year,-234.0,-75.04185517530016,False
Test year,-18.0,-105.27470716581774,False
Test year,-121.0,3.381986593351087,False
Test year,-151.0,-53.510100448052356,False
Test year,-46.0,18.006095258360233,False
Test year,5.0,77.71971778581525,False
Test year,200.0,153.65528041156108,False
Test year,379.0,344.72621157392814,False
Test year,543.0,409.73929131382476,False
Test year,625.0,592.0876939771083,False
Test year,658.0,554.329373660172,False
Test year,703.0,608.1547045475656,False
Test year,525.0,496.230348607735,False
Test year,528.0,426.3391670222252,False
Test year,309.0,268.92727715401804,False
Test year,49.0,81.63883700823362,False
Test year,-102.0,-81.37140690091425,False
Test year,-151.0,-116.59791737016792,False
Test year,-93.0,-161.72904532095436,False
Test year,-62.0,-169.16333789529136,False
Test year,-113.0,-117.49316559437176,False
Test year,-150.0,-164.65772725517263,False
Test year,-43.0,-132.19566272230688,False
Test year,-72.0,-136.03869019443357,False
Test year,-184.0,-142.1513997279184,False
Test year,-161.0,-162.8809372785114,False
Test year,-120.0,-178.39706537781694,False
Test year,-100.0,-176.11633500986653,False
Test year,-81.0,-149.71635085692844,False
Test year,-209.0,-150.58703632891462,False
Test year,-166.0,-147.90638014097732,False
Test year,-92.0,-132.87217954073532,False
Test year,-117.0,-62.62260416879826,False
Test year,-16.0,-48.29150330359292,False
Test year,-16.0,59.46823140090942,False
Test year,-29.0,16.594186453663212,False
Test year,48.0,144.07236922937614,False
Test year,58.0,105.346000722509,False
Test year,16.0,215.56477285254596,False
Test year,-218.0,-21.709209749888544,False
Test year,-359.0,-278.6694384041789,False
Test year,-383.0,-407.9630608806907,False
Test year,-370.0,-387.82189694546287,False
Test year,-429.0,-423.6932946715053,False
Test year,-286.0,-294.39931088559695,False
Test year,-354.0,-276.39009520142383,False
Test year,-286.0,-231.78394885183468,False
Test year,-167.0,-184.89882839559021,False
Test year,-233.0,-112.97473480602247,False
Test year,-126.0,-86.93186898300638,False
Test year,7.0,-39.27078145574575,False
Test year,58.0,52.923766702934586,False
Test year,136.0,131.74911569335222,False
Test year,192.0,188.65443997240996,False
Test year,397.0,245.6305127614957,False
Test year,486.0,449.3936424325265,False
Test year,566.0,477.57229538386747,False
Test year,758.0,586.8495708738625,False
Test year,617.0,661.4710504874793,False
Test year,597.0,568.7713418892511,False
Test year,548.0,426.97524785164313,False
Test year,540.0,466.9541818978522,False
Test year,430.0,272.0357319119444,False
Test year,71.0,160.9855590946009,False
Test year,-164.0,-81.87795948957665,False
Test year,-154.0,-145.83193992727502,False
Test year,-173.0,-173.9709896346523,False
Test year,-140.0,-203.93042418882692,False
Test year,-198.0,-158.13430539522938,False
Test year,-209.0,-203.9104887923079,False
Test year,-123.0,-162.30681263506358,False
Test year,-148.0,-172.40525714440213,False
Test year,-137.0,-174.14068186343428,False
Test year,-177.0,-134.50674354218972,False
Test year,-94.0,-162.76260189272654,False
Test year,-66.0,-151.76844841293314,False
Test year,-73.0,-118.27889665016482,False
Test year,-143.0,-130.3263196918016,False
Test year,-140.0,-107.9341005264834,False
Test year,-136.0,-101.42766280558322,False
Test year,-62.0,-64.87955443129408,False
Test year,-59.0,-17.39607588931409,False
Test year,14.0,57.810763111615756,False
Test year,77.0,39.86164786561329,False
Test year,237.0,207.94469415955817,False
Test year,263.0,227.78381419277338,False
Test year,386.0,344.42967404947694,False
Test year,60.0,201.41820232770039,False
Test year,-306.0,-148.37162202530618,False
Test year,-375.0,-356.2228218604962,False
Test year,-530.0,-364.8080861697468,False
Test year,-601.0,-487.93414000966106,False
Test year,-364.0,-365.7796663052593,False
Test year,-457.0,-343.1348909274318,False
Test year,-247.0,-264.74514412039696,False
Test year,53.0,-139.76681865350847,False
Test year,-185.0,31.89028196796852,False
Test year,71.0,-19.391956620225073,False
Test year,458.0,107.40179282275483,False
Test year,417.0,365.4781583213918,False
Test year,237.0,343.0515497847464,False
Test year,92.0,237.97247262818738,False
Test year,257.0,179.07218687521026,False
Test year,543.0,342.6480491904252,False
Test year,455.0,492.6017483786967,False
Test year,532.0,508.93705834987924,False
Test year,459.0,496.9130547629528,False
Test year,463.0,487.99647216325604,False
Test year,413.0,354.02986098396354,False
Test year,527.0,367.2289254970087,False
Test year,328.0,234.26455362482318,False
Test year,16.0,65.97598026492852,False
Test year,-167.0,-126.32047940662693,False
Test year,-171.0,-169.81080191890294,False
Test year,-193.0,-200.0107098644957,False
Test year,-145.0,-230.3626478886128,False
Test year,-235.0,-177.52625492133257,False
Test year,-265.0,-230.2761094544752,False
Test year,-138.0,-196.57006801234445,False
Test year,-191.0,-192.20959995853156,False
Test year,-192.0,-195.1250232996817,False
Test year,-153.0,-171.84205389710132,False
Test year,-128.0,-168.99535144336755,False
Test year,-51.0,-170.63508320702334,False
Test year,-214.0,-122.83741184964589,False
Test year,-160.0,-190.541423430294,False
Test year,-117.0,-133.61333755960993,False
Test year,50.0,-96.97006037430464,False
Test year,-119.0,14.586696733128917,False
Test year,-50.0,-31.27715692857413,False
Test year,-3.0,54.26767772433982,False
Test year,71.0,30.229096869753192,False
Test year,288.0,201.0000212562279,False
Test year,314.0,254.53865163575887,False
Test year,436.0,364.5636295816275,False
Test year,189.0,215.4557076637223,False
Test year,-252.0,-97.55798357743811,False
Test year,-527.0,-362.1560692409265,False
Test year,-682.0,-448.23889381293986,False
Test year,-741.0,-552.4895033572361,False
Test year,-566.0,-452.5026314104188,False
Test year,-462.0,-440.3020481415201,False
Test year,-142.0,-274.30405476918224,False
Test year,-176.0,-102.06823779762095,False
Test year,-294.0,-29.56509156620683,False
Test year,-153.0,-59.238658504066166,False
Test year,-44.0,-69.77529605904124,False
Test year,14.0,48.2911566798594,False
Test year,-41.0,147.2785984465657,False
Test year,91.0,144.25743555615009,False
Test year,245.0,229.91292631422107,False
Test year,462.0,391.7021517694217,False
Test year,495.0,496.44113251068404,False
Test year,640.0,559.2743847870913,False
Test year,735.0,572.801285195998,False
Test year,748.0,672.6740387308223,False
Test year,646.0,533.2802834629275,False
Test year,657.0,519.8373623111864,False
Test year,449.0,351.58814539800244,False
Test year,165.0,155.4655598035494,False
Test year,-108.0,-49.37730710368368,False
Test year,-139.0,-140.2892824276663,False
Test year,-140.0,-180.98003862574348,False
Test year,-183.0,-208.1899030773651,False
Test year,-242.0,-187.87452828471845,False
Test year,-276.0,-239.2804626891549,False
Test year,-168.0,-203.61382146555343,False
Test year,-192.0,-207.05615748307105,False
Test year,-196.0,-199.97201910787868,False
Test year,-185.0,-178.68129417981658,False
Test year,-128.0,-186.6709971216656,False
Test year,-107.0,-178.70644901780634,False
Test year,-199.0,-149.36410385426416,False
Test year,-176.0,-192.02280067557922,False
Test year,15.0,-140.3190239055633,False
Test year,-155.0,-45.874832492561495,False
Test year,-75.0,-66.67048440434212,False
Test year,27.0,-29.743319110762712,False
Test year,23.0,90.31956286477714,False
Test year,43.0,43.77841056038966,False
Test year,263.0,185.62870886983166,False
Test year,273.0,233.86067718843094,False
Test year,398.0,328.3921329818855,False
Test year,66.0,174.5642117311869,False
Test year,-204.0,-190.3476806196391,False
Test year,-508.0,-311.58182074159413,False
Test year,-605.0,-425.80409128497786,False
Test year,-668.0,-505.72474422685195,False
Test year,-574.0,-396.10252602007944,False
Test year,-381.0,-441.87687323411984,False
Test year,-247.0,-238.50376193363365,False
Test year,-257.0,-128.9904654471814,False
Test year,-262.0,-140.17798632969408,False
Test year,-126.0,-102.51350292738834,False
Test year,-12.0,-22.7868445062594,False
Test year,-22.0,86.04872776688796,False
Test year,49.0,101.14921259456054,False
Test year,196.0,175.20498143567465,False
Test year,373.0,278.37175099368125,False
Test year,404.0,459.6810216227337,False
Test year,472.0,442.644657207547,False
Test year,685.0,546.0297155755338,False
Test year,633.0,614.6109479700772,False
Test year,645.0,591.6166181573451,False
Test year,611.0,455.4344943025732,False
Test year,508.0,501.62984618658214,False
Test year,284.0,239.35936515275344,False
Test year,89.0,61.020107854062076,False
Test year,-124.0,-70.37289881509435,False
Test year,-172.0,-132.16690863018692,False
Test year,-115.0,-179.12769844671317,False
Test year,-178.0,-186.7710043153814,False
Test year,-230.0,-169.27052949868033,False
Test year,-195.0,-221.46719366989493,False
Test year,-89.0,-161.46178937733686,False
Test year,-157.0,-156.67710909901416,False
Test year,-155.0,-173.29441310933004,False
Test year,-155.0,-150.6904283945579,False
Test year,-93.0,-163.2755059342013,False
Test year,-145.0,-155.37689188466118,False
Test year,-128.0,-155.42020277833677,False
Test year,-195.0,-163.261770692811,False
Test year,-155.0,-135.31358044579662,False
Test year,-72.0,-115.25396435189896,False
Test year,-84.0,-41.459540755901116,False
Test year,45.0,-21.425001756250083,False
Test year,151.0,102.19116914060797,False
Test year,2.0,114.26265223853102,False
Test year,221.0,173.2957810775623,False
Test year,264.0,210.0398742008356,False
Test year,276.0,338.65702742007613,False
Test year,18.0,96.78819122765947,False
Test year,-267.0,-187.8403366151091,False
Test year,-412.0,-328.9635880899766,False
Test year,-495.0,-354.21279896032866,False
Test year,-623.0,-448.30236391367794,False
Test year,-527.0,-393.81403385682995,False
Test year,-436.0,-448.5347845496783,False
Test year,-153.0,-271.8984529313474,False
Test year,-335.0,-106.8404503840082,False
Test year,-107.0,-148.92204777391885,False
Test year,-102.0,-43.36207422447566,False
Test year,22.0,17.928648911807613,False
Test year,7.0,81.633156955901,False
Test year,87.0,136.74524027859707,False
Test year,215.0,200.41862216115135,False
Test year,410.0,298.13750954334546,False
Test year,380.0,487.9127276301476,False
Test year,518.0,429.8348933931423,False
Test year,709.0,580.2206698917316,False
Test year,643.0,625.5343490036455,False
Test year,628.0,593.1835749057843,False
Test year,460.0,445.1302611708126,False
Test year,492.0,386.3509868187052,False
Test year,266.0,236.9802386955417,False
Test year,37.0,51.383817804478554,False
Test year,-162.0,-92.96608544317101,False
Test year,-129.0,-144.4725702043527,False
Test year,-148.0,-162.6044709311625,False
Test year,-129.0,-190.53559100413366,False
Test year,-213.0,-149.65937044002743,False
Test year,-220.0,-205.98450780448405,False
Test year,-95.0,-164.74323042598405,False
Test year,-120.0,-158.5748489645277,False
Test year,-176.0,-155.84081939360044,False
Test year,-137.0,-153.82018017251562,False
Test year,-150.0,-157.8079527216746,False
Test year,-115.0,-174.98089143432207,False
Test year,-132.0,-147.8690237285382,False
Test year,-175.0,-161.1460835281569,False
Test year,-144.0,-127.56296155661715,False
Test year,-52.0,-107.76781824733877,False
Test year,31.0,-31.780133652494214,False
Test year,-96.0,30.065107426380678,False
Test year,-29.0,46.61785435460587,False
Test year,11.0,16.40846870921351,False
Test year,212.0,172.5008077495072,False
Test year,165.0,207.43079207704096,False
Test year,240.0,289.7171909431459,False
Test year,128.0,105.1173472683285,False
Test year,-149.0,-59.60878730306166,False
Test year,-233.0,-258.48248767109806,False
Test year,-374.0,-288.7944062324124,False
Test year,-540.0,-430.28885082718995,False
Test year,-412.0,-324.6650150890585,False
Test year,-650.0,-389.72397000015434,False
Test year,-289.0,-438.3756147366962,False
Test year,-233.0,-235.2473285769503,False
Test year,-192.0,-80.93801472165927,False
Test year,64.0,-49.564628917943196,False
Test year,76.0,122.34097245678782,False
Test year,151.0,130.71377674167547,False
Test year,182.0,216.353003778782,False
Test year,492.0,250.38885849037646,False
Test year,295.0,452.903554448817,False
Test year,299.0,398.36174070262336,False
Test year,482.0,369.370095009471,False
Test year,421.0,551.8831753080531,False
Test year,385.0,423.8292929051846,False
Test year,573.0,437.3322473718744,False
Test year,393.0,420.57864266229154,False
Test year,428.0,337.95356503942224,False
Test year,143.0,193.59821161786073,False
Test year,6.0,-5.910728647122454,False
Test year,-197.0,-98.83405834844177,False
Test year,-173.0,-148.38992417074775,False
Test year,-173.0,-172.4201674199344,False
Test year,87.0,-193.0996739312152,False
Test year,-214.0,-49.53909763596994,False
Test year,-313.0,-188.0762194420688,False
Test year,-68.0,-193.64247387637522,False
Test year,-113.0,-156.49217682249298,False
Test year,-140.0,-145.5922605863084,False
Test year,-148.0,-146.23926746508317,False
Test year,-97.0,-165.8782571590765,False
Test year,-119.0,-163.5055070458738,False
Test year,-168.0,-153.43780405590064,False
Test year,-155.0,-185.1875610284098,False
Test year,-12.0,-133.73645719297292,False
Test year,-187.0,-61.307382533621336,False
Test year,-135.0,-86.91111713357617,False
Test year,-125.0,-65.16612754127414,False
Test year,-57.0,12.485439576356441,False
Test year,-10.0,-8.840030567107647,False
Test year,67.0,150.69211324010212,False
Test year,43.0,116.3730585808508,False
Test year,23.0,218.65349036557183,False
Test year,-20.0,-17.050956355150873,False
Test year,-112.0,-117.2501551704488,False
Test year,-118.0,-197.7044819837178,False
Test year,-115.0,-218.77345257039212,False
Test year,-274.0,-278.35437772267414,False
Test year,-258.0,-230.38413347048305,False
Test year,-337.0,-287.3961237830074,False
Test year,-42.0,-227.89102223694817,False
Test year,-2.0,-35.32747138291211,False
Test year,-145.0,-31.395477032552662,False
Test year,-12.0,-106.4888882808242,False
Test year,46.0,-17.0873975681601,False
Test year,-109.0,65.21543477437086,False
Test year,102.0,1.860959531356059,False
Test year,70.0,155.60816977032488,False
Test year,110.0,175.15142055757275,False
Test year,299.0,271.1473544279163,False
Test year,387.0,360.55279019635884,False
Test year,522.0,474.5160891109641,False
Test year,500.0,475.299385088122,False
Test year,422.0,507.94139214115563,False
Test year,297.0,314.90716152962796,False
Test year,431.0,290.70149412147975,False
Test year,209.0,202.952418963993,False
Test year,30.0,34.347322071001486,False
Test year,-73.0,-82.03102225740389,False
Test year,-116.0,-97.31496014348815,False
Test year,-145.0,-138.52507040636547,False
Test year,-142.0,-178.72789430745712,False
Test year,-162.0,-146.83169468281625,False
Test year,-124.0,-182.32592224176847,False
Test year,-44.0,-118.09791461054408,False
Test year,-118.0,-125.08791686061107,False
Test year,-113.0,-151.9010586016215,False
Test year,-158.0,-131.39816085225567,False
Test year,44.0,-163.15374071068834,False
Test year,-202.0,-100.31549539143836,False
Test year,-90.0,-175.56466526879043,False
Test year,-239.0,-162.1537878073915,False
Test year,-140.0,-157.71645444552888,False
Test year,-125.0,-125.17775221014938,False
Test year,-55.0,-72.03598444296358,False
Test year,-106.0,-25.10255805026992,False
Test year,-43.0,26.61519421280019,False
Test year,-12.0,-1.7837633853028763,False
Test year,67.0,149.95243213955462,False
Test year,39.0,115.70911339501923,False
Test year,-57.0,197.4322075941315,False
Test year,-237.0,-87.6825216499532,False
Test year,-217.0,-268.5746520908403,False
Test year,-314.0,-339.6633654748076,False
Test year,-307.0,-336.6149979209657,False
Test year,-417.0,-413.8352539693087,False
Test year,-238.0,-297.47408178407574,False
Test year,-245.0,-239.05663630687414,False
Test year,-151.0,-154.44280512709673,False
Test year,-116.0,-126.92649136533026,False
Test year,-90.0,-61.35529141196389,False
Test year,32.0,-25.174588486180596,False
Test year,102.0,91.68311372635463,False
Test year,310.0,141.66635136656552,False
Test year,368.0,292.68088778256976,False
Test year,360.0,317.17188327695567,False
Test year,200.0,351.93839417657364,False
Test year,489.0,315.50279444872984,False
Test year,610.0,477.21074470258935,False
Test year,543.0,617.6540875058596,False
Test year,327.0,485.37153379704256,False
Test year,312.0,390.5064024354152,False
Test year,285.0,249.33664383890863,False
Test year,303.0,289.91746436504224,False
Test year,295.0,110.73932432518612,False
Test year,71.0,93.45032728513223,False
Test year,-141.0,-66.93255820341003,False
Test year,-130.0,-125.37015928895494,False
Test year,-138.0,-151.71371330184388,False
Test year,-173.0,-178.54330137810348,False
Test year,-132.0,-157.76424714382102,False
Test year,-160.0,-173.77553166886855,False
Test year,-105.0,-129.18666371568406,False
Test year,-91.0,-153.54713336527328,False
Test year,-138.0,-145.1032862514408,False
Test year,-140.0,-125.83610555022284,False
Test year,-104.0,-145.59679858365115,False
Test year,-101.0,-149.77970291104924,False
Test year,-114.0,-131.54377343578233,False
Test year,-153.0,-147.93248620550185,False
Test year,-88.0,-114.0021214116251,False
Test year,-65.0,-80.7276189513409,False
Test year,-31.0,-30.704541306352326,False
Test year,91.0,2.142488238051129,False
Test year,-76.0,129.63234832536943,False
Test year,114.0,6.77167666363502,False
Test year,218.0,221.07139068475465,False
Test year,134.0,214.72977332293715,False
Test year,231.0,247.32696239841698,False
Test year,38.0,107.5911563187806,False
Test year,-51.0,-70.29391056404933,False
Test year,-199.0,-201.25519415736372,False
Test year,-160.0,-251.06625737733157,False
Test year,-440.0,-326.90797404103307,False
Test year,-383.0,-310.87218215657185,False
Test year,-338.0,-358.82900497572643,False
Test year,-13.0,-179.5489004667873,False
Test year,64.0,-25.76797441336464,False
Test year,-328.0,40.88791101765588,False
Test year,-104.0,-197.39746468122348,False
Test year,-117.0,-39.86317912152373,False
Test year,-104.0,-9.16290839952876,False
Test year,62.0,64.45073082262695,False
Test year,190.0,168.689774783832,False
Test year,279.0,286.3892732409821,False
Test year,243.0,405.95905801179566,False
Test year,506.0,354.937084914995,False
Test year,508.0,573.9484115739604,False
Test year,548.0,475.4754807276186,False
Test year,656.0,536.8234089869641,False
Test year,368.0,465.7625313427134,False
Test year,423.0,315.60237859657195,False
Test year,174.0,187.6800374701028,False
Test year,84.0,8.97658377515637,False
Test year,-176.0,-69.67490941468236,False
Test year,-203.0,-145.48848680815752,False
Test year,-133.0,-188.09560645604438,False
Test year,-165.0,-187.9742603718185,False
Test year,-148.0,-155.83139596973842,False
Test year,-193.0,-179.8499652904339,False
Test year,-105.0,-142.5068855895165,False
Test year,-101.0,-155.2148003791586,False
Test year,-149.0,-146.10615483152418,False
Test year,-122.0,-137.04688808676826,False
Test year,-135.0,-144.94508805908322,False
Test year,-146.0,-164.21634236690215,False
Test year,-143.0,-155.49636846398153,False
Test year,-203.0,-165.7610007666782,False
Test year,-108.0,-137.1494742663969,False
Test year,-115.0,-94.98883362129999,False
Test year,-48.0,-52.29356341510095,False
Test year,-77.0,-8.3608244471516,False
Test year,-6.0,52.45099544358794,False
Test year,67.0,30.561050123166865,False
Test year,223.0,203.0419629915706,False
Test year,90.0,217.50749733066198,False
Test year,146.0,211.56376246076405,False
Test year,-123.0,5.687096125602011,False
Test year,-181.0,-209.6047387450377,False
Test year,-296.0,-297.1380894007525,False
Test year,-295.0,-300.3557082789649,False
Test year,-328.0,-352.09503145909395,False
Test year,-363.0,-191.76042827144445,False
Test year,-389.0,-297.35250513608054,False
Test year,-264.0,-243.93319458637845,False
Test year,-112.0,-143.54212736550508,False
Test year,-41.0,-39.622366335724166,False
Test year,24.0,51.205196878666754,False
Test year,134.0,91.05720256097288,False
Test year,21.0,181.49686921596964,False
Test year,245.0,145.05118289858905,False
Test year,205.0,302.4340579373164,False
Test year,430.0,296.80720400626706,False
Test year,454.0,509.25563063748956,False
Test year,518.0,488.18431933958806,False
Test year,635.0,588.8444699554412,False
Test year,617.0,562.8858124538044,False
Test year,579.0,562.4039880926671,False
Test year,238.0,396.15474586040494,False
Test year,344.0,224.11281442704427,False
Test year,122.0,117.42526472805713,False
Test year,-40.0,-27.459653507252312,False
Test year,-220.0,-135.6271939340516,False
Test year,-208.0,-173.16155008443937,False
Test year,-146.0,-200.32421112934662,False
Test year,-193.0,-197.9341782793536,False
Test year,-174.0,-171.59190319134143,False
Test year,-168.0,-196.2018800128298,False
Test year,-99.0,-138.59562672306885,False
Test year,-106.0,-152.57573517320145,False
Test year,-182.0,-150.2439486762732,False
Test year,-155.0,-156.5383840538642,False
Test year,-128.0,-167.19405114225754,False
Test year,-83.0,-169.6978640349936,False
Test year,-213.0,-134.4143093806632,False
Test year,-160.0,-191.22031732989726,False
Test year,-138.0,-132.52118247005228,False
Test year,-141.0,-104.78669856518923,False
Test year,-152.0,-68.45153081501013,False
Test year,-60.0,-55.97942486626363,False
Test year,-15.0,47.98642380408364,False
Test year,56.0,25.55837346449664,False
Test year,198.0,194.83898245526908,False
Test year,177.0,200.44795158393856,False
Test year,238.0,284.12246121684876,False
Test year,-30.0,98.34862606555618,False
Test year,-72.0,-145.08802893941936,False
Test year,-264.0,-200.52329274800152,False
Test year,-342.0,-327.13185308859283,False
Test year,-586.0,-420.1894924068009,False
Test year,-373.0,-390.8168266825491,False
Test year,-387.0,-299.3980156075803,False
Test year,-238.0,-215.83798212197922,False
Test year,-171.0,-153.06663285517033,False
Test year,-72.0,-65.11815712644585,False
Test year,96.0,-8.702047825795887,False
Test year,-220.0,97.72249989773303,False
Test year,18.0,-93.17627760857886,False
Test year,129.0,145.41197695757586,False
Test year,203.0,238.93849710829238,False
Test year,303.0,302.0543453111834,False
Test year,392.0,432.13839470783023,False
Test year,514.0,453.0915844787156,False
Test year,623.0,589.2908630361192,False
Test year,625.0,556.1663442165922,False
Test year,628.0,579.0876468390264,False
Test year,511.0,428.9276673034944,False
Test year,374.0,406.0610789488429,False
Test year,161.0,140.63997582586993,False
Test year,33.0,5.085234565178951,False
Test year,-185.0,-97.95291570625659,False
Test year,-209.0,-152.03341473700917,False
Test year,-107.0,-192.84521435978087,False
Test year,-110.0,-180.6876161148203,False
Test year,-150.0,-135.54080764351136,False
Test year,-234.0,-179.13634269351928,False
Test year,-74.0,-162.05355027899986,False
Test year,-154.0,-152.2499523924456,False
Test year,-114.0,-167.70051905089196,False
Test year,-151.0,-131.6633007212235,False
Test year,-135.0,-155.5284539293536,False
Test year,-137.0,-169.53802200458756,False
Test year,-152.0,-154.1804456493552,False
Test year,-147.0,-169.9313988343062,False
Test year,-172.0,-117.70298222520364,False
Test year,-76.0,-114.71061624021087,False
Test year,-41.0,-44.04783570253818,False
Test year,-48.0,-2.8576930494604653,False
Test year,-6.0,64.1035350956605,False
Test year,22.0,31.6289873714922,False
Test year,189.0,180.17467451285546,False
Test year,93.0,192.78469476762464,False
Test year,97.0,199.27558777799027,False
Test year,-30.0,-47.389187668157035,False
Test year,-456.0,-169.2705647286117,False
Test year,-384.0,-462.02831687213796,False
Test year,-416.0,-352.9594397493973,False
Test year,-416.0,-406.0750347166056,False
Test year,-149.0,-249.8858715709209,False
Test year,-268.0,-155.3989554892704,False
Test year,-186.0,-114.28737766412462,False
Test year,-7.0,-92.26071008797334,False
Test year,-56.0,46.75238486189755,False
Test year,-2.0,47.911516508076545,False
Test year,164.0,81.47055927351545,False
Test year,104.0,184.54062006789889,False
Test year,246.0,173.40071523905817,False
Test year,257.0,280.6905470443171,False
Test year,352.0,299.89633320166786,False
Test year,733.0,432.99618658966455,False
Test year,125.0,659.8230622385793,False
Test year,534.0,311.10431882196025,False
Test year,422.0,499.70671187230647,False
Test year,557.0,455.67181335888233,False
Test year,271.0,412.4117768699498,False
Test year,413.0,262.6223101534379,False
Test year,289.0,173.66358644681054,False
Test year,90.0,80.29129769074919,False
Test year,-167.0,-74.87943601095645,False
Test year,-192.0,-148.19778655726867,False
Test year,-118.0,-189.16433155485288,False
Test year,-67.0,-187.51328766893238,False
Test year,-211.0,-124.72600784262244,False
Test year,-252.0,-203.38248267531105,False
Test year,-102.0,-179.07525633989144,False
Test year,-155.0,-168.21737798173695,False
Test year,-167.0,-171.4964547179968,False
Test year,-164.0,-155.17907674330485,False
Test year,-90.0,-168.09916950274567,False
Test year,-133.0,-155.03745085147523,False
Test year,-153.0,-150.25889635318816,False
Test year,-186.0,-171.85437209591964,False
Test year,-90.0,-134.6061588094837,False
Test year,-169.0,-88.04502346095921,False
Test year,-115.0,-74.31179646341195,False
Test year,-8.0,-43.57999705603527,False
Test year,86.0,75.11003135997592,False
Test year,81.0,77.51608657236031,False
Test year,167.0,211.2522044375201,False
Test year,118.0,177.97846620561512,False
Test year,84.0,198.73495648815987,False
Test year,-213.0,-69.01463346038241,False
Test year,-333.0,-277.4408698662642,False
Test year,-395.0,-381.82724661211813,False
Test year,-450.0,-354.0622706194554,False
Test year,-505.0,-434.3041830181852,False
Test year,-373.0,-295.8227403292024,False
Test year,-264.0,-278.9539319696851,False
Test year,-413.0,-166.22790993373883,False
Test year,-49.0,-180.1676708038285,False
Test year,-133.0,-40.545798817317916,False
Test year,-73.0,-17.22692809862815,False
Test year,2.0,26.10970846563464,False
Test year,105.0,83.75394994756721,False
Test year,119.0,197.9943138945937,False
Test year,178.0,226.82909039730364,False
Test year,263.0,286.2189141003467,False
Test year,435.0,406.4592347370861,False
Test year,601.0,487.81455417678194,False
Test year,620.0,648.4918581971957,False
Test year,669.0,553.276553177115,False
Test year,653.0,624.2687212254039,False
Test year,409.0,449.0804252380075,False
Test year,414.0,336.78532478917623,False
Test year,169.0,187.26751562850268,False
Test year,111.0,23.33442536865465,False
Test year,-176.0,-48.27463151920716,False
Test year,-160.0,-136.41172439299896,False
Test year,-107.0,-164.71720283493323,False
Test year,-128.0,-167.1246786477675,False
Test year,-166.0,-135.6956774131017,False
Test year,-146.0,-180.1450934678877,False
Test year,-25.0,-124.55203794962034,False
Test year,-109.0,-116.33229205225501,False
Test year,-103.0,-143.69456716664592,False
Test year,-183.0,-134.07120922533778,False
Test year,-104.0,-178.27332498972135,False
Test year,-70.0,-172.65864501994128,False
Test year,-184.0,-136.35039335684695,False
Test year,-200.0,-189.03601767966327,False
Test year,-188.0,-154.456261085584,False
Test year,-49.0,-139.5860036408817,False
Test year,-101.0,-46.76877276047355,False
Test year,-75.0,-38.0227356363136,False
Test year,-18.0,36.11602009230427,False
Test year,25.0,12.32798273771158,False
Test year,65.0,168.91679175690507,False
Test year,23.0,110.41114569151361,False
Test year,-114.0,135.08646828466118,False
Test year,-365.0,-174.3285164842404,False
Test year,-380.0,-349.4127029531959,False
Test year,-345.0,-437.74372097651195,False
Test year,-368.0,-357.79394513428434,False
Test year,-394.0,-396.03668547667115,False
Test year,-271.0,-256.1911673568492,False
Test year,-193.0,-232.8606771182704,False
Test year,-214.0,-139.37396987469867,False
Test year,-174.0,-109.79882156664902,False
Test year,-61.0,-74.47006932263184,False
Test year,-87.0,-37.48255697760649,False
Test year,-18.0,21.1857716502102,False
Test year,-8.0,12.136214735395981,False
Test year,1.0,105.61552635820425,False
Test year,192.0,132.61429119538602,False
Test year,279.0,267.0509602588995,False
Test year,533.0,389.19437407608774,False
Test year,553.0,535.9442178135914,False
Test year,635.0,588.8637560589143,False
Test year,662.0,553.0974463530117,False
Test year,574.0,610.5606585106243,False
Test year,440.0,393.3039243592256,False
Test year,373.0,364.34624549275645,False
Test year,223.0,160.84432378041657,False
Test year,119.0,66.21938671346106,False
Test year,-100.0,-38.58402183495042,False
Test year,-121.0,-102.2205338551332,False
Test year,-119.0,-139.16749307455734,False
Test year,-59.0,-166.20834800222946,False
Test year,-111.0,-108.59448460395697,False
Test year,-147.0,-154.17669867927765,False
Test year,-57.0,-122.13510470909875,False
Test year,-59.0,-133.24431127723557,False
Test year,-131.0,-129.49514890845603,False
Test year,-135.0,-134.70138328627024,False
Test year,-60.0,-156.74070709222792,False
Test year,-148.0,-144.6242931665604,False
Test year,-153.0,-160.3726188184425,False
Test year,-173.0,-180.91611884269156,False
Test year,-62.0,-138.21203042133703,False
Test year,-63.0,-84.20890847231178,False
Test year,-43.0,-39.674563206567484,False
Test year,-45.0,-14.681686710792604,False
Test year,-11.0,53.128574350625456,False
Test year,-19.0,17.42150534492015,False
Test year,94.0,149.10576264299027,False
Test year,-17.0,125.54553490024999,False
Test year,-95.0,144.3471773095477,False
Test year,-292.0,-185.63929575077867,False
Test year,-375.0,-314.04743156837264,False
Test year,-424.0,-442.1486172139314,False
Test year,-375.0,-387.1394458548245,False
Test year,-517.0,-438.9632743337803,False
Test year,-180.0,-305.7586345011672,False
Test year,-399.0,-246.74374386697767,False
Test year,-287.0,-227.10614948243506,False
Test year,-112.0,-184.76225692881195,False
Test year,-60.0,-68.16166321054851,False
Test year,-95.0,1.3617963991594593,False
Test year,35.0,-30.40499414849944,False
Test year,29.0,71.81535911496789,False
Test year,256.0,119.77025389569195,False
Test year,311.0,275.70570831875807,False
Test year,484.0,337.12217283769957,False
Test year,637.0,529.6519206911967,False
Test year,599.0,599.0648378133699,False
Test year,597.0,604.324837640538,False
Test year,557.0,528.1453922676674,False
Test year,539.0,533.3914353877583,False
Test year,556.0,379.08613794166905,False
Test year,292.0,450.6879306152798,False
Test year,96.0,94.18993256703223,False
Test year,-49.0,-5.717208360076825,False
Test year,-129.0,-120.02319843390273,False
Test year,-115.0,-118.61163558762925,False
Test year,-187.0,-137.16320481929637,False
Test year,-165.0,-188.85348589802413,False
Test year,-33.0,-153.90473001539107,False
Test year,-85.0,-127.57169019075712,False
Test year,-101.0,-88.30663919457592,False
Test year,-173.0,-142.33994714193778,False
Test year,-121.0,-175.0278158298118,False
Test year,-120.0,-125.18633304204485,False
Test year,-154.0,-134.1643106519731,False
Test year,-192.0,-165.8640958584224,False
Test year,-86.0,-171.15641268382245,False
Test year,-121.0,-144.9845373110166,False
Test year,-75.0,-97.88975613499309,False
Test year,-79.0,-71.4353072070702,False
Test year,6.0,-35.12947754132273,False
Test year,-69.0,18.054925767940148,False
Test year,10.0,57.702831686708066,False
Test year,56.0,37.24442914467173,False
Test year,140.0,197.354036727375,False
Test year,17.0,165.8045530698494,False
Test year,-85.0,188.11482228073658,False
Test year,-100.0,-95.43807398832251,False
Test year,36.0,-122.93215521558938,False
Test year,-162.0,-142.16614831551192,False
Test year,-263.0,-209.4083472113229,False
Test year,-208.0,-394.13059297392687,False
Test year,-172.0,-191.53628189891026,False
Test year,-133.0,-192.50333659246863,False
Test year,-289.0,-155.02333191920192,False
Test year,-283.0,-172.31688861763723,False
Test year,-206.0,-230.78043026487236,False
Test year,-11.0,-90.28475990159569,False
Test year,5.0,30.050316406328193,False
Test year,258.0,42.56491382592077,False
Test year,411.0,271.6857300677883,False
Test year,627.0,356.43012584756025,False
Test year,643.0,506.12870527099847,False
Test year,556.0,550.8811709592615,False
Test year,287.0,455.1750036090602,False
Test year,387.0,392.70342203917005,False
Test year,253.0,399.59862989656654,False
Test year,317.0,365.76907642084916,False
Test year,151.0,269.8002280938309,False
Test year,74.0,210.6569108639153,False
Test year,-54.0,-39.754194639993386,False
Test year,-111.0,-85.27494500195701,False
Test year,-139.0,-137.24611184418933,False
Test year,-122.0,-119.04471584430146,False
Test year,-169.0,-132.12458092559058,False
Test year,-209.0,-173.2241002266997,False
Test year,-119.0,-158.06465792818204,False
Test year,-130.0,-157.0639059441839,False
Test year,-89.0,-100.81126516091939,False
Test year,-143.0,-128.86056079174085,False
Test year,-108.0,-149.3281978653361,False
Test year,-91.0,-114.29238321722539,False
Test year,-125.0,-119.33716808713558,False
Test year,-155.0,-149.8688870019753,False
Test year,-129.0,-151.92629410106719,False
Test year,-90.0,-156.48430588247112,False
Test year,-61.0,-87.79260201373029,False
Test year,-8.0,-61.31723751125011,False
Test year,94.0,-2.0244946981976,False
Test year,-9.0,67.25975865146552,False
Test year,162.0,88.14329143811102,False
Test year,119.0,120.78853413711298,False
Test year,362.0,234.2639651978992,False
Test year,281.0,306.662061349091,False
Test year,141.0,339.4069949255526,False
Test year,110.0,27.7481679994998,False
Test year,3.0,8.05327105690526,False
Test year,-109.0,-132.49804880768124,False
Test year,-120.0,-152.4331379033656,False
Test year,-338.0,-291.3694808167582,False
Test year,-290.0,-220.02442547424357,False
Test year,-93.0,-286.9125945893225,False
Test year,-209.0,-107.83665544892625,False
Test year,-119.0,-140.52578967137234,False
Test year,178.0,-110.05273273251413,False
Test year,-264.0,102.6551315910938,False
Test year,1.0,-103.13816521020664,False
Test year,-144.0,1.0282535391663714,False
Test year,153.0,-27.32937686121153,False
Test year,172.0,188.04735771972867,False
Test year,137.0,215.386052508604,False
Test year,133.0,272.36953954297815,False
Test year,226.0,247.97578868795426,False
Test year,207.0,369.88354551206686,False
Test year,337.0,286.75950680238043,False
Test year,460.0,417.4401036999627,False
Test year,393.0,348.58760857641386,False
Test year,290.0,350.24912539681173,False
Test year,43.0,89.7282858853996,False
Test year,-35.0,-39.59720599992889,False
Test year,-168.0,-116.46927422794602,False
Test year,-131.0,-134.00933822280882,False
Test year,-182.0,-147.40373669307525,False
Test year,-190.0,-186.67995127301845,False
Test year,-133.0,-158.9458564022628,False
Test year,-156.0,-165.58954173756433,False
Test year,-77.0,-116.69187955178677,False
Test year,-112.0,-130.63577789848858,False
Test year,-141.0,-139.78071582200934,False
Test year,-146.0,-131.7177681509188,False
Test year,-157.0,-150.97877237178153,False
Test year,-152.0,-173.1521709101802,False
Test year,-191.0,-158.63714798182633,False
Test year,-152.0,-184.35820946818956,False
Test year,-76.0,-123.0551761095702,False
Test year,27.0,-76.44227214026512,False
Test year,-77.0,10.359371827943363,False
Test year,32.0,-12.835094950868466,False
Test year,152.0,96.49337527020003,False
Test year,153.0,114.91397827327461,False
Test year,359.0,250.68406614551765,False
Test year,232.0,295.4944407449624,False
Test year,73.0,247.48434007810482,False
Test year,-168.0,-81.87933608305818,False
Test year,-302.0,-240.7679306100987,False
Test year,-369.0,-362.312842687901,False
Test year,-453.0,-330.9529999187831,False
Test year,-493.0,-440.2935781663005,False
Test year,-265.0,-305.7934129195459,False
Test year,-65.0,-216.27809243291387,False
Test year,209.0,-5.829839222572559,False
Test year,-371.0,230.05728650156243,False
Test year,-296.0,-253.7203023162714,False
Test year,-75.0,-143.70613627369673,False
Test year,49.0,29.40827980036613,False
Test year,171.0,141.0930268370676,False
Test year,435.0,248.5263344721646,False
Test year,476.0,419.1051608782646,False
Test year,951.0,451.6806660779206,False
Test year,332.0,827.3127848990963,False
Test year,327.0,341.15909138848076,False
Test year,631.0,423.338302076478,False
Test year,365.0,521.8430761281452,False
Test year,331.0,390.88153103643435,False
Test year,128.0,243.15398258898125,False
Test year,159.0,169.85601549684856,False
Test year,66.0,-10.868367348266418,False
Test year,-204.0,-55.38801177916034,False
Test year,-182.0,-198.29259252250102,False
Test year,-184.0,-171.11863125972312,False
Test year,-208.0,-183.21075216934446,False
Test year,-254.0,-214.70346124659238,False
Test year,-151.0,-196.83314548967087,False
Test year,-123.0,-190.70357432174416,False
Test year,-92.0,-114.30542104355885,False
Test year,-168.0,-141.7132928714039,False
Test year,-169.0,-170.43146074280628,False
Test year,-173.0,-150.46295730165969,False
Test year,-190.0,-165.46689847557695,False
Test year,-93.0,-188.96761157019847,False
Test year,-195.0,-138.65077739223847,False
Test year,-116.0,-179.32548582051436,False
Test year,-39.0,-108.19783550017246,False
Test year,-75.0,-56.04640698074553,False
Test year,-16.0,-30.8711647324198,False
Test year,1.0,8.470460774675047,False
Test year,163.0,87.37782848154507,False
Test year,185.0,120.7321552754957,False
Test year,306.0,269.81074788226545,False
Test year,216.0,261.2589940633599,False
Test year,217.0,281.7506586876441,False
Test year,137.0,95.2223766907608,False
Test year,107.0,49.99063826984565,False
Test year,-242.0,-99.21290302876787,False
Test year,-28.0,-224.42093954538996,False
Test year,-117.0,-151.79910785838985,False
Test year,-46.0,-95.80450913170199,False
Test year,90.0,-112.13275289485483,False
Test year,-165.0,-0.3063963302701609,False
Test year,179.0,-217.66710979936073,False
Test year,121.0,111.28620703482926,False
Test year,-52.0,19.950727772878565,False
Test year,-146.0,-99.94931944504702,False
Test year,-47.0,-144.23338361593227,False
Test year,64.0,-10.924791814940534,False
Test year,79.0,62.96512014843864,False
Test year,52.0,130.34961943448178,False
Test year,-18.0,174.92361183130504,False
Test year,93.0,109.47688202405436,False
Test year,282.0,270.49749702636825,False
Test year,128.0,313.2839861613351,False
Test year,314.0,274.844413400427,False
Test year,165.0,245.22230471334422,False
Test year,170.0,202.40694638072114,False
Test year,143.0,8.777423004242507,False
Test year,42.0,-0.9403619490582855,False
Test year,-173.0,-89.73983685881586,False
Test year,-171.0,-145.47727440070656,False
Test year,-190.0,-175.7138315107942,False
Test year,-264.0,-205.46928643209435,False
Test year,-133.0,-197.34114142401575,False
Test year,-75.0,-184.6167084770256,False
Test year,-234.0,-93.51097118881381,False
Test year,-121.0,-191.58594195802954,False
Test year,-157.0,-166.6426425674395,False
Test year,-189.0,-141.1689079540239,False
Test year,-177.0,-170.63343966406438,False
Test year,-197.0,-186.1887647105316,False
Test year,-174.0,-178.18300275020567,False
Test year,-138.0,-182.23316286514148,False
Test year,-56.0,-114.22669102012361,False
Test year,-40.0,-65.37323666198105,False
Test year,-10.0,-17.1251538111203,False
Test year,74.0,13.662948386014506,False
Test year,129.0,122.67151157919972,False
Test year,167.0,104.23667106891065,False
Test year,327.0,258.7756143851266,False
Test year,200.0,270.07701707466913,False
Test year,30.0,201.64567184880212,False
Test year,-184.0,-120.38974587042904,False
Test year,-277.0,-242.2937969819422,False
Test year,-454.0,-376.10565478109976,False
Test year,-288.0,-379.8001932312482,False
Test year,-611.0,-352.429790638856,False
Test year,-284.0,-304.4084997137203,False
Test year,-278.0,-269.47405201097877,False
Test year,-294.0,-144.93951109981873,False
Test year,-149.0,-130.80571448781762,False
Test year,-37.0,-81.09081836243547,False
Test year,-66.0,62.34196533271603,False
Test year,-50.0,59.670998913608344,False
Test year,81.0,81.31009290313409,False
Test year,205.0,188.13393968679736,False
Test year,313.0,289.44478811581996,False
Test year,384.0,386.29673820266703,False
Test year,508.0,499.27031710659656,False
Test year,660.0,547.3275374612757,False
Test year,665.0,686.6055103404459,False
Test year,487.0,578.5496107944364,False
Test year,599.0,468.95098784932077,False
Test year,326.0,395.77116163568485,False
Test year,208.0,253.00058923144988,False
Test year,64.0,27.990870309397565,False
Test year,-46.0,-26.553004691946256,False
Test year,-214.0,-135.15783267338622,False
Test year,-182.0,-162.50773497848945,False
Test year,-217.0,-181.41818861135636,False
Test year,-215.0,-212.94032098904273,False
Test year,-223.0,-179.3225848647155,False
Test year,-101.0,-208.24129236171353,False
Test year,-22.0,-110.78219616339953,False
Test year,-155.0,-106.83760194092304,False
Test year,-123.0,-157.73617514273525,False
Test year,-190.0,-142.56032818746849,False
Test year,-97.0,-178.8194862639885,False
Test year,-254.0,-166.6937236034256,False
Test year,-8.0,-203.4994064983079,False
Test year,-247.0,-134.40050056373843,False
Test year,-112.0,-154.94402967931325,False
Test year,-51.0,-114.85729446954832,False
Test year,-83.0,-38.426445059267564,False
Test year,-10.0,-30.351108899297913,False
Test year,26.0,66.00483141541838,False
Test year,34.0,36.94083471951788,False
Test year,111.0,175.36694164146888,False
Test year,1.0,123.10594658886207,False
Test year,-139.0,81.95776793906742,False
Test year,-264.0,-211.11248501633537,False
Test year,-303.0,-319.6376583182543,False
Test year,-377.0,-379.62479286968215,False
Test year,-359.0,-343.5698826798496,False
Test year,-441.0,-391.5418613206066,False
Test year,-336.0,-267.24165423424944,False
Test year,-204.0,-261.908763642994,False
Test year,37.0,-157.79142836652775,False
Test year,-258.0,-2.0813703302368083,False
Test year,-53.0,-85.51430400936783,False
Test year,-71.0,-14.03214410801246,False
Test year,46.0,29.840321833088126,False
Test year,61.0,94.17127172409494,False
Test year,169.0,153.11053353215976,False
Test year,235.0,245.89729141564044,False
Test year,413.0,314.8740378290681,False
Test year,566.0,504.49858992159574,False
Test year,587.0,579.9338056533081,False
Test year,707.0,630.8857407346009,False
Test year,579.0,624.3706756979394,False
Test year,690.0,523.2801455787042,False
Test year,457.0,459.0907019673886,False
Test year,199.0,335.63459690214194,False
Test year,31.0,17.605427992700754,False
Test year,-96.0,-39.480229710970576,False
Test year,-115.0,-154.9098925033342,False
Test year,-113.0,-127.72642777762724,False
Test year,-205.0,-145.22942216811913,False
Test year,-209.0,-204.61495678064176,False
Test year,-133.0,-180.2488875687675,False
Test year,-137.0,-178.82435817040243,False
Test year,-114.0,-120.64434208193313,False
Test year,-150.0,-155.1871293283151,False
Test year,-145.0,-169.291527684097,False
Test year,-183.0,-146.29626486674516,False
Test year,-103.0,-174.806855561519,False
Test year,-60.0,-165.43756485625312,False
Test year,-229.0,-125.68587362167193,False
Test year,-154.0,-201.33361251129247,False
Test year,-69.0,-139.75021787867428,False
Test year,-44.0,-84.4770660886008,False
Test year,-48.0,-31.818361276053082,False
Test year,15.0,-15.404808808210078,False
Test year,-5.0,79.71377933970513,False
Test year,8.0,23.598351138146967,False
Test year,52.0,161.71334469890974,False
Test year,-81.0,88.71207341358624,False
Test year,-131.0,35.277595784633434,False
Test year,-561.0,-197.80983953978836,False
Test year,-297.0,-413.13630814194744,False
Test year,-157.0,-438.89189455640616,False
Test year,-236.0,-273.14055670864656,False
Test year,-237.0,-280.8077539632192,False
Test year,-224.0,-167.12424167522494,False
Test year,-89.0,-193.21781414152835,False
Test year,49.0,-31.314788385243617,False
Test year,98.0,68.91484751866108,False
Test year,-74.0,87.36913606611466,False
Test year,304.0,27.12856547970341,False
Test year,778.0,244.30179580037006,False
Test year,896.0,504.6406788614249,False
Test year,583.0,549.9457805824476,True
Test year,126.0,313.9669310653459,True
Test year,246.0,130.98873837601826,False
Test year,58.0,286.11243376674304,False
Test year,78.0,145.98549734592012,False
Test year,283.0,241.78668225056344,False
Test year,103.0,332.65111584734314,False
Test year,252.0,264.3116876227733,False
Test year,125.0,206.38463220600232,False
Test year,43.0,174.44904516961634,False
Test year,7.0,-59.197801888658546,False
Test year,-47.0,-56.608806554123134,False
Test year,-126.0,-121.12217974769479,False
Test year,-152.0,-120.75027712033588,False
Test year,-217.0,-153.83714600149978,False
Test year,-182.0,-205.5260066419646,False
Test year,-100.0,-164.71682661756586,False
Test year,-117.0,-156.72498211917542,False
Test year,-64.0,-104.88723773172572,False
Test year,-203.0,-128.59821968394596,False
Test year,-116.0,-182.09233801866043,False
Test year,-136.0,-125.5510383685924,False
Test year,-95.0,-138.68821658681316,False
Test year,-114.0,-142.73816163740702,False
Test year,-83.0,-133.96102187607949,False
Test year,-129.0,-134.8913661152787,False
Test year,-67.0,-100.97912208852404,False
Test year,-48.0,-69.03925206453056,False
Test year,8.0,-21.554757602239533,False
Test year,56.0,21.052740859859995,False
Test year,203.0,114.51950940826765,False
Test year,148.0,147.0850521754595,False
Test year,351.0,249.58881276855845,False
Test year,214.0,282.5538259607359,False
Test year,105.0,195.60220435153803,False
Test year,-234.0,-79.95877470775048,False
Test year,-394.0,-272.20279899645107,False
Test year,-481.0,-392.9432916508507,False
Test year,-475.0,-395.2952673249654,False
Test year,-464.0,-448.44987629911,False
Test year,-19.0,-258.78231258026074,False
Test year,-484.0,-119.70666946309223,False
Test year,-203.0,-217.46616144729876,False
Test year,-142.0,-155.32291367661955,False
Test year,-85.0,-37.441792539750395,False
Test year,-56.0,-5.134794198949805,False
Test year,-118.0,46.311361034252,False
Test year,-10.0,8.006141571423655,False
Test year,28.0,143.22276418031709,False
Test year,183.0,179.19816314903693,False
Test year,255.0,288.8727347645706,False
Test year,424.0,398.314376708284,False
Test year,515.0,493.66052514516247,False
Test year,638.0,583.8620574910758,False
Test year,631.0,570.8183175294284,False
Test year,684.0,587.3255719894291,False
Test year,491.0,478.39140217713543,False
Test year,358.0,396.3844223376762,False
Test year,103.0,137.16464441167278,False
Test year,-30.0,9.257265901087322,False
Test year,-67.0,-110.60786456248098,False
Test year,-147.0,-91.12499268979337,False
Test year,-158.0,-141.43446931547328,False
Test year,-287.0,-176.9218006806874,False
Test year,-155.0,-189.8412088361726,False
Test year,-142.0,-185.34391818470408,False
Test year,-109.0,-110.61877607312329,False
Test year,-91.0,-139.24790268316542,False
Test year,-128.0,-131.45289265794003,False
Test year,-127.0,-118.47485574004276,False
Test year,-141.0,-136.5514530076357,False
Test year,-146.0,-160.0995534621859,False
Test year,-60.0,-150.4107451039036,False
Test year,-131.0,-127.65866703913667,False
Test year,-48.0,-98.82437869919974,False
Test year,-75.0,-59.868247961969416,False
Test year,-23.0,-30.176787142646504,False
Test year,60.0,6.673122811445921,False
Test year,161.0,116.39267140595791,False
Test year,231.0,123.78147541867776,False
Test year,358.0,299.78320593314845,False
Test year,290.0,281.6346463410114,False
Test year,40.0,229.281355848006,False
Test year,-333.0,-131.46568683319282,False
Test year,-449.0,-317.2073679171411,False
Test year,-596.0,-430.04546842599035,False
Test year,-559.0,-438.7794713575121,False
Test year,-549.0,-477.3201871008175,False
Test year,-363.0,-328.7970107843622,False
Test year,-294.0,-295.09711907731287,False
Test year,-179.0,-170.33758672522686,False
Test year,-155.0,-86.86791676882686,False
Test year,-15.0,-65.73814308982969,False
Test year,-147.0,24.55197295756733,False
Test year,-37.0,4.575392460378964,False
Test year,28.0,55.259688780182046,False
Test year,138.0,151.41728573983096,False
Test year,253.0,234.9169904038335,False
Test year,416.0,335.0142698579246,False
Test year,514.0,520.1544773077329,False
Test year,569.0,550.1319466617908,False
Test year,588.0,634.1633371483863,False
Test year,665.0,540.9759580188042,False
Test year,732.0,621.9287915649481,False
Test year,554.0,505.8871944769153,False
Test year,266.0,417.117458850189,False
Test year,39.0,62.73055937333288,False
Test year,-5.0,-19.90450647698364,False
Test year,-89.0,-107.8207843021134,False
Test year,-151.0,-103.40268358130123,False
Test year,-224.0,-149.03050345478775,False
Test year,-219.0,-205.89956442199662,False
Test year,-179.0,-175.61027698087946,False
Test year,-119.0,-186.36472792066968,False
Test year,-107.0,-106.3987456219266,False
Test year,-158.0,-137.79968418134513,False
Test year,-114.0,-159.08537855899868,False
Test year,-118.0,-124.37314792275151,False
Test year,-130.0,-136.12251610064328,False
Test year,-144.0,-158.97820443639796,False
Test year,-100.0,-152.18713669306942,False
Test year,-171.0,-147.36947493097944,False
Test year,-113.0,-120.75983972801811,False
Test year,-10.0,-93.84017406378138,False
Test year,-35.0,-9.774387475372265,False
Test year,59.0,3.237288425823351,False
Test year,177.0,112.59720223170694,False
Test year,304.0,130.2079681272515,False
Test year,217.0,343.4667328185619,False
Test year,225.0,179.59068924473172,False
Test year,19.0,176.9201223785775,False
Test year,-260.0,-145.26225161336237,False
Test year,-425.0,-291.5780182328505,False
Test year,-599.0,-411.39725897906436,False
Test year,-466.0,-432.98837691030724,False
Test year,-474.0,-447.38139763465233,False
Test year,-305.0,-274.36410223278665,False
Test year,-288.0,-255.92152098849223,False
Test year,-133.0,-147.27441225303969,False
Test year,-75.0,-61.41032339619488,False
Test year,-66.0,-24.383935607626313,False
Test year,-104.0,3.4490282508072028,False
Test year,11.0,22.79696718116827,False
Test year,42.0,87.69916716365128,False
Test year,193.0,155.52717144757793,False
Test year,258.0,268.6912061210074,False
Test year,379.0,339.9624570093393,False
Test year,505.0,492.8387965434164,False
Test year,569.0,548.7325627408275,False
Test year,679.0,632.4296380516888,False
Test year,652.0,614.7796578586574,False
Test year,633.0,592.5555417638035,False
Test year,363.0,413.59207885494124,False
Test year,256.0,272.4876041102441,False
Test year,9.0,54.908764213317056,False
Test year,9.0,-41.73639178518661,False
Test year,-103.0,-111.68591416879178,False
Test year,-151.0,-117.23069088275156,False
Test year,-232.0,-158.5962526582224,False
Test year,-216.0,-216.50937174436825,False
Test year,-137.0,-183.15235884864381,False
Test year,-163.0,-177.26980895579499,False
Test year,-179.0,-126.06423880980694,False
Test year,-167.0,-176.53490086599157,False
Test year,-153.0,-174.87632022761528,False
Test year,-135.0,-140.5444536164913,False
Test year,-174.0,-146.11230241646064,False
Test year,-184.0,-176.73056926999482,False
Test year,-138.0,-171.10247392552793,False
Test year,-146.0,-165.3052497879887,False
Test year,-68.0,-112.52768294796493,False
Test year,-26.0,-70.58617354918852,False
Test year,-24.0,-11.255789682612885,False
Test year,42.0,8.922175866990301,False
Test year,163.0,106.73794544218191,False
Test year,209.0,123.35880027990993,False
Test year,375.0,284.9151656155426,False
Test year,243.0,292.7633211220349,False
Test year,8.0,191.93162750676163,False
Test year,-260.0,-117.79397333021643,False
Test year,-252.0,-254.50420270551194,False
Test year,-412.0,-341.9224241976143,False
Test year,-484.0,-346.7157786546548,False
Test year,-590.0,-471.8820355292816,False
Test year,-351.0,-348.2717609905823,False
Test year,-239.0,-286.1637928229902,False
Test year,-235.0,-135.9612828019706,False
Test year,-49.0,-97.94711145048424,False
Test year,107.0,-24.21337807390546,False
Test year,-28.0,98.61999262748631,False
Test year,50.0,72.17300470108006,False
Test year,139.0,123.20112273655656,False
Test year,346.0,230.47090315902858,False
Test year,357.0,382.02313536685335,False
Test year,333.0,411.0001645225198,False
Test year,584.0,451.53913460882285,False
Test year,696.0,607.1741300790035,False
Test year,645.0,720.189667086425,False
Test year,479.0,549.2946025732701,False
Test year,612.0,465.19189662566623,False
Test year,402.0,394.79224959334954,False
Test year,202.0,283.7698460220576,False
Test year,-78.0,-5.370231389553851,False
Test year,-142.0,-102.38623857028841,False
Test year,-125.0,-197.00190004932122,False
Test year,-229.0,-152.4241681049403,False
Test year,-319.0,-202.81447514226767,False
Test year,-268.0,-267.62414042942385,False
Test year,-184.0,-223.3879387743404,False
Test year,-204.0,-208.1823691312601,False
Test year,-168.0,-150.38592642997855,False
Test year,-161.0,-179.55486653536474,False
Test year,-159.0,-172.99491115616468,False
Test year,-172.0,-145.5469800909325,False
Test year,-164.0,-163.9139063912565,False
Test year,-212.0,-178.94485384540206,False
Test year,-92.0,-182.18351088742855,False
Test year,-140.0,-151.76524986770585,False
Test year,-119.0,-106.96392961026524,False
Test year,-50.0,-91.86615187986956,False
Test year,-30.0,-26.868730572251366,False
Test year,31.0,4.01627075403826,False
Test year,163.0,100.36941660427175,False
Test year,158.0,122.1175933448472,False
Test year,312.0,254.29569654043675,False
Test year,228.0,248.2760923343536,False
Test year,61.0,190.4612810180891,False
Test year,48.0,-104.90362401877687,False
Test year,-102.0,-73.18231224626925,False
Test year,-118.0,-200.94763196455168,False
Test year,-56.0,-201.12727667656623,False
Test year,-79.0,-156.81565849719127,False
Test year,-246.0,-89.76709347156088,False
Test year,187.0,-225.62075929667486,False
Test year,213.0,213.09988658990372,False
Test year,-102.0,140.8809143227948,False
Test year,-478.0,-115.3746824575527,False
Test year,-121.0,-357.9458133300026,False
Test year,129.0,-71.65378550258811,False
Test year,67.0,134.94311010977225,False
Test year,94.0,127.89205090146885,False
Test year,252.0,206.8546728179456,False
Test year,615.0,302.6342842702967,False
Test year,781.0,609.8249712129666,False
Test year,318.0,626.1402861072913,False
Test year,-79.0,357.57225912057953,False
Test year,387.0,104.73673264012928,False
Test year,172.0,376.3781671030084,False
Test year,-130.0,106.71503718353694,False
Test year,-167.0,36.96123137016605,False
Test year,-254.0,-178.87674392574945,False
Test year,-131.0,-171.82125000573086,False
Test year,-184.0,-190.07990914373562,False
Test year,-184.0,-152.30047485358128,False
Test year,-217.0,-172.19299379094628,False
Test year,-193.0,-207.67930366050052,False
Test year,-124.0,-166.43062748002126,False
Test year,-106.0,-164.2425999256792,False
Test year,-110.0,-98.43147047941068,False
Test year,-131.0,-140.94443630249089,False
Test year,-121.0,-151.7626297096407,False
Test year,-100.0,-136.4643562056305,False
Test year,-187.0,-141.5247352278348,False
Test year,-158.0,-191.1350995337129,False
Test year,-157.0,-175.04771807842076,False
Test year,-143.0,-182.22743699633554,False
Test year,-104.0,-125.8893283686516,False
Test year,-57.0,-97.51924022499941,False
Test year,-7.0,-39.96578277168072,False
Test year,-52.0,2.174542491857949,False
Test year,79.0,52.810687467984735,False
Test year,39.0,60.58349415502096,False
Test year,84.0,179.7708383245752,False
Test year,5.0,98.64421170689383,False
Test year,-82.0,64.62286956491374,False
Test year,-211.0,-165.83266575604398,False
Test year,-242.0,-244.6414862734395,False
Test year,-251.0,-323.8417893149948,False
Test year,-279.0,-291.98682404643523,False
Test year,-303.0,-325.2073623380074,False
Test year,-72.0,-190.956990884098,False
Test year,-68.0,-80.4057243731798,False
Test year,-192.0,-17.705851687221468,False
Test year,-163.0,-150.51698478789774,False
Test year,-263.0,-126.17504052736206,False
Test year,-201.0,-84.28058850598171,False
Test year,-190.0,-56.63741518655405,False
Test year,-38.0,-28.123395819844177,False
Test year,55.0,93.72133181999027,False
Test year,347.0,172.7888791783485,False
Test year,326.0,360.91286132696894,False
Test year,264.0,420.00414658445817,False
Test year,450.0,345.83255174170574,False
Test year,642.0,525.8932494219113,False
Test year,551.0,560.7750502502124,False
Test year,538.0,525.9799949709245,False
Test year,394.0,371.3435940757729,False
Test year,262.0,334.9992243235421,False
Test year,37.0,76.40179769250369,False
Test year,12.0,-16.336002426036544,False
Test year,-50.0,-89.75626688014887,False
Test year,-77.0,-80.2329642709123,False
Test year,-174.0,-112.15201836942023,False
Test year,-141.0,-178.10165863685273,False
Test year,-47.0,-140.53690780525926,False
Test year,-56.0,-128.56435678051207,False
Test year,-60.0,-75.45198404888848,False
Test year,-108.0,-121.91077805602472,False
Test year,-163.0,-145.14615656268427,False
Test year,-163.0,-146.70874705074266,False
Test year,-152.0,-167.45788535382403,False
Test year,-153.0,-181.0137824162532,False
Test year,-121.0,-167.1833680228135,False
Test year,-121.0,-166.33303009311203,False
Test year,-91.0,-113.03203189851769,False
Test year,-44.0,-90.19441003305155,False
Test year,-35.0,-33.75099219888375,False
Test year,-22.0,-9.93968302085105,False
Test year,73.0,63.48326394768577,False
Test year,15.0,59.04793528286126,False
Test year,55.0,168.10670008896273,False
Test year,-51.0,72.86834718942998,False
Test year,-123.0,20.98586548021035,False
Test year,-269.0,-212.25774160939582,False
Test year,-205.0,-282.84538773191974,False
Test year,-360.0,-303.09159079042604,False
Test year,-344.0,-334.97880877771536,False
Test year,-255.0,-383.4794880226086,False
Test year,-198.0,-160.59272695088515,False
Test year,-334.0,-199.71625448857995,False
Test year,-405.0,-205.35724657651278,False
Test year,-124.0,-305.54511661844236,False
Test year,-114.0,-71.47575777159221,False
Test year,19.0,-10.036442086788895,False
Test year,-77.0,55.2090500379216,False
Test year,88.0,17.224150724816354,False
Test year,238.0,165.22962348600487,False
Test year,389.0,271.77152941181254,False
Test year,380.0,399.02779410074857,False
Test year,608.0,458.347401714428,False
Test year,723.0,592.7573419189736,False
Test year,727.0,714.5482062541698,False
Test year,577.0,615.7548793151177,False
Test year,554.0,536.7078626282108,False
Test year,477.0,393.36914068521344,False
Test year,179.0,376.6693251706757,False
Test year,94.0,10.031407412908209,False
Test year,27.0,8.766360439460726,False
Test year,-131.0,-96.54326634733673,False
Test year,-137.0,-123.75575107542696,False
Test year,-170.0,-152.2092274244954,False
Test year,-237.0,-189.7663214956661,False
Test year,-144.0,-182.845442687799,False
Test year,-151.0,-184.2123330777303,False
Test year,-116.0,-124.46908827323676,False
Test year,-137.0,-154.5143256608352,False
Test year,-142.0,-161.96730270032344,False
Test year,-115.0,-129.1507253323265,False
Test year,-178.0,-134.0411502819979,False
Test year,-153.0,-174.40699151600012,False
Test year,-102.0,-158.51253444032767,False
Test year,-158.0,-146.97902157046832,False
Test year,-29.0,-114.41500475586076,False
Test year,-75.0,-56.13697477817635,False
Test year,13.0,-30.72744421141681,False
Test year,68.0,21.062820167442595,False
Test year,191.0,120.35376887163338,False
Test year,185.0,139.96595296520445,False
Test year,341.0,270.51832799753277,False
Test year,204.0,258.1056751393935,False
Test year,5.0,151.2520974088227,False
Test year,-141.0,-137.92217258442065,False
Test year,-180.0,-226.37381125084028,False
Test year,-362.0,-249.67386219445768,False
Test year,-173.0,-314.5079301693614,False
Test year,-190.0,-235.6455465910945,False
Test year,-131.0,-160.41190546039357,False
Test year,-14.0,-131.4556151620653,False
Test year,46.0,29.187047582306263,False
Test year,17.0,50.79231715417259,False
Test year,145.0,57.87712608718488,False
Test year,127.0,127.07722083037578,False
Test year,-50.0,134.00701412138704,False
Test year,104.0,-17.260563591407163,False
Test year,475.0,175.9476707448622,False
Test year,643.0,475.2268608803221,False
Test year,417.0,563.4723161009713,False
Test year,554.0,463.9622048430516,False
Test year,567.0,533.0814347319115,False
Test year,440.0,566.287424145616,False
Test year,558.0,378.7289400747553,False
Test year,730.0,460.2599242979417,False
Test year,109.0,406.0082687006007,False
Test year,23.0,39.68061009435499,False
Test year,-127.0,-164.82798768592812,False
Test year,-180.0,-180.20956710995048,False
Test year,-307.0,-274.41105622626816,False
Test year,-305.0,-276.7248007522742,False
Test year,-408.0,-300.6938439890372,False
Test year,-467.0,-349.8553961600109,False
Test year,-408.0,-341.28802003693954,False
Test year,-295.0,-350.3607126742095,False
Test year,-299.0,-237.64480235547921,False
Test year,-256.0,-253.4855939828173,False
Test year,-231.0,-235.73921367216093,False
Test year,-177.0,-188.86359949997737,False
Test year,-199.0,-176.89358594993678,False
Test year,-230.0,-194.0546844544225,False
Test year,-153.0,-193.7539419437461,False
Test year,-117.0,-178.5212100789762,False
Test year,-93.0,-103.30347145971655,False
Test year,-30.0,-78.43510056551776,False
Test year,-15.0,-15.45089524815046,False
Test year,-10.0,12.347233452807359,False
Test year,135.0,82.85926857921288,False
Test year,172.0,104.78195101308035,False
Test year,340.0,262.186032226306,False
Test year,188.0,254.21225244990836,False
Test year,47.0,145.02239346411886,False
Test year,-82.0,-100.49644097739741,False
Test year,-257.0,-156.59572684108105,False
Test year,-309.0,-305.73697432599033,False
Test year,-378.0,-280.01825244622694,False
Test year,-259.0,-424.0535615783975,False
Test year,-273.0,-140.1380197236673,False
Test year,-266.0,-177.60634260131192,False
Test year,-183.0,-166.32749544444422,False
Test year,-219.0,-92.74523998373621,False
Test year,139.0,-38.81139235561301,False
Test year,39.0,189.005555359849,False
Test year,208.0,142.60544986469176,False
Test year,337.0,226.45356766457354,False
Test year,194.0,323.4768092661032,False
Test year,149.0,224.61547619950971,False
Test year,259.0,233.33830723168745,False
Test year,770.0,367.00365572041335,False
Test year,487.0,648.5336478208777,False
Test year,380.0,490.4181876603062,False
Test year,252.0,365.3363922704134,False
Test year,251.0,330.60108926298903,False
Test year,103.0,195.93280339650732,False
Test year,27.0,163.38621471834864,False
Test year,-18.0,-67.24267409538447,False
Test year,-70.0,-63.514112270103226,False
Test year,-104.0,-138.17423563226987,False
Test year,-159.0,-118.37464139452086,False
Test year,-234.0,-159.4430127464338,False
Test year,-239.0,-217.70286359681444,False
Test year,-178.0,-192.63817920727553,False
Test year,-108.0,-196.7124942743415,False
Test year,-121.0,-109.56686008960992,False
Test year,-140.0,-149.12125396176123,False
Test year,-148.0,-159.1427411725171,False
Test year,-145.0,-140.5146087535701,False
Test year,-113.0,-153.85977751141934,False
Test year,-183.0,-157.6943336983178,False
Test year,-129.0,-167.53112961119785,False
Test year,-166.0,-164.52832410384315,False
Test year,-71.0,-122.03013610656745,False
Test year,-27.0,-76.33988408879563,False
Test year,-64.0,-14.048802185189174,False
Test year,20.0,-10.343029024307867,False
Test year,133.0,91.66184642322423,False
Test year,179.0,103.38292174336831,False
Test year,348.0,264.46320147808143,False
Test year,266.0,271.1575879040147,False
Test year,177.0,229.98429615122848,False
Test year,66.0,20.109863591232227,False
Test year,-195.0,-68.37187315400672,False
Test year,-379.0,-317.1550455882741,False
Test year,-306.0,-399.83177974928896,False
Test year,-341.0,-345.5301795302259,False
Test year,-149.0,-220.92693622210095,False
Test year,-18.0,-143.54394649351286,False
Test year,556.0,46.87899086325319,False
Test year,294.0,529.1446403315016,False
Test year,4.0,168.1788640667785,False
Test year,136.0,-2.103533991627671,False
Test year,396.0,100.05730618400986,False
Test year,924.0,304.4904634105403,False
Test year,598.0,701.1106399136628,False
Test year,257.0,374.5913777237415,False
Test year,330.0,178.7137489527138,False
Test year,18.0,301.0543808258367,False
Test year,408.0,36.71138697899903,False
Test year,565.0,405.0961109130724,False
Test year,223.0,408.44015666984154,False
Test year,273.0,201.82322834545562,False
Test year,-220.0,83.1676584482201,False
Test year,-174.0,-79.0886618141796,False
Test year,-220.0,-274.6814170981023,False
Test year,-181.0,-229.32102467961377,False
Test year,-273.0,-276.99532040101997,False
Test year,-336.0,-260.80589829770804,False
Test year,-386.0,-301.3899243005377,False
Test year,-414.0,-343.72675761660577,False
Test year,-374.0,-316.47360589442826,False
Test year,-312.0,-326.1516655789335,False
Test year,-236.0,-236.99126553731122,False
Test year,-232.0,-234.32309861212553,False
Test year,-198.0,-218.64009617689004,False
Test year,-218.0,-175.32763295960262,False
Test year,-184.0,-190.22683687050176,False
Test year,-224.0,-195.62617997755842,False
Test year,-112.0,-191.07396388522284,False
Test year,-123.0,-162.85260644289787,False
Test year,-128.0,-102.75836160961236,False
Test year,-55.0,-94.182963627547,False
Test year,-6.0,-30.1678558781241,False
Test year,-6.0,14.044114872840453,False
Test year,121.0,84.35012684365074,False
Test year,105.0,96.35557894487096,False
Test year,281.0,223.59468178915284,False
Test year,125.0,207.28826828760242,False
Test year,25.0,74.50609089307994,False
Test year,-172.0,-119.0904273236932,False
Test year,-414.0,-234.88394869787402,False
Test year,-450.0,-376.66573314403865,False
Test year,-399.0,-361.53542907009734,False
Test year,-359.0,-392.0330537703516,False
Test year,-98.0,-217.86742902044108,False
Test year,-87.0,-59.35680515980965,False
Test year,44.0,-26.245972091502836,False
Test year,23.0,130.49206544329587,False
Test year,-249.0,48.17041614103573,False
Test year,-97.0,-58.010403305174236,False
Test year,-158.0,26.540338534465718,False
Test year,10.0,-23.415390220378242,False
Test year,199.0,159.30202660110155,False
Test year,114.0,263.7811274233543,False
Test year,306.0,237.37148722614648,False
Test year,482.0,420.37618532196956,False
Test year,659.0,463.98235355858986,False
Test year,435.0,619.7290800593966,False
Test year,351.0,428.7590376456807,False
Test year,691.0,422.7010187811327,False
Test year,256.0,507.49990108809675,False
Test year,178.0,254.42585162401593,False
Test year,69.0,21.61436344334527,False
Test year,-7.0,-10.000891359791979,False
Test year,-85.0,-102.18320061697821,False
Test year,-178.0,-104.0579790171158,False
Test year,-158.0,-161.54105324102574,False
Test year,-267.0,-188.47905272870565,False
Test year,-115.0,-191.02449982261635,False
Test year,-128.0,-175.18379520132424,False
Test year,-157.0,-109.58910074005445,False
Test year,-124.0,-163.98369624331644,False
Test year,-118.0,-155.60808262818614,False
Test year,-127.0,-124.5871067529086,False
Test year,-151.0,-141.51345660808414,False
Test year,-155.0,-168.83365465465204,False
Test year,-156.0,-158.58003149861412,False
Test year,-41.0,-170.25560125064703,False
Test year,-98.0,-72.58696277799174,False
Test year,-79.0,-75.00389888400824,False
Test year,-2.0,-37.18079456647524,False
Test year,65.0,14.305165295672424,False
Test year,169.0,118.40304931597944,False
Test year,177.0,126.3259424592062,False
Test year,243.0,263.1322348262695,False
Test year,151.0,171.14907414101924,False
Test year,-38.0,102.44538711687034,False
Test year,-189.0,-154.3508232931374,False
Test year,-346.0,-256.2522563431652,False
Test year,-518.0,-377.5968988953744,False
Test year,-377.0,-388.04709930757525,False
Test year,-405.0,-371.5190502842191,False
Test year,-353.0,-207.91264528268846,False
Test year,-236.0,-245.1998075118818,False
Test year,-67.0,-143.2501332016,False
Test year,-155.0,-7.835552538162688,False
Test year,-143.0,-30.76633819759485,False
Test year,-5.0,1.9277378469279824,False
Test year,-111.0,88.05387773592491,False
Test year,-19.0,45.26514427030895,False
Test year,84.0,129.108946141793,False
Test year,204.0,210.5864292426668,False
Test year,315.0,309.56543396452054,False
Test year,438.0,441.5112525098877,False
Test year,487.0,497.93163954035344,False
Test year,527.0,570.5537319521648,False
Test year,595.0,497.0711451381801,False
Test year,585.0,576.0324202082261,False
Test year,315.0,390.6259335192952,False
Test year,234.0,275.3622143424944,False
Test year,126.0,54.848640389633374,False
Test year,6.0,41.558534052207676,False
Test year,-73.0,-88.62782057495494,False
Test year,-116.0,-90.61905282451946,False
Test year,-154.0,-127.15227701020174,False
Test year,-181.0,-170.76020403115007,False
Test year,-88.0,-149.40891648172618,False
Test year,-58.0,-144.82129560093625,False
Test year,-161.0,-73.30068668508969,False
Test year,-139.0,-154.90664002945275,False
Test year,-153.0,-157.94036963690746,False
Test year,-139.0,-147.75185176422139,False
Test year,-127.0,-158.3153202537418,False
Test year,-159.0,-169.70648474859144,False
Test year,-155.0,-167.71559892195665,False
Test year,-183.0,-180.89158826247018,False
Test year,-103.0,-141.17410508988445,False
Test year,-54.0,-101.60628221057766,False
Test year,51.0,-38.48124709104013,False
Test year,-8.0,29.838157988219876,False
Test year,27.0,74.78793792713401,False
Test year,80.0,37.64488456674391,False
Test year,95.0,197.54470087259023,False
Test year,-3.0,109.83326905040073,False
Test year,-62.0,32.308594860408334,False
Test year,-141.0,-103.73889780221663,False
Test year,-139.0,-159.24395036676856,False
Test year,-7.0,-236.46907858211154,False
Test year,-379.0,-93.0329682647835,False
Test year,-107.0,-365.5713437128398,False
Test year,-147.0,-143.2870276267141,False
Test year,-346.0,-185.2192083694964,False
Test year,-388.0,-233.2372058686094,False
Test year,-226.0,-265.6491552146302,False
Test year,-17.0,-165.18661212286673,False
Test year,218.0,50.31169198034928,False
Test year,-94.0,179.82326461397105,False
Test year,-80.0,-20.29608137081766,False
Test year,277.0,9.599403922054478,False
Test year,750.0,238.19415973506628,False
Test year,265.0,577.8691221134029,False
Test year,300.0,309.30152939878656,False
Test year,224.0,331.6377719105182,False
Test year,74.0,352.78363535647924,False
Test year,381.0,187.97985563165992,False
Test year,324.0,451.12724518845596,False
Test year,318.0,257.14163539457047,False
Test year,345.0,304.65833775832937,False
Test year,155.0,128.5616731690929,False
Test year,22.0,48.824993554448184,False
Test year,-107.0,-85.18854557993188,False
Test year,-160.0,-105.73651100157971,False
Test year,-125.0,-149.9651871949893,False
Test year,-213.0,-167.1777835532817,False
Test year,-71.0,-162.83382244813788,False
Test year,-39.0,-146.76200302997557,False
Test year,-73.0,-69.4509469635787,False
Test year,-134.0,-125.41437112256475,False
Test year,-128.0,-155.56399632418507,False
Test year,-105.0,-134.5477958863891,False
Test year,-146.0,-140.0124673131553,False
Test year,-161.0,-172.56712206345367,False
Test year,-150.0,-169.69287007868996,False
Test year,-75.0,-178.89027491465407,False
Test year,-54.0,-97.25972978648139,False
Test year,-66.0,-70.71915609266102,False
Test year,-8.0,-40.40483832022409,False
Test year,-9.0,0.4924189032534798,False
Test year,27.0,70.9839234472783,False
Test year,50.0,37.084028175884754,False
Test year,20.0,181.58787197574304,False
Test year,-61.0,68.73409773803502,False
Test year,-167.0,14.160052201101962,False
Test year,-15.0,-144.76004802393678,False
Test year,-121.0,-55.596337812506476,False
Test year,275.0,-241.35165548420522,False
Test year,-187.0,97.46672759379544,False
Test year,-289.0,-291.3684543530252,False
Test year,-107.0,-177.00895161399478,False
Test year,776.0,-137.04118497704508,False
Test year,342.0,577.9281744109142,False
Test year,-61.0,171.23573650787534,False
Test year,324.0,-84.05934122499252,False
Test year,121.0,164.8011063281184,False
Test year,13.0,-4.306702774777591,False
Test year,-62.0,-100.85387232277395,False
Test year,-431.0,-75.19996415966386,False
Test year,254.0,-290.97238497774094,False
Test year,150.0,220.19146469648854,False
Test year,87.0,231.29188214377646,False
Test year,-79.0,137.59760002898838,False
Test year,-182.0,102.41930760114309,False
Test year,485.0,9.30222652106363,False
Test year,388.0,535.9999183539371,False
Test year,97.0,293.37022229872537,False
Test year,258.0,159.01340799399884,False
Test year,162.0,64.38042618031659,False
Test year,78.0,49.314926548373364,False
Test year,-56.0,-62.7838301662095,False
Test year,-134.0,-92.2871426556867,False
Test year,-181.0,-143.66043110436857,False
Test year,-178.0,-193.0105967040634,False
Test year,-152.0,-161.3655935016634,False
Test year,-157.0,-179.25914203903784,False
Test year,-147.0,-127.67933574659054,False
Test year,-154.0,-167.0840423150779,False
Test year,-138.0,-171.13476805314696,False
Test year,-131.0,-128.85382168381534,False
Test year,-123.0,-139.57897692344977,False
Test year,-159.0,-153.9918708560544,False
Test year,-101.0,-154.68849954599756,False
Test year,-128.0,-147.21439597351173,False
Test year,-38.0,-102.24657605419594,False
Test year,17.0,-56.662079215947244,False
Test year,60.0,9.338913456563716,False
Test year,36.0,49.42836062660808,False
Test year,135.0,106.48932069404651,False
Test year,217.0,106.15584758694155,False
Test year,310.0,285.81448980678465,False
Test year,162.0,216.13853350398955,False
Test year,-17.0,97.62044070809571,False
Test year,-17.0,-154.2616335658737,False
Test year,-378.0,-105.64593503120432,False
Test year,-432.0,-403.82709695568695,False
Test year,-566.0,-344.9799709465841,False
Test year,-375.0,-482.56663706401457,False
Test year,13.0,-209.68230471285113,False
Test year,330.0,10.182022931624289,False
Test year,-91.0,354.5861451217522,False
Test year,159.0,5.900495094173948,False
Test year,49.0,138.62737732514682,False
Test year,205.0,132.55892990870967,False
Test year,-149.0,195.01518308059087,False
Test year,30.0,-53.21501348104101,False
Test year,-69.0,142.95071570876007,False
Test year,-201.0,82.9982279279863,False
Test year,-38.0,43.191715119437674,False
Test year,371.0,218.92512452353225,False
Test year,689.0,406.64114692663287,False
Test year,772.0,658.0353160600115,False
Test year,436.0,646.0105963327102,False
Test year,419.0,451.36114680460116,False
Test year,238.0,314.85525380222583,False
Test year,136.0,242.1522744584267,False
Test year,-94.0,-16.269957305075764,False
Test year,-111.0,-90.14193981576904,False
Test year,-100.0,-153.25571005628055,False
Test year,-148.0,-117.32942403125293,False
Test year,-203.0,-148.5344760128662,False
Test year,-219.0,-197.64790029287224,False
Test year,-113.0,-173.54023136537512,False
Test year,-105.0,-162.33440412640198,False
Test year,-137.0,-96.03792364169914,False
Test year,-158.0,-150.41437207279228,False
Test year,-121.0,-163.58090088941196,False
Test year,-154.0,-124.30932022428641,False
Test year,-138.0,-147.98910062227418,False
Test year,-140.0,-162.81497629380567,False
Test year,-125.0,-148.4703192678951,False
Test year,-118.0,-154.10845636523078,False
Test year,-97.0,-99.37553769461707,False
Test year,-63.0,-79.10204440322224,False
Test year,48.0,-28.81109873611007,False
Test year,39.0,40.609234942010175,False
Test year,173.0,109.40205031397579,False
Test year,191.0,129.58569758209708,False
Test year,384.0,272.4186428810748,False
Test year,323.0,296.4638451468179,False
Test year,280.0,309.40206366229575,False
Test year,205.0,165.4776567792299,False
Test year,40.0,106.99533137678009,False
Test year,-153.0,-58.916262731226595,False
Test year,-229.0,-136.1527778718198,False
Test year,-141.0,-317.5574513356039,False
Test year,43.0,-105.22769880065368,False
Test year,-38.0,-52.624194308355754,False
Test year,46.0,-110.04151068619984,False
Test year,106.0,-44.603895170519024,False
Test year,163.0,60.15420172288668,False
Test year,53.0,45.177496761165116,False
Test year,-93.0,-8.42012542576498,False
Test year,53.0,-100.4278158011482,False
Test year,7.0,33.851378347805564,False
Test year,-8.0,14.428274467679444,False
Test year,139.0,48.714970539408796,False
Test year,101.0,204.0798914137763,False
Test year,221.0,178.3996472893703,False
Test year,227.0,328.7824129543915,False
Test year,146.0,253.9956796743673,False
Test year,334.0,262.7893992416571,False
Test year,74.0,245.5908701069037,False
Test year,-70.0,117.23375347470179,False
Test year,27.0,-135.8353909945086,False
Test year,-13.0,-55.78824846617374,False
Test year,-93.0,-120.0343963667687,False
Test year,-228.0,-124.67672990682604,False
Test year,-254.0,-193.22784754445996,False
Test year,-283.0,-238.93013966682145,False
Test year,-207.0,-213.79358575495013,False
Test year,-197.0,-215.15712882842638,False
Test year,-169.0,-146.82543781561196,False
Test year,-186.0,-175.5635045173281,False
Test year,-108.0,-179.40211666958413,False
Test year,-12.0,-127.84029419074375,False
Test year,-267.0,-94.35007495121943,False
Test year,-140.0,-206.18811639440878,False
Test year,-167.0,-169.98441889997514,False
Test year,-112.0,-174.2339168655526,False
Test year,-98.0,-104.57151450926415,False
Test year,-59.0,-81.78533873659023,False
Test year,-13.0,-30.03261759860021,False
Test year,37.0,9.647554483519002,False
Test year,155.0,102.9110531311461,False
Test year,195.0,116.27772643045546,False
Test year,458.0,270.4817591255043,False
Test year,331.0,330.2723275519908,False
Test year,312.0,305.71824805846546,False
Test year,179.0,174.29860138795357,False
Test year,-41.0,54.152936674245154,False
Test year,-207.0,-137.06628900049924,False
Test year,-45.0,-176.25775601562896,False
Test year,-99.0,-209.22878650724908,False
Test year,9.0,-84.3963620958844,False
Test year,-84.0,-86.67731364641429,False
Test year,10.0,-79.94864920846209,False
Test year,-168.0,-81.62641586353425,False
Test year,-68.0,-180.32071589286608,False
Test year,-195.0,-103.14519478202311,False
Test year,-140.0,-154.9617499359793,False
Test year,-149.0,-133.2411704677189,False
Test year,-12.0,-67.03903928555445,False
Test year,-6.0,25.49861383126637,False
Test year,-22.0,63.02060294317084,False
Test year,132.0,128.9009391685456,False
Test year,130.0,220.44883591997564,False
Test year,269.0,266.78051440501565,False
Test year,310.0,314.4801794201625,False
Test year,456.0,392.23116867147473,False
Test year,268.0,341.09470884681434,False
Test year,250.0,252.39399146010027,False
Test year,50.0,45.57799140867087,False
Test year,-1.0,-26.57723935497819,False
Test year,-9.0,-107.16687110071791,False
Test year,-185.0,-86.43232372867519,False
Test year,-259.0,-169.339206745855,False
Test year,-272.0,-234.2238080609568,False
Test year,-114.0,-210.53568183718727,False
Test year,-187.0,-178.7344988508009,False
Test year,-157.0,-134.48398962611424,False
Test year,-168.0,-172.08631062021254,False
Test year,-121.0,-173.70729234968798,False
Test year,-136.0,-129.31637978048678,False
Test year,-127.0,-144.9214654241702,False
Test year,-160.0,-159.58563564323686,False
Test year,-139.0,-157.72235036568804,False
Test year,-147.0,-163.7185725526919,False
Test year,-63.0,-113.69812877329957,False
Test year,-39.0,-69.09022735425921,False
Test year,-13.0,-16.9701239840399,False
Test year,35.0,12.624655107792705,False
Test year,168.0,103.54142075731914,False
Test year,214.0,125.18411733028418,False
Test year,329.0,282.85300471349467,False
Test year,159.0,204.53954225853772,False
Test year,17.0,104.8079578682491,False
Test year,-215.0,-119.802963205933,False
Test year,-347.0,-224.89397898792367,False
Test year,-532.0,-353.44709532514185,False
Test year,-419.0,-366.2556430798044,False
Test year,-332.0,-436.16654386282755,False
Test year,-123.0,-178.105334020751,False
Test year,44.0,-115.17126162769804,False
Test year,-25.0,74.29605171642658,False
Test year,-50.0,67.0832124680162,False
Test year,-91.0,12.835865472248202,False
Test year,-216.0,-1.8467315116105851,False
Test year,65.0,-75.55750844406691,False
Test year,-131.0,124.58091230315,False
Test year,13.0,42.52791861295333,False
Test year,10.0,155.65779808963313,False
Test year,104.0,169.41091431914924,False
Test year,359.0,303.1153288627361,False
Test year,634.0,434.83134105868294,False
Test year,509.0,673.5650344807904,False
Test year,370.0,488.6023784950934,False
Test year,492.0,430.04030244969243,False
Test year,345.0,359.87833313780493,False
Test year,345.0,294.0581697987383,False
Test year,114.0,116.23184002984516,False
Test year,67.0,33.2320825530671,False
Test year,-25.0,-60.68982285023759,False
Test year,-128.0,-76.63217337329286,False
Test year,-130.0,-135.03777185869765,False
Test year,-214.0,-168.70679348247597,False
Test year,-126.0,-164.90958670280605,False
Test year,-112.0,-168.79815974926413,False
Test year,-137.0,-101.72151709009114,False
Test year,-126.0,-152.44408005868644,False
Test year,-146.0,-152.40392693158208,False
Test year,-121.0,-134.20620727080671,False
Test year,-190.0,-140.7179884784381,False
Test year,-136.0,-182.40030424508217,False
Test year,-146.0,-155.0449526021162,False
Test year,-117.0,-163.70939699402857,False
Test year,-101.0,-102.5096188094542,False
Test year,-64.0,-81.89876207010468,False
Test year,61.0,-30.854955109966568,False
Test year,27.0,45.61191412302159,False
Test year,155.0,102.76349242443638,False
Test year,192.0,117.24147950299681,False
Test year,339.0,270.44514204022937,False
Test year,146.0,243.29951254144365,False
Test year,-105.0,82.63685899714824,False
Test year,-237.0,-194.45384726575705,False
Test year,-282.0,-239.8191001224339,False
Test year,-358.0,-355.19358520573877,False
Test year,-354.0,-273.3998749124054,False
Test year,-497.0,-356.206573173902,False
Test year,-221.0,-303.9372858994913,False
Test year,-210.0,-147.98769363755912,False
Test year,-185.0,-44.813985316515186,False
Test year,-20.0,-73.93925885361912,False
Test year,8.0,107.04271695045037,False
Test year,-75.0,83.52042170510913,False
Test year,-24.0,49.2525763093106,False
Test year,157.0,71.02109053807965,False
Test year,163.0,218.30770210863187,False
Test year,416.0,228.73876929121988,False
Test year,659.0,403.290669130348,False
Test year,586.0,626.1504275679627,False
Test year,428.0,535.0626945840283,False
Test year,424.0,471.78520736074177,False
Test year,265.0,409.99876182968626,False
Test year,474.0,359.9484285572802,False
Test year,102.0,357.81334731732085,False
Test year,54.0,171.93483012020897,False
Test year,-107.0,-64.2892441244864,False
Test year,-23.0,-85.19177298503763,False
Test year,-68.0,-110.02375223027985,False
Test year,-113.0,-93.56497423188316,False
Test year,-182.0,-128.7921541278222,False
Test year,-203.0,-183.94147617382737,False
Test year,-56.0,-163.2381010222241,False
Test year,-107.0,-136.6055375109608,False
Test year,-128.0,-92.54189517726155,False
Test year,-150.0,-147.57850843621202,False
Test year,-132.0,-160.2338773985254,False
Test year,-103.0,-141.99690090268479,False
Test year,-132.0,-143.18490993703637,False
Test year,-177.0,-169.45977178898028,False
Test year,-135.0,-176.23862043964147,False
Test year,-151.0,-175.7851461961963,False
Test year,-97.0,-126.75475850876552,False
Test year,-77.0,-95.63841697534536,False
Test year,-71.0,-47.852353813869286,False
Test year,-40.0,-27.132991704136913,False
Test year,40.0,53.83591348789986,False
Test year,55.0,42.013645459212086,False
Test year,49.0,181.57958255341043,False
Test year,61.0,53.160039088020994,False
Test year,-171.0,58.88669700229798,False
Test year,163.0,-123.2542381782464,False
Test year,56.0,82.62375101149763,False
Test year,139.0,-133.657961879412,False
Test year,203.0,49.726599777818365,False
Test year,-220.0,-62.07572294793391,False
Test year,-185.0,-168.42749484110414,False
Test year,-194.0,-276.60846786875743,False
Test year,171.0,-162.6179869331014,False
Test year,-160.0,82.85504902262952,False
Test year,-40.0,-217.45276092001592,False
Test year,-505.0,28.793909409988743,False
Test year,70.0,-365.66677233978237,False
Test year,-26.0,59.33144081226149,False
Test year,201.0,52.44717252705783,False
Test year,356.0,187.06447997414443,False
Test year,-49.0,312.6043012080742,False
Test year,225.0,136.9255029819455,False
Test year,-164.0,287.16131687535346,False
Test year,81.0,79.31417942997709,False
Test year,382.0,227.93312636682106,False
Test year,417.0,450.7531030433245,False
Test year,411.0,300.2847696285479,False
Test year,275.0,339.0401414862935,False
Test year,60.0,64.47079842445709,False
Test year,39.0,5.824810608292637,False
Test year,-29.0,-69.55893806712155,False
Test year,-128.0,-80.59538530311079,False
Test year,-108.0,-134.7170766113239,False
Test year,-162.0,-160.38498595383885,False
Test year,-80.0,-145.12682525782424,False
Test year,-77.0,-147.7973205560566,False
Test year,-85.0,-89.16674453180289,False
Test year,-151.0,-135.76976247256937,False
Test year,-158.0,-165.33892073353252,False
Test year,-116.0,-149.84680331861938,False
Test year,-137.0,-148.9692223241015,False
Test year,-153.0,-170.9644383013739,False
Test year,-119.0,-166.160904389577,False
Test year,-169.0,-165.92353622248459,False
Test year,-39.0,-132.14477860109037,False
Test year,-107.0,-73.41036112549529,False
Test year,-50.0,-56.17985978016304,False
Test year,-5.0,-21.393139785319335,False
Test year,-19.0,70.18605044260187,False
Test year,82.0,16.124805713835286,False
Test year,14.0,191.84454334529886,False
Test year,-15.0,6.523988116922425,False
Test year,-9.0,56.40343793702152,False
Test year,-33.0,-85.08585245166051,False
Test year,-19.0,-104.6661186469733,False
Test year,-124.0,-142.62654787449276,False
Test year,-22.0,-161.12631720211715,False
Test year,-104.0,-237.68146673337094,False
Test year,136.0,-79.94714761020595,False
Test year,-119.0,6.250728733804237,False
Test year,-56.0,-70.30595908360124,False
Test year,-189.0,-40.39107744236904,False
Test year,-152.0,-143.67227814091564,False
Test year,-357.0,-131.83598778496346,False
Test year,-278.0,-222.73852622948476,False
Test year,-207.0,-136.8073318241169,False
Test year,28.0,-22.043128755260682,False
Test year,283.0,106.30282749765232,False
Test year,290.0,335.29935418924674,False
Test year,490.0,392.76186700827753,False
Test year,348.0,506.70161348117534,False
Test year,432.0,458.32614933829154,False
Test year,529.0,442.64342635239603,False
Test year,611.0,536.4373690348432,False
Test year,487.0,437.8846754947881,False
Test year,292.0,378.78801814841995,False
Test year,112.0,61.478681221950296,False
Test year,-41.0,17.37082515261588,False
Test year,-47.0,-122.32548542736117,False
Test year,-131.0,-103.794781643401,False
Test year,-201.0,-148.94757600691023,False
Test year,-276.0,-206.7270167973914,False
Test year,-166.0,-205.58250590325417,False
Test year,-119.0,-202.0647461124147,False
Test year,-142.0,-117.26109280608796,False
Test year,-218.0,-163.9869077172338,False
Test year,-105.0,-197.3617803169409,False
Test year,-143.0,-125.26767495082169,False
Test year,-151.0,-142.28565456778483,False
Test year,-150.0,-167.16272557689751,False
Test year,-137.0,-154.50095619263192,False
Test year,-132.0,-160.87742824550332,False
Test year,-86.0,-107.39968180561362,False
Test year,-38.0,-77.35321525118098,False
Test year,58.0,-18.894765325141805,False
Test year,81.0,45.44519801020064,False
Test year,170.0,128.87217439154182,False
Test year,171.0,127.54032183807655,False
Test year,339.0,257.2177224170249,False
Test year,187.0,227.5165267787413,False
Test year,154.0,136.46423878032533,False
Test year,37.0,28.36661118350804,False
Test year,45.0,-56.401340840795,False
Test year,-176.0,-125.9326764589913,False
Test year,-419.0,-249.33145780774663,False
Test year,-519.0,-463.4650209332613,False
Test year,-347.0,-384.54428084723423,False
Test year,-389.0,-294.48925299288857,False
Test year,-183.0,-203.03469596850135,False
Test year,159.0,-81.69236943301257,False
Test year,123.0,183.99226202498016,False
Test year,272.0,138.59215471422894,False
Test year,131.0,296.377430922919,False
Test year,405.0,169.56046725876786,False
Test year,339.0,378.4928656315594,False
Test year,166.0,332.36464567886964,False
Test year,912.0,248.68635243697747,False
Test year,978.0,752.6384720722058,False
Test year,409.0,722.1307560650788,False
Test year,92.0,385.7697501135396,False
Test year,504.0,149.10349571058254,False
Test year,277.0,455.2629759383177,False
Test year,-124.0,147.4271597801008,False
Test year,-247.0,9.523663590256149,False
Test year,-195.0,-262.740921946942,False
Test year,-145.0,-190.81119245146152,False
Test year,-167.0,-212.66482607737444,False
Test year,-237.0,-180.63001619505962,False
Test year,-304.0,-218.61559915916544,False
Test year,-284.0,-271.0728024187318,False
Test year,-214.0,-233.12894089163575,False
Test year,-188.0,-227.44200059386282,False
Test year,-253.0,-153.09589361246532,False
Test year,-233.0,-213.3544961843408,False
Test year,-171.0,-213.8642568448666,False
Test year,-168.0,-158.39806378789547,False
Test year,-222.0,-162.32857736901155,False
Test year,-204.0,-199.26163545421065,False
Test year,-143.0,-184.99964634092083,False
Test year,-110.0,-169.45563406054566,False
Test year,-98.0,-98.24281674998736,False
Test year,-9.0,-78.96728958113334,False
Test year,-23.0,-5.768529735800854,False
Test year,24.0,10.836690213358196,False
Test year,164.0,98.73143706393336,False
Test year,198.0,123.61164608042378,False
Test year,346.0,271.906598134577,False
Test year,348.0,266.57439018256855,False
Test year,62.0,276.19101009967267,False
Test year,-220.0,-32.96988771961719,False
Test year,-563.0,-340.50495662259453,False
Test year,-399.0,-494.3132512499151,False
Test year,-283.0,-279.85828730604095,False
Test year,-342.0,-286.59110745951193,False
Test year,-19.0,-201.78973869697438,False
Test year,252.0,31.404382096328078,False
Test year,-387.0,233.2569684275523,False
Test year,-156.0,-337.106186481907,False
Test year,521.0,-64.55933447940345,False
Test year,-133.0,476.91683329804897,False
Test year,-304.0,-93.28240633464173,False
Test year,105.0,-85.81260036614418,False
Test year,-4.0,161.19402995133566,False
Test year,124.0,111.51533574032527,False
Test year,-120.0,213.53808974389545,False
Test year,-530.0,122.39094529616057,False
Test year,429.0,-142.75446453203278,False
Test year,496.0,535.3297214046911,False
Test year,652.0,509.0420756858533,False
Test year,829.0,623.9818339655885,False
Test year,534.0,605.0757905054195,False
Test year,668.0,389.87197346760394,False
Test year,145.0,335.57077247067406,False
Test year,-177.0,17.1549222396427,False
Test year,-77.0,-169.0779718581469,False
Test year,-162.0,-128.2129134333849,False
Test year,-239.0,-159.4252833036305,False
Test year,-261.0,-219.4423414168864,False
Test year,-143.0,-199.81896155018273,False
Test year,-143.0,-184.85519932256386,False
Test year,-122.0,-117.54418238036934,False
Test year,-121.0,-150.92135708286247,False
Test year,-142.0,-149.89958308541986,False
Test year,-105.0,-134.93487805277965,False
Test year,-200.0,-136.52633850679587,False
Test year,-163.0,-186.81938051908048,False
Test year,-75.0,-168.65332900017592,False
Test year,-183.0,-139.6947492410854,False
Test year,-83.0,-123.68219871270361,False
Test year,-35.0,-83.27598616704347,False
Test year,-5.0,-18.344105001174285,False
Test year,23.0,14.899711272618077,False
Test year,185.0,96.73290378194207,False
Test year,191.0,133.14595386870815,False
Test year,295.0,259.15265936770527,False
Test year,65.0,149.7588983177528,False
Test year,-73.0,1.956893415445279,False
Test year,-332.0,-190.79306366487316,False
Test year,-477.0,-308.7847580426251,False
Test year,-633.0,-421.66744894361904,False
Test year,-579.0,-414.4328729542309,False
Test year,-548.0,-486.3862846914218,False
Test year,-308.0,-310.3690961560434,False
Test year,-295.0,-248.4791535469799,False
Test year,-46.0,-150.04454589855692,False
Test year,-272.0,-21.8312100020718,False
Test year,-58.0,-87.73515357115542,True
Test year,-114.0,-5.188332807164869,True
Test year,-48.0,18.86346540450245,True
Test year,27.0,51.602429951112185,True
Test year,167.0,156.2694299607536,True
Test year,205.0,254.99640372477313,False
Test year,302.0,316.64923432620674,False
Test year,507.0,452.4267395939977,False
Test year,600.0,560.7110585401548,False
Test year,697.0,672.2908639155005,False
Test year,810.0,645.1342682480093,False
Test year,756.0,746.2935541114747,False
Test year,531.0,509.5555695960815,False
Test year,361.0,376.4619931696225,False
Test year,89.0,98.1725081108898,False
Test year,-16.0,16.232239623478222,False
Test year,-20.0,-93.35788502053367,False
Test year,-151.0,-87.07591372176879,False
Test year,-181.0,-147.34932655727698,False
Test year,-258.0,-193.25176614000054,False
Test year,-80.0,-188.37889139834652,False
Test year,-140.0,-158.07800033987115,False
Test year,-144.0,-109.98786390289524,False
Test year,-134.0,-159.2502445426653,False
Test year,-93.0,-157.68721014903537,False
Test year,-129.0,-113.47271292002557,False
Test year,-202.0,-138.69185465414444,False
Test year,-190.0,-187.38788557924028,False
Test year,-192.0,-177.16142560457445,False
Test year,-71.0,-187.3474403763525,False
Test year,-25.0,-88.36982421188037,False
Test year,-45.0,-45.26967888995591,False
Test year,7.0,-16.74900609605004,False
Test year,100.0,21.522810221422958,False
Test year,167.0,137.45779326268024,False
Test year,157.0,126.60825561932586,False
Test year,254.0,237.84190111862216,False
Test year,93.0,111.27382215387615,False
Test year,-122.0,10.25314657877118,False
Test year,-313.0,-216.30098174863065,False
Test year,-383.0,-299.89098182852814,False
Test year,-553.0,-375.8161751146525,False
Test year,-512.0,-357.3889569201784,False
Test year,-502.0,-432.2347861215722,False
Test year,-283.0,-282.88404662145894,False
Test year,-86.0,-209.50165967361144,False
Test year,-239.0,-57.72677596171562,False
Test year,-123.0,-97.82254401250876,False
Test year,-180.0,-30.104685279501723,True
Test year,-58.0,-61.681384592350554,True
Test year,-25.0,43.58090991139363,True
Test year,33.0,69.30676975793315,True
Test year,122.0,137.9525291443743,False
Test year,281.0,225.3193311930842,False
Test year,321.0,355.2319200202371,False
Test year,525.0,455.923112563947,False
Test year,532.0,565.6795602384884,False
Test year,712.0,628.3943627303386,False
Test year,654.0,642.0227412165201,False
Test year,630.0,618.1602706015833,False
Test year,548.0,424.6879661066439,False
Test year,410.0,406.34975292904846,False
Test year,112.0,130.32442017359898,False
Test year,77.0,23.23716459808668,False
Test year,-114.0,-59.897568141431464,False
Test year,-168.0,-125.90139640303701,False
Test year,-248.0,-164.77805138119112,False
Test year,-218.0,-222.70469270122976,False
Test year,-113.0,-184.20627588263125,False
Test year,-163.0,-166.80503828078622,False
Test year,-122.0,-122.49537687435591,False
Test year,-121.0,-153.53863964276246,False
Test year,-155.0,-150.67943329155582,False
Test year,-183.0,-138.88620769820034,False
Test year,-203.0,-167.0195975964815,False
Test year,-186.0,-194.51459971994308,False
Test year,-106.0,-176.25444365127834,False
Test year,-137.0,-153.33517437790937,False
Test year,-39.0,-106.52875433693876,False
Test year,-47.0,-58.02952065624859,False
Test year,12.0,-19.085000912300586,False
Test year,35.0,23.08508166084954,False
Test year,152.0,104.43584068164529,False
Test year,193.0,115.62700640898913,False
Test year,238.0,267.8653503981375,False
Test year,218.0,172.40970603496947,False
Test year,105.0,182.91238582236736,False
Test year,-137.0,13.097512012745824,False
Test year,-23.0,-184.45557521762981,False
Test year,-336.0,-145.05683847356127,False
Test year,-15.0,-306.65523030040515,False
Test year,-319.0,-200.12418013205948,False
Test year,-382.0,-195.91726270179635,False
Test year,-315.0,-384.7648417990491,False
Test year,195.0,-197.33229645502377,False
Test year,310.0,179.69944646942014,False
Test year,-93.0,233.49737727463975,False
Test year,-372.0,-69.16193169609915,False
Test year,-651.0,-195.62816455373093,False
Test year,-114.0,-367.96610781314143,False
Test year,189.0,13.221812825491895,False
Test year,486.0,264.0073702157483,False
Test year,820.0,449.0772335558766,False
Test year,567.0,738.775828944431,False
Test year,402.0,515.8075167242714,False
Test year,368.0,472.5346925144653,False
Test year,226.0,369.7546461739175,False
Test year,229.0,326.4942402548078,False
Test year,271.0,176.2666741656014,False
Test year,35.0,240.61180091234402,False
Test year,-25.0,-82.94847263999446,False
Test year,25.0,-51.103557186667246,False
Test year,-53.0,-90.02811881705267,False
Test year,-124.0,-104.59951983207256,False
Test year,-131.0,-145.6459493934891,False
Test year,-218.0,-178.46803688270109,False
Test year,-110.0,-175.55633955164615,False
Test year,-107.0,-171.77285461075547,False
Test year,-150.0,-106.78352589020022,False
Test year,-172.0,-165.07944108126145,False
Test year,-199.0,-178.75296288822614,False
Test year,-167.0,-176.57183114520188,False
Test year,-175.0,-180.4542255853505,False
Test year,-235.0,-195.73143985027826,False
Test year,-164.0,-204.96476968620146,False
Test year,-114.0,-196.0367630564175,False
Test year,-79.0,-115.76933721119673,False
Test year,-56.0,-84.93725425759123,False
Test year,-61.0,-37.95960683709791,False
Test year,-56.0,-21.71469898489036,False
Test year,73.0,47.443240334241125,False
Test year,44.0,56.842664735793846,False
Test year,46.0,172.47471081832254,False
Test year,13.0,45.91749763052505,False
Test year,45.0,43.32881195676384,False
Test year,154.0,-29.11416848161838,False
Test year,254.0,29.068141305115887,False
Test year,-285.0,11.890604533687053,False
Test year,-100.0,-301.6663072647907,False
Test year,-705.0,-346.8290303517832,False
Test year,-555.0,-500.41985838128494,False
Test year,48.0,-481.6055411635132,False
Test year,400.0,89.2275045489009,False
Test year,168.0,417.4040038412126,False
Test year,-104.0,139.6515150543579,False
Test year,315.0,-41.04885805551049,False
Test year,-29.0,260.25881991391327,False
Test year,-341.0,-78.57041635294621,False
Test year,-151.0,-240.1188119847759,False
Test year,476.0,-16.773363987064528,False
Test year,680.0,530.8794146643065,False
Test year,841.0,631.9155644260197,False
Test year,625.0,732.3408910409642,False
Test year,39.0,545.1910419419727,False
Test year,68.0,136.21271431043544,False
Test year,439.0,220.9172296082088,False
Test year,374.0,271.1347594141033,False
Test year,307.0,255.88660597491148,False
Test year,1.0,25.39589739599785,False
Test year,-142.0,-78.76669742634141,False
Test year,-121.0,-186.49446781871677,False
Test year,-189.0,-180.40750473674657,False
Test year,-278.0,-206.69942500061137,False
Test year,-301.0,-267.4761281208195,False
Test year,-213.0,-248.07416339023558,False
Test year,-195.0,-243.43581469301728,False
Test year,-171.0,-169.1241151868756,False
Test year,-271.0,-197.65374121189916,False
Test year,-286.0,-231.5797171575079,False
Test year,-157.0,-223.06143654690646,False
Test year,-141.0,-188.88171875188016,False
Test year,-212.0,-180.85219967345023,False
Test year,-249.0,-192.1528020072396,False
Test year,-135.0,-225.51527277661148,False
Test year,-101.0,-135.56992791038573,False
Test year,-64.0,-95.88023517467036,False
Test year,-49.0,-43.091962714253555,False
Test year,-49.0,-17.219991572655573,False
Test year,18.0,51.07600338010087,False
Test year,-22.0,30.557961113074157,False
Test year,-44.0,134.5463568571957,False
Test year,-140.0,-40.38711539292589,False
Test year,-150.0,-74.00700930798052,False
Test year,-320.0,-200.88905939293716,False
Test year,-211.0,-300.11070724826806,False
Test year,-366.0,-306.98479049093163,False
Test year,-211.0,-299.2274763561714,False
Test year,-226.0,-265.8822255914614,False
Test year,-236.0,-154.32007194647736,False
Test year,37.0,-140.99419520543927,False
Test year,47.0,63.160976965219675,False
Test year,-53.0,108.5712842814491,False
Test year,-8.0,-80.32248029347085,False
Test year,-21.0,8.281389411543671,False
Test year,40.0,80.80623415766752,False
Test year,-54.0,70.41740721153883,False
Test year,21.0,74.85038791582315,False
Test year,35.0,97.14734799511237,False
Test year,-39.0,162.20181567345026,False
Test year,301.0,210.30919015505637,False
Test year,400.0,369.79112588224217,False
Test year,548.0,505.05193440841055,False
Test year,605.0,518.5559829319459,False
Test year,673.0,586.97974051196,False
Test year,506.0,488.3863018996245,False
Test year,419.0,389.4337153236447,False
Test year,152.0,152.77723702459662,False
Test year,56.0,49.28181462798051,False
Test year,-3.0,-49.738108931770284,False
Test year,-104.0,-75.04880129077594,False
Test year,-162.0,-127.46891685355158,False
Test year,-184.0,-182.7446085785528,False
Test year,-49.0,-162.3331909117661,False
Test year,-118.0,-140.38881051080602,False
Test year,-125.0,-105.81386614781732,False
Test year,-167.0,-157.1475009419973,False
Test year,-126.0,-176.1056498059354,False
Test year,-124.0,-126.8419293044542,False
Test year,-159.0,-136.49115977334645,False
Test year,-166.0,-168.1915805991007,False
Test year,-92.0,-161.38380350300423,False
Test year,-64.0,-144.06928513611336,False
Test year,-58.0,-74.8856283073149,False
Test year,-60.0,-59.424498222575636,False
Test year,46.0,-25.912290809719877,False
Test year,61.0,38.356313577445945,False
Test year,192.0,118.62247938334548,False
Test year,170.0,140.49477786835178,False
Test year,258.0,245.81215782946373,False
Test year,105.0,117.88303572557527,False
Test year,-51.0,34.244800089749106,False
Test year,-229.0,-165.04179536858877,False
Test year,-370.0,-261.13901380552966,False
Test year,-516.0,-360.2394252372445,False
Test year,-423.0,-350.7729445348305,False
Test year,-388.0,-396.1153157612663,False
Test year,-38.0,-195.22486414682032,False
Test year,-392.0,-97.35787699187705,False
Test year,49.0,-108.52414376934377,False
Test year,82.0,49.48126713414757,False
Test year,-91.0,138.4752668555294,False
Test year,-185.0,-16.255035860478642,False
Test year,-106.0,-23.36467814746112,False
Test year,-27.0,20.906326202350613,False
Test year,79.0,109.29937225318582,False
Test year,75.0,194.25894279711855,False
Test year,193.0,222.7899588188098,False
Test year,388.0,364.88340119535013,False
Test year,446.0,467.1624473877,False
Test year,657.0,564.2929344695051,False
Test year,667.0,625.8043448776236,False
Test year,706.0,644.950976246877,False
Test year,464.0,501.77342494963614,False
Test year,365.0,345.70923186241714,False
Test year,52.0,104.2466007011858,False
Test year,-29.0,0.11700523871218138,False
Test year,-39.0,-86.31255152272226,False
Test year,-129.0,-92.56126137585457,False
Test year,-181.0,-134.47780314126976,False
Test year,-218.0,-185.54082206082484,False
Test year,-89.0,-168.8764371763433,False
Test year,-70.0,-152.03179279861013,False
Test year,-170.0,-80.00445723149898,False
Test year,-154.0,-160.68224015284895,False
Test year,-138.0,-165.77818203409169,False
Test year,-103.0,-130.55222111211117,False
Test year,-219.0,-129.69493313513732,False
Test year,-171.0,-189.26437310742602,False
Test year,-156.0,-170.4313450526319,False
Test year,-122.0,-169.57204457785588,False
Test year,-78.0,-103.9124874242907,False
Test year,5.0,-71.40897945149072,False
Test year,14.0,2.62398420305621,False
Test year,28.0,28.569244971664233,False
Test year,197.0,102.81274216501953,False
Test year,153.0,143.65600096816365,False
Test year,249.0,239.70749853334036,False
Test year,72.0,113.51712370249214,False
Test year,-168.0,-1.7896352781676796,False
Test year,-174.0,-212.41609197547973,False
Test year,-371.0,-207.01249918784504,False
Test year,-541.0,-384.91523366804904,False
Test year,-551.0,-371.70880732081235,False
Test year,-411.0,-472.4762110013786,False
Test year,-251.0,-199.3344773588372,False
Test year,-216.0,-169.1895408096159,False
Test year,-98.0,-79.48387967581192,False
Test year,58.0,21.898943685060203,False
Test year,89.0,103.03361387681673,False
Test year,-90.0,98.24175848228893,False
Test year,224.0,85.0936617185476,False
Test year,300.0,223.59634542042184,False
Test year,232.0,312.81759816495935,False
Test year,350.0,280.53161123377555,False
Test year,511.0,373.52690270241783,False
Test year,122.0,516.5233396594908,False
Test year,81.0,277.5913500950319,False
Test year,337.0,321.6098340709057,False
Test year,403.0,408.0281169990331,False
Test year,583.0,482.3039338155695,False
Test year,454.0,422.9618014556169,False
Test year,437.0,341.77047131542247,False
Test year,42.0,152.9102517399656,False
Test year,90.0,-9.671370254429803,False
Test year,-86.0,-30.011762995116015,False
Test year,-109.0,-110.62791456018408,False
Test year,-173.0,-132.68053390357207,False
Test year,-233.0,-183.23543225409838,False
Test year,-144.0,-175.7735847286853,False
Test year,-136.0,-177.04831126090977,False
Test year,-140.0,-111.61067076958287,False
Test year,-157.0,-154.25260487599832,False
Test year,-122.0,-162.96765721094056,False
Test year,-162.0,-128.23442145993386,False
Test year,-149.0,-154.70781020780555,False
Test year,-163.0,-170.97619599580133,False
Test year,-144.0,-161.31549562350762,False
Test year,-82.0,-166.60551994500503,False
Test year,-136.0,-88.99263607082406,False
Test year,-63.0,-94.05933202215232,False
Test year,3.0,-34.95467340252122,False
Test year,76.0,16.98598922099805,False
Test year,203.0,123.50544456555568,False
Test year,173.0,146.42456805266562,False
Test year,307.0,238.96762287601337,False
Test year,101.0,126.98891703373454,False
Test year,-139.0,4.192401185218273,False
Test year,-313.0,-225.9616954939673,False
Test year,-496.0,-297.81429327925576,False
Test year,-649.0,-410.38511677988475,False
Test year,-573.0,-418.7079713520621,False
Test year,-473.0,-483.14507080015983,False
Test year,-429.0,-277.15816610649097,False
Test year,-219.0,-283.18360150170747,False
Test year,-203.0,-143.13672950702068,False
Test year,-80.0,-85.52495209991241,True
Test year,-8.0,-31.934601710498697,True
Test year,-115.0,39.912871316114774,True
Test year,-90.0,17.221823824544686,True
Test year,7.0,25.447942809461438,True
Test year,85.0,136.94344536584725,True
Test year,146.0,204.98941627961838,False
Test year,239.0,277.60742330635543,False
Test year,453.0,410.17202947310886,False
Test year,521.0,523.8859753659461,False
Test year,717.0,618.6092560383033,False
Test year,735.0,675.6429900310841,False
Test year,778.0,688.9989021371575,False
Test year,611.0,546.4180935557415,False
Test year,405.0,441.32793779736994,False
Test year,148.0,118.82526197210854,False
Test year,28.0,51.618060015225126,False
Test year,18.0,-51.67708325867923,False
Test year,-108.0,-66.05671305154263,False
Test year,-177.0,-124.48182902911091,False
Test year,-195.0,-183.75958504716402,False
Test year,-123.0,-161.76832892118028,False
Test year,-63.0,-163.99814315133102,False
Test year,-126.0,-81.46148802211064,False
Test year,-148.0,-144.6266196344494,False
Test year,-131.0,-160.5857278065078,False
Test year,-159.0,-129.19255650035353,False
Test year,-117.0,-152.58439830862528,False
Test year,-193.0,-156.4740888192129,False
Test year,-113.0,-168.26603323842755,False
Test year,-165.0,-156.3902091827581,False
Test year,-31.0,-117.6085625108905,False
Test year,-17.0,-57.00216362616226,False
Test year,27.0,-4.918127425407022,False
Test year,42.0,32.46312392028997,False
Test year,193.0,108.98548890827482,False
Test year,162.0,140.3399809583068,False
Test year,261.0,231.8519546592127,False
Test year,38.0,94.90852236022084,False
Test year,-134.0,-25.181135527387596,False
Test year,-326.0,-215.29428551216313,False
Test year,-424.0,-299.06908601251945,False
Test year,-595.0,-375.7871753783372,False
Test year,-480.0,-373.96316709467806,False
Test year,-468.0,-412.51362091390195,False
Test year,-279.0,-263.6260998561041,False
Test year,-222.0,-237.11752598985103,False
Test year,0.0,-89.26700766423045,False
Test year,97.0,18.873304424151968,False
Test year,-191.0,102.0123433437746,False
Test year,83.0,-38.0443187156917,False
Test year,106.0,112.57045710813597,False
Test year,-67.0,160.9836932815661,False
Test year,138.0,86.2170869238613,False
Test year,344.0,233.34189576114875,False
Test year,494.0,376.78485388587444,False
Test year,689.0,542.8310653117647,False
Test year,476.0,655.4880954411065,False
Test year,451.0,528.5414611847326,False
Test year,521.0,451.43402311960136,False
Test year,543.0,529.8377209363339,False
Test year,301.0,388.6469573131443,False
Test year,256.0,267.1437462074248,False
Test year,144.0,45.3188195382034,False
Test year,77.0,38.51372621642531,False
Test year,-48.0,-38.89053343490363,False
Test year,-179.0,-102.62893831861865,False
Test year,-198.0,-162.32851345157866,False
Test year,-254.0,-204.3390584870341,False
Test year,-125.0,-189.9520503224619,False
Test year,-123.0,-175.6242934839426,False
Test year,-204.0,-107.53414647441198,False
Test year,-116.0,-180.16962793408686,False
Test year,-140.0,-156.78616320262188,False
Test year,-144.0,-131.138408707307,False
Test year,-186.0,-149.21078090667766,False
Test year,-180.0,-183.1681716493402,False
Test year,-153.0,-171.64162498188836,False
Test year,-133.0,-171.29176778469719,False
Test year,-84.0,-109.5343456101366,False
Test year,-24.0,-76.40142256208486,False
Test year,-8.0,-12.14791907932721,False
Test year,87.0,15.677347342911816,False
Test year,192.0,129.60613997805268,False
Test year,147.0,140.8463260942736,False
Test year,263.0,237.32182350526443,False
Test year,242.0,187.93978385615014,False
Test year,96.0,210.84134626554248,False
Test year,49.0,34.98933806812761,False
Test year,-193.0,-70.31008119301248,False
Test year,-204.0,-309.99347490369667,False
Test year,-322.0,-174.83241460960056,False
Test year,-544.0,-396.36316622455814,False
Test year,-532.0,-395.34781832389103,False
Test year,-315.0,-452.9555797949562,False
Test year,-102.0,-246.09876766696414,False
Test year,8.0,-49.8076981793248,False
Test year,-295.0,55.874968009584336,False
Test year,-92.0,-125.03978495689887,False
Test year,94.0,70.198863077417,False
Test year,82.0,132.76047974652963,False
Test year,93.0,163.61979335185697,False
Test year,155.0,204.598124512176,False
Test year,360.0,251.6896420508105,False
Test year,290.0,431.79658308199885,False
Test year,549.0,388.01603438302783,False
Test year,503.0,615.9305512239648,False
Test year,451.0,495.80642741099143,False
Test year,401.0,472.16468127305035,False
Test year,241.0,288.1630829045965,False
Test year,180.0,234.42508394743675,False
Test year,25.0,6.310738222780174,False
Test year,3.0,-14.303291210138184,False
Test year,-27.0,-72.9253144793687,False
Test year,-66.0,-83.31328106220369,False
Test year,-109.0,-109.35598454070143,False
Test year,-186.0,-154.44647677083879,False
Test year,-50.0,-152.33144258071144,False
Test year,-89.0,-135.6487895465694,False
Test year,-128.0,-88.73345189022834,False
Test year,-158.0,-149.38231622726903,False
Test year,-142.0,-166.36941721027432,False
Test year,-123.0,-149.41180168462785,False
Test year,-195.0,-154.2316055611376,False
Test year,-193.0,-197.2203561079868,False
Test year,-157.0,-190.35005862811784,False
Test year,-165.0,-186.77448668744364,False
Test year,-78.0,-134.78932983731397,False
Test year,-33.0,-89.47822294559484,False
Test year,-50.0,-27.615799193220255,False
Test year,-63.0,-15.260621568292322,False
Test year,118.0,45.44128548258669,False
Test year,24.0,80.29403903014764,False
Test year,84.0,155.18334751698268,False
Test year,-28.0,42.7675500610969,False
Test year,-59.0,34.88139708592007,False
Test year,-162.0,-109.76856792167462,False
Test year,-111.0,-237.67842809772878,False
Test year,-138.0,-219.76705637976974,False
Test year,54.0,-164.5955689529468,False
Test year,6.0,-162.36496621882378,False
Test year,-14.0,11.821924186101796,False
Test year,-81.0,-73.44478776178619,False
Test year,-160.0,-101.5521377466456,False
Test year,-42.0,-58.78902860977212,False
Test year,-604.0,-2.3037998302288543,False
Test year,-359.0,-429.317954864251,False
Test year,-99.0,-149.14179467685858,False
Test year,313.0,-28.52413641690231,False
Test year,176.0,319.4549082868708,False
Test year,515.0,215.25137154142388,False
Test year,692.0,410.08212410101544,False
Test year,908.0,636.9525232874253,False
Test year,218.0,724.805327595528,False
Test year,-307.0,312.73048478440444,False
Test year,106.0,-68.70156791380316,False
Test year,373.0,264.6350179296272,False
Test year,323.0,275.7193453351551,False
Test year,137.0,282.0755967748367,False
Test year,136.0,-26.932043113600628,False
Test year,-8.0,28.788276106937758,False
Test year,-59.0,-80.96443024917846,False
Test year,-85.0,-109.76516432715223,False
Test year,-181.0,-128.86181612552878,False
Test year,-136.0,-192.89383707289107,False
Test year,-82.0,-150.02545614316108,False
Test year,-113.0,-152.7300088229432,False
Test year,-133.0,-110.16815367447415,False
Test year,-148.0,-163.23505258318778,False
Test year,-161.0,-172.82676097832956,False
Test year,-149.0,-154.24689202791802,False
Test year,-178.0,-165.19210594450814,False
Test year,-189.0,-192.19894232271616,False
Test year,-148.0,-185.9348061717787,False
Test year,-138.0,-182.34013275859076,False
Test year,-66.0,-123.02158920929423,False
Test year,-23.0,-81.57628482869882,False
Test year,-75.0,-22.517112850872394,False
Test year,12.0,-25.553556095156324,False
Test year,43.0,76.2532252645413,False
Test year,-4.0,45.938084958007664,False
Test year,37.0,143.6920398147838,False
Test year,-14.0,24.585713528395104,False
Test year,-61.0,57.32411593780148,False
Test year,-151.0,-110.11212128226401,False
Test year,-158.0,-181.52114061691282,False
Test year,-153.0,-286.44541202239816,False
Test year,-133.0,-182.07656805071463,False
Test year,-680.0,-331.1403831604406,False
Test year,-317.0,-535.044232734464,False
Test year,-48.0,-225.5920906416343,False
Test year,-209.0,-94.72990552148008,False
Test year,-118.0,-64.12887034384272,False
Test year,-26.0,-26.83929412950073,False
Test year,43.0,36.95809585884433,False
Test year,94.0,102.5257826341417,False
Test year,148.0,116.87379688634886,False
Test year,83.0,215.1346590120727,False
Test year,366.0,203.96758775658918,False
Test year,377.0,408.60425880758123,False
Test year,495.0,487.12040267503005,False
Test year,411.0,542.5361198890541,False
Test year,570.0,536.0644644394694,False
Test year,663.0,539.611624228251,False
Test year,697.0,630.798599036234,False
Test year,526.0,461.2337435720727,False
Test year,348.0,356.9441868398926,False
Test year,-48.0,48.98698767364294,False
Test year,-242.0,-83.12126282509706,False
Test year,-199.0,-195.61279429449132,False
Test year,168.0,-202.65354476715913,False
Test year,-182.0,-38.12176084716475,False
Test year,-318.0,-200.08803544713538,False
Test year,-197.0,-231.93298502040483,False
Test year,-179.0,-232.84966091000211,False
Test year,-275.0,-154.0623074517303,False
Test year,-249.0,-227.7934096456437,False
Test year,-203.0,-231.51571064518618,False
Test year,-138.0,-170.96532365535072,False
Test year,-186.0,-152.93697464744702,False
Test year,-199.0,-181.26142719079928,False
Test year,-158.0,-178.24104860815277,False
Test year,-58.0,-175.23999120182833,False
Test year,-90.0,-79.22068126686503,False
Test year,-47.0,-72.52969376207997,False
Test year,22.0,-22.907816821890606,False
Test year,24.0,27.669363559118807,False
Test year,139.0,99.6756528099342,False
Test year,181.0,108.40634663171036,False
Test year,178.0,250.62979614324098,False
Test year,135.0,61.105487907970115,False
Test year,53.0,81.71167748409852,False
Test year,-207.0,-71.6276045044138,False
Test year,-292.0,-250.0832538029902,False
Test year,-693.0,-356.4639879641127,False
Test year,-305.0,-472.6643621290709,False
Test year,43.0,-288.55662761782247,False
Test year,415.0,143.2688959344019,False
Test year,-215.0,340.39691935793326,False
Test year,559.0,-56.16953558416526,False
Test year,28.0,438.9639509712059,False
Test year,-242.0,23.762010451119124,False
Test year,-158.0,-158.21168713064998,False
Test year,-6.0,-82.6291737452483,False
Test year,-74.0,10.03572719100498,False
Test year,-435.0,35.571497645904856,False
Test year,-270.0,-283.431857364111,False
Test year,52.0,-48.95324194533117,False
Test year,128.0,283.0623740572376,False
Test year,358.0,297.95191414606376,False
Test year,528.0,512.2123536830728,False
Test year,572.0,540.101613227293,False
Test year,732.0,577.6180750989595,False
Test year,365.0,514.3683649196819,False
Test year,291.0,274.2671894391605,False
Test year,140.0,67.86295598789684,False
Test year,77.0,43.084050369092665,False
Test year,15.0,-30.088951970171365,False
Test year,-144.0,-68.82316036689701,False
Test year,-209.0,-141.93443298561803,False
Test year,-222.0,-201.80864448308688,False
Test year,-126.0,-177.6431432983008,False
Test year,-165.0,-169.8546161521532,False
Test year,-150.0,-122.05587868921535,False
Test year,-127.0,-161.73710872539954,False
Test year,-120.0,-152.49979696997497,False
Test year,-139.0,-120.21162036540676,False
Test year,-184.0,-141.71446202143426,False
Test year,-163.0,-178.70916703485818,False
Test year,-103.0,-162.1581156914164,False
Test year,-143.0,-147.14970325898094,False
Test year,-82.0,-106.78324200695243,False
Test year,-22.0,-75.10103808834606,False
Test year,3.0,-9.645749112645149,False
Test year,25.0,22.24410047423453,False
Test year,188.0,101.05907740409236,False
Test year,147.0,138.5249920717904,False
Test year,208.0,220.59909318467714,False
Test year,61.0,60.49120745309216,False
Test year,-93.0,-1.5475695212342089,False
Test year,-237.0,-186.65416667905737,False
Test year,-386.0,-261.23327008595527,False
Test year,-519.0,-352.14676824201183,False
Test year,-442.0,-341.08933372034255,False
Test year,-417.0,-383.20478787478334,False
Test year,-236.0,-204.918767460877,False
Test year,-191.0,-181.40019821380093,False
Test year,-152.0,-86.47791646079855,False
Test year,-161.0,-43.92613770405282,False
Test year,40.0,-41.10155726626755,False
Test year,-130.0,49.87122756209004,True
Test year,-20.0,31.702823390026765,True
Test year,137.0,78.4396528961135,True
Test year,141.0,226.84967071119183,False
Test year,208.0,249.38762630081024,False
Test year,310.0,327.30255279887297,False
Test year,528.0,466.4989796839251,False
Test year,567.0,595.5099819706545,False
Test year,663.0,662.3373966873698,False
Test year,655.0,631.3255997310398,False
Test year,655.0,634.3180024867365,False
Test year,453.0,442.4349849380334,False
Test year,286.0,318.1821396514757,False
Test year,21.0,28.42984014997836,False
Test year,6.0,-25.665049515914063,False
Test year,-22.0,-64.4796406696642,False
Test year,-140.0,-93.26664806804837,False
Test year,-215.0,-146.13767227591563,False
Test year,-229.0,-205.59174536286145,False
Test year,-155.0,-182.30369664366395,False
Test year,-76.0,-182.76884946566975,False
Test year,-192.0,-90.91520061459951,False
Test year,-181.0,-170.8026420821315,False
Test year,-162.0,-179.5879014199566,False
Test year,-138.0,-147.41747385738745,False
Test year,-194.0,-149.82472566458108,False
Test year,-223.0,-186.12375765470745,False
Test year,-98.0,-189.9719645414612,False
Test year,-155.0,-155.82132566153928,False
Test year,-76.0,-113.83557062517656,False
Test year,-5.0,-76.5969300763586,False
Test year,-54.0,-4.20244696159682,False
Test year,19.0,-4.570369048073331,False
Test year,193.0,92.23350289406119,False
Test year,145.0,138.6781692225622,False
Test year,241.0,214.57307034583835,False
Test year,95.0,74.26667770624425,False
Test year,-101.0,8.827572103285434,False
Test year,-220.0,-191.22055011714983,False
Test year,-355.0,-248.71827651457733,False
Test year,-459.0,-345.695404239493,False
Test year,-261.0,-308.46221275657575,False
Test year,-346.0,-321.21636832457835,False
Test year,-204.0,-161.19818569404885,False
Test year,-167.0,-153.02649792882846,False
Test year,33.0,-75.60443628021187,False
Test year,55.0,32.93540755030767,False
Test year,-48.0,103.082857364451,True
Test year,9.0,46.0487402876343,True
Test year,77.0,81.37617525966988,True
Test year,215.0,131.62752022724004,True
Test year,279.0,281.4116996107291,False
Test year,265.0,340.7469130168483,False
Test year,373.0,359.3109646346837,False
Test year,544.0,506.55549582742526,False
Test year,527.0,603.0873496121292,False
Test year,579.0,617.7721528150857,False
Test year,544.0,550.8829327153529,False
Test year,612.0,517.8382027077944,False
Test year,356.0,384.82431597484975,False
Test year,205.0,217.90574166020812,False
Test year,-93.0,-51.90486419487479,False
Test year,-84.0,-108.53655816364454,False
Test year,-68.0,-139.81458960407525,False
Test year,-183.0,-145.6797222996596,False
Test year,-258.0,-191.05921335413476,False
Test year,-298.0,-249.17286184527745,False
Test year,-172.0,-233.5634315166867,False
Test year,-206.0,-217.48479965646527,False
Test year,-201.0,-158.36986029559563,False
Test year,-254.0,-200.09508300565477,False
Test year,-209.0,-218.19400874726807,False
Test year,-171.0,-179.22589436896106,False
Test year,-244.0,-170.80745795524314,False
Test year,-433.0,-209.75233184155763,False
Test year,-93.0,-273.633343851658,False
Test year,71.0,-190.87608913424282,False
Test year,-38.0,-13.057675042311672,False
Test year,-86.0,-44.09637162852542,False
Test year,-30.0,-35.230347573899394,False
Test year,17.0,1.5668148958581867,False
Test year,190.0,94.07457787583644,False
Test year,126.0,137.58760960821587,False
Test year,194.0,219.6980240558048,False
Test year,140.0,73.9004669304378,False
Test year,24.0,78.46857410434643,False
Test year,-108.0,-67.60949392592397,False
Test year,-146.0,-178.01373434978814,False
Test year,-240.0,-229.36708900144686,False
Test year,-97.0,-203.0851572699672,False
Test year,-375.0,-212.94646795953295,False
Test year,-5.0,-274.07448684709726,False
Test year,-198.0,-52.90172581625649,False
Test year,-185.0,-66.27536553052784,False
Test year,-113.0,-14.67279000618953,False
Test year,0.0,-29.643070384728446,False
Test year,214.0,73.01855639407353,False
Test year,-22.0,242.24603561051396,False
Test year,172.0,71.40633499484551,False
Test year,357.0,226.92265353607252,False
Test year,385.0,339.4390857610665,False
Test year,136.0,355.3555370635047,False
Test year,358.0,285.64209585151383,False
Test year,300.0,381.517103683616,False
Test year,202.0,402.6053673164009,False
Test year,241.0,271.6698508668619,False
Test year,190.0,337.80183903117734,False
Test year,173.0,154.73675173632444,False
Test year,189.0,191.0928091783133,False
Test year,52.0,0.20349937951743868,False
Test year,11.0,-15.419391102521672,False
Test year,1.0,-74.88613288547049,False
Test year,-121.0,-81.63821574926646,False
Test year,-201.0,-141.9326549555723,False
Test year,-278.0,-203.64224256983022,False
Test year,-94.0,-203.6122324092193,False
Test year,-146.0,-171.75091852788114,False
Test year,-184.0,-117.67551066109795,False
Test year,-145.0,-178.49946934818934,False
Test year,-139.0,-168.43314632240492,False
Test year,-167.0,-135.76245378505416,False
Test year,-161.0,-159.69694051642023,False
Test year,-177.0,-176.89435982751894,False
Test year,-159.0,-167.72659318961058,False
Test year,-141.0,-173.56441948083142,False
Test year,-142.0,-113.66224550639197,False
Test year,-55.0,-100.83845850962189,False
Test year,11.0,-30.987309267479645,False
Test year,8.0,22.427907414239314,False
Test year,173.0,92.15322399546028,False
Test year,139.0,127.30658748881183,False
Test year,299.0,226.17147343959766,False
Test year,259.0,190.0840143578045,False
Test year,246.0,263.80233240425963,False
Test year,211.0,141.21767641655845,False
Test year,116.0,69.84412639134405,False
Test year,-88.0,-33.91282444472415,False
Test year,-19.0,-101.21854770004069,False
Test year,-124.0,-186.52912298817145,False
Test year,257.0,-93.86999996207908,False
Test year,-99.0,38.605530841835275,False
Test year,-96.0,-104.12353727149696,False
Test year,-80.0,-102.77750809877222,False
Test year,-182.0,-124.18238595313375,False
Test year,-122.0,-156.273902815628,False
Test year,-92.0,-109.10815169704932,False
Test year,-88.0,-85.47430447322193,False
Test year,-62.0,-23.77067859537027,False
Test year,-90.0,12.603538406163011,False
Test year,96.0,37.651565359057884,False
Test year,297.0,211.91042015287715,False
Test year,238.0,331.123400764603,False
Test year,215.0,358.30618439135577,False
Test year,242.0,272.61655965890844,False
Test year,183.0,337.7316227530896,False
Test year,85.0,162.04380462557015,False
Test year,86.0,155.57277260763522,False
Test year,-61.0,-49.44632864144813,False
Test year,24.0,-62.45186379100738,False
Test year,-27.0,-65.77601587440182,False
Test year,-129.0,-81.26887168745398,False
Test year,-196.0,-135.2011049234804,False
Test year,-238.0,-191.85003286097248,False
Test year,-60.0,-178.59841596728336,False
Test year,-76.0,-143.3709584586355,False
Test year,-76.0,-80.60655153141659,False
Test year,-126.0,-124.94785752084292,False
Test year,-158.0,-147.48218543662634,False
Test year,-166.0,-150.91159903637907,False
Test year,-176.0,-171.31165734167098,False
Test year,-184.0,-193.1530570490845,False
Test year,-151.0,-183.50481538274033,False
Test year,-121.0,-182.595818699748,False
Test year,-79.0,-116.19891959390503,False
Test year,-55.0,-84.9368485817215,False
Test year,-29.0,-37.036126841530574,False
Test year,-25.0,-7.506663329490607,False
Test year,80.0,63.234639228701155,False
Test year,5.0,62.8857554096123,False
Test year,75.0,147.75428867397204,False
Test year,42.0,54.894925005153,False
Test year,67.0,139.16226794097463,False
Test year,64.0,36.35713206218344,False
Test year,121.0,9.598926644497396,False
Test year,-13.0,-50.89474265116007,False
Test year,134.0,-109.26592371738235,False
Test year,71.0,-83.91922842644902,False
Test year,255.0,35.654995281443746,False
Test year,21.0,89.50936416467323,False
Test year,12.0,-99.84335737686251,False
Test year,-101.0,-2.8097737319396856,False
Test year,-218.0,-163.43081940604912,False
Test year,-79.0,-178.76722417116014,False
Test year,17.0,-112.29211136334465,False
Test year,-65.0,-28.58010177180404,False
Test year,20.0,-24.881411060453843,False
Test year,3.0,42.912051316010036,False
Test year,84.0,70.57682661385252,False
Test year,195.0,188.3522085646973,False
Test year,105.0,243.971613220726,False
Test year,184.0,263.0533065985884,False
Test year,166.0,246.17422927326675,False
Test year,214.0,299.16401108351823,False
Test year,186.0,180.09065284726256,False
Test year,93.0,214.25936307170173,False
Test year,-35.0,-45.837511148711485,False
Test year,56.0,-55.329469164834336,False
Test year,2.0,-52.436649850894554,False
Test year,-69.0,-68.99505127707454,False
Test year,-84.0,-113.51246044104056,False
Test year,-129.0,-149.2019498788917,False
Test year,-109.0,-133.91915161725086,False
Test year,-46.0,-159.39537470916883,False
Test year,-153.0,-82.36777141630992,False
Test year,-174.0,-163.69694027117637,False
Test year,-132.0,-183.150824692544,False
Test year,-139.0,-144.0803352491372,False
Test year,-156.0,-156.58752541385786,False
Test year,-183.0,-181.5471358354156,False
Test year,-144.0,-180.45967024921396,False
Test year,-173.0,-179.716110788072,False
Test year,-45.0,-136.3852411978084,False
Test year,-62.0,-76.56045394687976,False
Test year,-46.0,-37.889002426716274,False
Test year,-18.0,-15.872468430294276,False
Test year,42.0,64.71845853252677,False
Test year,18.0,43.898846331448055,False
Test year,62.0,156.97693285441756,False
Test year,32.0,60.84563503793106,False
Test year,-66.0,120.63543585948923,False
Test year,-106.0,-79.8532652134378,False
Test year,46.0,-168.6697147045499,False
Test year,-96.0,-170.31967461144762,False
Test year,-311.0,-214.0215400771235,False
Test year,-669.0,-435.43507178282687,False
Test year,-355.0,-468.16070677306175,False
Test year,-312.0,-376.67091404366784,False
Test year,156.0,-186.69726974097244,False
Test year,-127.0,108.07548047721585,False
Test year,-49.0,3.4473950798656006,False
Test year,-12.0,27.764167814474746,False
Test year,235.0,69.85056160481895,False
Test year,266.0,245.26991551877637,False
Test year,263.0,275.486215961943,False
Test year,339.0,324.30542512242846,False
Test year,308.0,380.9559560469822,False
Test year,303.0,434.6492916828388,False
Test year,509.0,405.95860945555086,False
Test year,551.0,591.1254402986413,False
Test year,567.0,511.9673044107817,False
Test year,470.0,553.2890349292497,False
Test year,385.0,312.99875462971966,False
Test year,193.0,283.5285442722118,False
Test year,-7.0,-39.53446101454,False
Test year,-14.0,-62.96138198283643,False
Test year,31.0,-87.40598553938366,False
Test year,-134.0,-87.1519063164107,False
Test year,-225.0,-161.54886546795296,False
Test year,-248.0,-227.4882429640145,False
Test year,-161.0,-209.07085422705387,False
Test year,-199.0,-205.60339221391592,False
Test year,-208.0,-156.19581154101172,False
Test year,-200.0,-204.6642331261584,False
Test year,-221.0,-203.11598555586846,False
Test year,-154.0,-171.42872962250362,False
Test year,-189.0,-162.16136378998738,False
Test year,-186.0,-184.46984446719216,False
Test year,-150.0,-173.80880143184567,False
Test year,-106.0,-170.5954417956516,False
Test year,-58.0,-98.41282137535347,False
Test year,-22.0,-63.184244263932044,False
Test year,67.0,-9.710502828854146,False
Test year,34.0,50.85089373637862,False
Test year,195.0,105.67699470884611,False
Test year,124.0,140.4916232787839,False
Test year,211.0,202.07657789561648,False
Test year,115.0,65.52237740288388,False
Test year,-38.0,51.65053855775125,False
Test year,-99.0,-126.08258890641764,False
Test year,-131.0,-173.65748942007542,False
Test year,-208.0,-216.34957646448723,False
Test year,-106.0,-197.1893556970345,False
Test year,-183.0,-123.55479709071841,False
Test year,-195.0,-159.9163359320068,False
Test year,71.0,-132.66727400386551,False
Test year,-162.0,16.4184012477794,False
Test year,-192.0,-61.753602650494145,False
Test year,-193.0,-93.57010258195277,False
Test year,-63.0,-57.62192037894067,False
Test year,-8.0,36.229382471098745,False
Test year,102.0,88.85105357868008,False
Test year,65.0,212.43941875879335,False
Test year,101.0,200.73539543986448,False
Test year,136.0,265.5377865282683,False
Test year,274.0,356.1548916122453,False
Test year,401.0,411.0198058469114,False
Test year,517.0,529.4665387132009,False
Test year,595.0,521.2314730850708,False
Test year,699.0,571.0541790776686,False
Test year,424.0,475.29225308849675,False
Test year,226.0,281.99805840447937,False
Test year,20.0,-20.375916199223923,False
Test year,-32.0,-46.31701518029746,False
Test year,-107.0,-101.5231168627925,False
Test year,-238.0,-147.57058269309232,False
Test year,-208.0,-203.88938830883228,False
Test year,-264.0,-227.9826968069163,False
Test year,-169.0,-205.64579616032108,False
Test year,-112.0,-203.63225712818883,False
Test year,-229.0,-116.00296030790179,False
Test year,-174.0,-195.26860069211682,False
Test year,-185.0,-188.12337547234085,False
Test year,-141.0,-156.11857288397226,False
Test year,-197.0,-153.82513317030788,False
Test year,-194.0,-187.01975619639046,False
Test year,-152.0,-178.07838514793235,False
Test year,-89.0,-171.97480602873463,False
Test year,-42.0,-90.89847809281639,False
Test year,-28.0,-53.960773652963184,False
Test year,-75.0,-10.226473431722866,False
Test year,25.0,-12.696302083040251,False
Test year,171.0,95.48080820768513,False
Test year,119.0,127.36200769263326,False
Test year,218.0,205.7742002385375,False
Test year,95.0,68.47912649168143,False
Test year,38.0,32.384288778179666,False
Test year,-133.0,-122.79980886358314,False
Test year,-248.0,-238.62746757261942,False
Test year,-319.0,-303.6602169020684,False
Test year,-322.0,-233.53409458110423,False
Test year,-298.0,-283.8504829299316,False
Test year,-116.0,-174.55390714054897,False
Test year,-189.0,-96.73110060499346,False
Test year,52.0,-39.65060389321138,False
Test year,144.0,107.85549888460748,False
Test year,143.0,168.37320583959695,False
Test year,413.0,154.38364515626074,False
Test year,1082.0,426.24513645965067,False
Test year,406.0,777.1702247756374,True
Test year,311.0,309.11887922213265,True
Test year,888.0,277.71978288928176,False
Test year,354.0,616.2918024331777,False
Test year,117.0,295.5189420725172,False
Test year,41.0,164.02815507765894,False
Test year,524.0,192.55306005411856,False
Test year,-1.0,414.72446173372396,False
Test year,20.0,129.48591478756052,False
Test year,-64.0,-4.54341152804659,False
Test year,29.0,3.890794531483664,False
Test year,18.0,-144.691303385067,False
Test year,-84.0,-89.68757371144642,False
Test year,-33.0,-161.33237315827427,False
Test year,-164.0,-149.92618898301853,False
Test year,-268.0,-205.3087365260812,False
Test year,-334.0,-272.94586430308124,False
Test year,-215.0,-268.1864631355583,False
Test year,-317.0,-258.02726798451977,False
Test year,-198.0,-218.69249446961715,False
Test year,-281.0,-227.74405372406113,False
Test year,-225.0,-237.00570795832687,False
Test year,-195.0,-201.27123900952387,False
Test year,-234.0,-192.37721066205046,False
Test year,-242.0,-217.41996613370623,False
Test year,-170.0,-209.34149592150948,False
Test year,-120.0,-192.05552455484786,False
Test year,-36.0,-110.86274941183075,False
Test year,-68.0,-59.154015591212385,False
Test year,-58.0,-31.49287973504454,False
Test year,29.0,-12.567682381549105,False
Test year,158.0,94.19740939248555,False
Test year,113.0,114.85794208790438,False
Test year,219.0,191.98490560873847,False
Test year,156.0,68.55384013065662,False
Test year,101.0,55.18300816236126,False
Test year,50.0,-69.29036294974401,False
Test year,35.0,-82.45492838684424,False
Test year,-311.0,-145.34042282358027,False
Test year,51.0,-260.3732769716263,False
Test year,-273.0,-124.03883327886811,False
Test year,224.0,-187.5409954538266,False
Test year,-44.0,180.4547534150408,False
Test year,405.0,-123.50038835093227,False
Test year,994.0,404.2711682008188,False
Test year,794.0,745.162128940532,False
Test year,-590.0,464.8599301449536,False
Test year,-59.0,-375.09294728800785,False
Test year,-1803.0,-183.29398752600775,False
Test year,-323.0,-897.5386097508227,True
Test year,662.0,-91.28039018180004,True
Test year,1007.0,629.9000235356397,False
Test year,-309.0,832.6645858041645,False
Test year,452.0,-72.27151290937474,False
Test year,654.0,548.7652993134718,False
Test year,486.0,589.6993234995587,False
Test year,621.0,438.8160080452287,False
Test year,288.0,348.8929294520125,False
Test year,225.0,112.80207500020708,False
Test year,-45.0,-98.42234622204364,False
Test year,-334.0,-152.6600110728587,False
Test year,-114.0,-269.0389368235118,False
Test year,-274.0,-237.06849895135537,False
Test year,-399.0,-270.7675207651796,False
Test year,-345.0,-346.8065763006882,False
Test year,-253.0,-306.52578891934945,False
Test year,-283.0,-283.2976920347365,False
Test year,-378.0,-220.74277231850738,False
Test year,-268.0,-294.03072868039595,False
Test year,-215.0,-267.0330281177713,False
Test year,-236.0,-195.46658291717017,False
Test year,-243.0,-206.05875654092353,False
Test year,-219.0,-225.46646164546218,False
Test year,-175.0,-200.60515045162418,False
Test year,-95.0,-189.17034876028447,False
Test year,-41.0,-99.86980369725183,False
Test year,-40.0,-57.53024826451983,False
Test year,-26.0,-18.492511400651722,False
Test year,45.0,4.443154469462598,False
Test year,186.0,104.97936223268184,False
Test year,116.0,132.18484046771152,False
Test year,209.0,190.1932996565846,False
Test year,16.0,43.10918534538479,False
Test year,0.0,-40.937427208662484,False
Test year,-214.0,-142.7809901563461,False
Test year,-197.0,-252.39784322154912,False
Test year,-320.0,-270.3069590130423,False
Test year,-198.0,-248.53422659535988,False
Test year,-372.0,-273.84790328139,False
Test year,-226.0,-165.21171605820734,False
Test year,-154.0,-142.80322209428763,False
Test year,26.0,-56.24979073516175,False
Test year,-10.0,52.09225052876435,False
Test year,-46.0,44.31918381158971,True
Test year,-38.0,15.134321368449065,True
Test year,44.0,44.20244064941227,True
Test year,142.0,140.45616333556535,True
Test year,226.0,256.19734939264094,True
Test year,373.0,324.4774202505856,False
Test year,372.0,450.6814468061332,False
Test year,530.0,515.4790864709825,False
Test year,592.0,587.8871228950632,False
Test year,645.0,658.5494827915379,False
Test year,597.0,571.7205421927023,False
Test year,566.0,532.2929454492003,False
Test year,353.0,315.30696317484507,False
Test year,227.0,189.7534909522779,False
Test year,-59.0,-78.77128036176794,False
Test year,-247.0,-131.8744409464694,False
Test year,-89.0,-213.21809514339043,False
Test year,-232.0,-191.2406876813945,False
Test year,-436.0,-235.4625683654371,False
Test year,-374.0,-336.3138625928043,False
Test year,-175.0,-308.24022985999704,False
Test year,-229.0,-245.0976235076377,False
Test year,-263.0,-178.3081313079021,False
Test year,-208.0,-235.54486721682295,False
Test year,-183.0,-217.95450562336674,False
Test year,-202.0,-172.324540432057,False
Test year,-210.0,-187.72506594125292,False
Test year,-234.0,-207.6919378226931,False
Test year,-204.0,-201.49310733452785,False
Test year,-117.0,-202.4315709068092,False
Test year,-109.0,-112.24903205539317,False
Test year,-86.0,-87.19554085713872,False
Test year,20.0,-42.34048657227112,False
Test year,52.0,22.569135783909985,False
Test year,155.0,111.45775544208868,False
Test year,125.0,115.46104482527193,False
Test year,156.0,195.8685738273274,False
Test year,31.0,12.550170699249918,False
Test year,-26.0,-31.16592933575498,False
Test year,-192.0,-167.05958994454164,False
Test year,-177.0,-247.6316840732128,False
Test year,-332.0,-264.55333600744456,False
Test year,-319.0,-238.22685494120202,False
Test year,-386.0,-305.4569381755018,False
Test year,-196.0,-180.879237683182,False
Test year,8.0,-135.87193603713428,False
Test year,-130.0,11.831151775059965,False
Test year,-102.0,-7.303376107875465,True
Test year,-5.0,-21.670891189189888,True
Test year,98.0,68.75415167347083,True
Test year,44.0,155.20316079209664,True
Test year,216.0,134.75993909197396,True
Test year,279.0,293.5090107264815,True
Test year,373.0,358.99563127493235,False
Test year,448.0,444.526855856807,False
Test year,707.0,564.4356695600088,False
Test year,403.0,695.668890947647,False
Test year,838.0,502.00510849032764,False
Test year,443.0,678.9319917472031,False
Test year,416.0,380.8335981272094,False
Test year,102.0,214.52514558014394,False
Test year,20.0,79.71553891557005,False
Test year,37.0,-139.91906461489754,False
Test year,-238.0,-74.06868500893495,False
Test year,152.0,-191.06981084061078,False
Test year,-125.0,-69.52938878270805,False
Test year,-264.0,-176.5258793542543,False
Test year,-260.0,-261.5556618538858,False
Test year,-209.0,-237.68369413358533,False
Test year,-220.0,-241.68279411830918,False
Test year,-209.0,-183.05276020401283,False
Test year,-211.0,-218.43566737271001,False
Test year,-274.0,-215.7359014903575,False
Test year,-195.0,-221.7102810849854,False
Test year,-221.0,-212.0287831629181,False
Test year,-257.0,-224.44374345578115,False
Test year,-229.0,-224.63838187937125,False
Test year,-97.0,-227.9035065707961,False
Test year,-104.0,-119.91430247651624,False
Test year,-32.0,-95.46429585404798,False
Test year,-32.0,-31.365107883808946,False
Test year,-21.0,-9.251287090764976,False
Test year,21.0,62.915212481090805,False
Test year,-56.0,31.774598533296086,False
Test year,22.0,116.11601269799382,False
Test year,-7.0,-17.594624149844833,False
Test year,81.0,40.09969740246618,False
Test year,276.0,11.724736555637946,False
Test year,237.0,227.70273401102418,False
Test year,-50.0,37.58895118359254,False
Test year,-142.0,-191.23919859002996,False
Test year,-164.0,-369.6002175444047,False
Test year,-142.0,-91.5559101299653,False
Test year,-239.0,-232.91028703116524,False
Test year,-10.0,-309.89864607361767,False
Test year,-351.0,-34.02271768221772,False
Test year,-298.0,-274.6993086707785,False
Test year,-16.0,-181.40378345202083,False
Test year,542.0,51.09530165527332,False
Test year,444.0,468.9235527683861,False
Test year,-265.0,337.62030814670436,False
Test year,-394.0,-143.61907421202142,False
Test year,110.0,-187.09727178930666,False
Test year,127.0,307.08405312867586,False
Test year,119.0,325.75242708920797,False
Test year,380.0,362.4013182682746,False
Test year,493.0,430.7931197336105,False
Test year,585.0,505.52394297164994,False
Test year,458.0,391.3340933799111,False
Test year,330.0,309.5172165986638,False
Test year,109.0,27.092750676996616,False
Test year,-69.0,-20.473530412081686,False
Test year,-48.0,-103.97304686495579,False
Test year,-139.0,-124.1442628185014,False
Test year,-256.0,-171.84975363816375,False
Test year,-218.0,-241.33791776234733,False
Test year,-112.0,-205.0677866834967,False
Test year,-148.0,-185.99138403066917,False
Test year,-163.0,-136.3412118328926,False
Test year,-219.0,-187.1383984072952,False
Test year,-178.0,-210.60201211109012,False
Test year,-105.0,-175.1948817174249,False
Test year,-122.0,-154.55081707914542,False
Test year,-226.0,-170.26725984490707,False
Test year,-180.0,-197.28922705924077,False
Test year,-108.0,-201.96687873348418,False
Test year,-86.0,-116.08771231633136,False
Test year,-123.0,-87.87200652966936,False
Test year,-33.0,-66.61818128893947,False
Test year,-62.0,-15.751271879241472,False
Test year,47.0,46.37235952623456,False
Test year,-48.0,43.16174379759548,False
Test year,-89.0,105.25971832919339,False
Test year,-145.0,-97.57860381059749,False
Test year,-197.0,-93.53578459579478,False
Test year,-234.0,-238.52027307583126,False
Test year,-140.0,-262.59658227471687,False
Test year,-199.0,-236.68136228815993,False
Test year,-323.0,-235.99662345887776,False
Test year,-188.0,-306.96630306227206,False
Test year,46.0,-59.1832604719699,False
Test year,378.0,23.2059550350738,False
Test year,-226.0,285.0033506044771,False
Test year,-201.0,-113.30696726263636,False
Test year,-24.0,-81.24675829703096,False
Test year,-27.0,-29.32812091852111,False
Test year,-28.0,80.75975042830953,False
Test year,49.0,34.96903361035277,False
Test year,156.0,165.16557932321962,False
Test year,329.0,228.56306516996185,False
Test year,69.0,365.5733696032295,False
Test year,249.0,278.31117091816265,False
Test year,273.0,364.5063943797045,False
Test year,328.0,446.4318083491236,False
Test year,521.0,396.96251510418,False
Test year,606.0,542.854371098244,False
Test year,470.0,433.6224656448302,False
Test year,369.0,354.9412955941558,False
Test year,101.0,75.25884342638898,False
Test year,26.0,-5.352689958267092,False
Test year,4.0,-43.10722095373336,False
Test year,-73.0,-79.5943433172068,False
Test year,-144.0,-128.01967469671905,False
Test year,-227.0,-180.63462218085212,False
Test year,-104.0,-182.83392053673072,False
Test year,-204.0,-173.77105202026115,False
Test year,-131.0,-146.86839850541512,False
Test year,-216.0,-171.57739046783342,False
Test year,-201.0,-197.08858559540943,False
Test year,-99.0,-155.2310373734938,False
Test year,-124.0,-127.64878677639621,False
Test year,-183.0,-144.4260984974714,False
Test year,-98.0,-156.51890850888594,False
Test year,-99.0,-140.65525957450143,False
Test year,-48.0,-81.7682118308312,False
Test year,-45.0,-49.66200537997045,False
Test year,12.0,-10.381834264839341,False
Test year,87.0,31.66838614558324,False
Test year,165.0,138.85648780837298,False
Test year,125.0,133.6627478668723,False
Test year,198.0,204.3845342586875,False
Test year,32.0,46.228499717983624,False
Test year,-58.0,-18.01382058640678,False
Test year,-214.0,-160.23004996798795,False
Test year,-245.0,-224.25004457606548,False
Test year,-360.0,-239.59882918678326,False
Test year,-210.0,-185.10827853544964,False
Test year,-317.0,-231.53159052002377,False
Test year,-112.0,-95.32035115497501,False
Test year,98.0,-119.64248006375004,False
Test year,-129.0,82.35825956820568,False
Test year,-116.0,-0.4874107191797066,False
Test year,151.0,-1.668360645730104,False
Test year,-119.0,179.7942326381924,False
Test year,136.0,11.53469143011364,False
Test year,295.0,172.98583760097426,False
Test year,584.0,289.25968296404267,False
Test year,125.0,443.37395654537926,False
Test year,267.0,198.94701401762205,False
Test year,346.0,333.7418454584805,False
Test year,170.0,383.06661852294104,False
Test year,72.0,330.83307667501947,False
Test year,187.0,194.10197105469877,False
Test year,419.0,338.182778075662,False
Test year,305.0,332.97168874354236,False
Test year,174.0,283.15901875358395,False
Test year,-26.0,4.304404528807936,False
Test year,27.0,-41.79084980025118,False
Test year,82.0,-36.540506959989244,False
Test year,-100.0,-23.55600822794301,False
Test year,-169.0,-117.06170430399581,False
Test year,-227.0,-173.92969930224547,False
Test year,-130.0,-166.17779957629256,False
Test year,-88.0,-164.00760239320584,False
Test year,-141.0,-84.38849693398052,False
Test year,-115.0,-144.02744891054112,False
Test year,-137.0,-140.51369581882113,False
Test year,-182.0,-119.33354367792322,False
Test year,-132.0,-153.3102759759861,False
Test year,-162.0,-156.23132884496584,False
Test year,-129.0,-148.7009166817855,False
Test year,-130.0,-150.1272802003038,False
Test year,-124.0,-96.39265243061021,False
Test year,-47.0,-82.92284481507545,False
Test year,14.0,-16.23674935715954,False
Test year,53.0,33.82805569468803,False
Test year,182.0,123.15316822824425,False
Test year,185.0,143.7361734958973,False
Test year,241.0,244.04743307376202,False
Test year,64.0,85.50513958043643,False
Test year,-129.0,-7.088174867860744,False
Test year,-281.0,-208.4536363196684,False
Test year,-463.0,-268.88376709296324,False
Test year,-603.0,-379.73491649871517,False
Test year,-569.0,-387.9052102613311,False
Test year,-503.0,-454.46122270669946,False
Test year,-287.0,-256.3640316900619,False
Test year,32.0,-205.5052781900023,False
Test year,10.0,59.164209925273724,False
Test year,-97.0,106.2186855507768,False
Test year,24.0,72.47722736847504,False
Test year,6.0,102.41367135821878,False
Test year,-73.0,55.17042432349956,False
Test year,-82.0,68.75492232532451,False
Test year,-87.0,110.76948889714686,False
Test year,53.0,129.46898718681862,False
Test year,115.0,237.57559920662587,False
Test year,347.0,354.973528105396,False
Test year,486.0,478.18193531122597,False
Test year,613.0,601.4344324282727,False
Test year,607.0,629.5525884875208,False
Test year,680.0,621.2964441839628,False
Test year,542.0,505.73850399150854,False
Test year,477.0,413.6280039240593,False
Test year,142.0,169.8674192855857,False
Test year,69.0,35.5048289473732,False
Test year,44.0,6.205553600287715,False
Test year,-14.0,-31.064532540863468,False
Test year,-95.0,-79.57832266293988,False
Test year,-187.0,-135.42870415547216,False
Test year,-129.0,-141.562710908513,False
Test year,-138.0,-156.71917120904004,False
Test year,-120.0,-102.77226424221266,False
Test year,-178.0,-138.8526456311546,False
Test year,-156.0,-161.46593524314386,False
Test year,-95.0,-136.0548846046674,False
Test year,-169.0,-123.47895943982633,False
Test year,-169.0,-164.2626719445995,False
Test year,-120.0,-157.96368148486323,False
Test year,-92.0,-149.63627730999917,False
Test year,-94.0,-82.44336276447942,False
Test year,-100.0,-69.63462099893957,False
Test year,-5.0,-38.043507452389264,False
Test year,49.0,18.648224076032932,False
Test year,165.0,117.91570839760044,False
Test year,169.0,131.41558621765265,False
Test year,202.0,227.2815697753643,False
Test year,172.0,52.581589157968864,False
Test year,-183.0,45.81200715292783,False
Test year,-209.0,-219.52622875361322,False
Test year,-391.0,-248.17889172850428,False
Test year,-589.0,-340.079203442401,False
Test year,-445.0,-360.80085494247146,False
Test year,-450.0,-409.3624321532488,False
Test year,-323.0,-238.3496085215987,False
Test year,-66.0,-223.14567115788327,False
Test year,-233.0,-58.74092744255674,False
Test year,-100.0,-74.9825438075276,True
Test year,-25.0,-28.47548785664341,True
Test year,-38.0,50.6424917044086,True
Test year,37.0,53.56478346040484,True
Test year,84.0,108.17722257986549,True
Test year,105.0,185.16048016386716,True
Test year,213.0,235.52961611905067,True
Test year,281.0,327.04239839986667,False
Test year,508.0,455.04655459506523,False
Test year,592.0,597.3396717665904,False
Test year,656.0,701.3881357096753,False
Test year,659.0,645.0566723950706,False
Test year,707.0,652.3605909387795,False
Test year,487.0,494.6430576960579,False
Test year,377.0,339.2683481631165,False
Test year,136.0,68.98208360669997,False
Test year,-69.0,8.004458782586653,False
Test year,-84.0,-78.91328606947445,False
Test year,-50.0,-113.81710896409999,False
Test year,-217.0,-120.59775400571687,False
Test year,-275.0,-199.84894820773525,False
Test year,-121.0,-199.8670089752527,False
Test year,-133.0,-176.44010541731706,False
Test year,-232.0,-109.26001524241218,False
Test year,-140.0,-189.0651217400628,False
Test year,-166.0,-166.5170474138547,False
Test year,-184.0,-137.02674285705456,False
Test year,-173.0,-160.50673481121356,False
Test year,-157.0,-174.96263644379735,False
Test year,-152.0,-153.1184562698695,False
Test year,-101.0,-160.0975417826577,False
Test year,-90.0,-88.37665024873627,False
Test year,-48.0,-67.53666638331902,False
Test year,-22.0,-14.747870298820402,False
Test year,14.0,16.30596226418055,False
Test year,178.0,101.5115329929535,False
Test year,117.0,138.6284974579687,False
Test year,185.0,195.5930551059718,False
Test year,169.0,33.623432678243745,False
Test year,-15.0,57.42846627183536,False
Test year,-186.0,-144.96143594381545,False
Test year,-344.0,-228.52405553116301,False
Test year,-428.0,-317.16439965339544,False
Test year,-370.0,-285.1821349138893,False
Test year,-306.0,-345.0633070528444,False
Test year,-182.0,-157.81985411140528,False
Test year,29.0,-124.0372023883834,False
Test year,-84.0,13.390646702088077,False
Test year,-49.0,18.568770613323238,True
Test year,67.0,-0.6456789353710519,True
Test year,99.0,106.36694644117337,True
Test year,159.0,149.49892546867585,True
Test year,140.0,199.90377502817034,True
Test year,252.0,239.50661807301663,True
Test year,380.0,340.3042933135531,False
Test year,409.0,459.13845577477133,False
Test year,506.0,555.9751282847322,False
Test year,625.0,588.7102567686684,False
Test year,582.0,698.5935124161854,False
Test year,487.0,543.8250813751849,False
Test year,561.0,483.6966146059638,False
Test year,340.0,317.3236499444748,False
Test year,296.0,193.8148801048778,False
Test year,-71.0,-22.004332909900484,False
Test year,-251.0,-130.7641061991602,False
Test year,-120.0,-199.5013752519501,False
Test year,-159.0,-186.67630109870623,False
Test year,-300.0,-197.6783946454168,False
Test year,-376.0,-266.94673928261636,False
Test year,-176.0,-270.5824490679187,False
Test year,-187.0,-234.38228376856563,False
Test year,-231.0,-151.58168434125122,False
Test year,-288.0,-207.68188296298604,False
Test year,-194.0,-232.23473996990487,False
Test year,-201.0,-177.4220430321825,False
Test year,-208.0,-177.58572175726528,False
Test year,-264.0,-196.28509054004377,False
Test year,-173.0,-202.5177414898384,False
Test year,-151.0,-185.47651578084276,False
Test year,-56.0,-112.46710916884626,False
Test year,-101.0,-59.728526247825755,False
Test year,2.0,-35.266163866362405,False
Test year,30.0,21.90837411827775,False
Test year,172.0,109.17611278065232,False
Test year,102.0,134.18563397288935,False
Test year,177.0,191.5042407865763,False
Test year,79.0,36.00605838018839,False
Test year,61.0,10.666184594167987,False
Test year,-36.0,-98.33157355575304,False
Test year,-134.0,-155.80159036505142,False
Test year,-236.0,-230.72824489759557,False
Test year,-142.0,-195.99127962457925,False
Test year,-195.0,-220.81741642789876,False
Test year,-27.0,-97.50465895601036,False
Test year,221.0,-66.8436376502494,False
Test year,34.0,166.3560616209812,False
Test year,107.0,83.267695259119,False
Test year,179.0,113.61329776630143,True
Test year,181.0,183.01890475791572,True
Test year,368.0,212.60415224632706,True
Test year,343.0,343.73240817686855,True
Test year,215.0,362.2860071375824,False
Test year,404.0,294.12883965313546,False
Test year,544.0,440.68372090492755,False
Test year,555.0,587.9483028504385,False
Test year,486.0,544.6465434202754,False
Test year,785.0,513.8753373729801,False
Test year,411.0,586.716760732788,False
Test year,254.0,272.418311508927,False
Test year,163.0,52.605525175776165,False
Test year,120.0,15.996295919535214,False
Test year,-127.0,-184.96829592927088,False
Test year,-180.0,-225.06476787637246,False
Test year,-318.0,-253.62311489793694,False
Test year,-276.0,-317.7483938891512,False
Test year,-318.0,-333.2303347680223,False
Test year,-457.0,-349.7767585315263,False
Test year,-291.0,-357.1043398629839,False
Test year,-336.0,-344.53241138123497,False
Test year,-370.0,-266.2056888620562,False
Test year,-346.0,-317.4361075049104,False
Test year,-324.0,-306.62252444374644,False
Test year,-265.0,-271.41233785593977,False
Test year,-303.0,-252.77556141838784,False
Test year,-300.0,-267.4348921307835,False
Test year,-241.0,-252.85935636025442,False
Test year,-151.0,-237.0056155655007,False
Test year,-147.0,-139.36696848407524,False
Test year,-94.0,-113.03055420688304,False
Test year,-87.0,-55.88075657372855,False
Test year,-63.0,-30.43811142702495,False
Test year,28.0,48.02617352582638,False
Test year,-23.0,39.556060290856436,False
Test year,-74.0,126.62715379461162,False
Test year,-21.0,-94.03834037757787,False
Test year,167.0,5.6543790814865815,False
Test year,48.0,41.9041927065,False
Test year,-10.0,-68.70353005978296,False
Test year,36.0,-205.80385638906913,False
Test year,12.0,-80.00809789887816,False
Test year,-155.0,-212.73102418991954,False
Test year,-144.0,-158.1608597905156,False
Test year,171.0,-274.62606406256685,False
Test year,498.0,129.3393938660017,False
Test year,181.0,475.4828616266544,False
Test year,280.0,125.17472544965597,False
Test year,539.0,252.428190896078,False
Test year,211.0,431.8394923550505,False
Test year,597.0,161.1668313141959,False
Test year,55.0,464.4015761948108,False
Test year,89.0,99.75573589631975,False
Test year,750.0,141.88480318205637,False
Test year,571.0,594.0374886383331,False
Test year,135.0,396.4271160337014,False
Test year,373.0,183.6595383787187,False
Test year,238.0,256.39912839832704,False
Test year,324.0,207.50831142103954,False
Test year,-4.0,102.90686564117908,False
Test year,-41.0,-19.666451155480445,False
Test year,-128.0,-234.39930633700877,False
Test year,-306.0,-215.84132236356263,False
Test year,-180.0,-302.52001810567214,False
Test year,-310.0,-282.9944885190488,False
Test year,-242.0,-317.0594179391299,False
Test year,-278.0,-328.88670247805953,False
Test year,-189.0,-291.31138427226017,False
Test year,-262.0,-287.76985836024795,False
Test year,-316.0,-245.39370925290893,False
Test year,-419.0,-309.59930028468943,False
Test year,-269.0,-345.64156593715063,False
Test year,-279.0,-278.26165737935,False
Test year,-291.0,-260.0405941672658,False
Test year,-312.0,-275.832828260128,False
Test year,-253.0,-264.17726120706243,False
Test year,-167.0,-250.90817422281788,False
Test year,-114.0,-153.53685857103076,False
Test year,-133.0,-107.06084233143719,False
Test year,-95.0,-72.6547845098637,False
Test year,-52.0,-41.06945001842348,False
Test year,-19.0,48.6638488110095,False
Test year,-33.0,16.065258939159094,False
Test year,-45.0,134.7499899954223,False
Test year,-25.0,-8.531950235242846,False
Test year,-11.0,83.14479884934832,False
Test year,8.0,-9.814509593943683,False
Test year,-68.0,-46.87398679363696,False
Test year,-108.0,-143.1648161952626,False
Test year,-56.0,-134.69279637277316,False
Test year,-160.0,-185.23138414336808,False
Test year,-256.0,-180.80350117704143,False
Test year,-131.0,-274.31456524515994,False
Test year,-102.0,-218.0593132510409,False
Test year,-136.0,-5.5471432610271165,False
Test year,-151.0,-89.39196724208392,False
Test year,-78.0,-119.89833028008059,False
Test year,44.0,-39.051557873191314,False
Test year,-112.0,11.027810819765506,False
Test year,-136.0,-27.229532361201336,False
Test year,13.0,61.143770731173845,False
Test year,377.0,132.45171638181114,False
Test year,481.0,428.06633824616387,False
Test year,482.0,474.5461900040392,False
Test year,382.0,524.1424226601948,False
Test year,333.0,389.81737881753946,False
Test year,285.0,414.56252284390166,False
Test year,148.0,238.0668950698872,False
Test year,167.0,202.65225187881202,False
Test year,6.0,8.495851332850293,False
Test year,-82.0,-25.62094660942188,False
Test year,-34.0,-84.99361259460355,False
Test year,-43.0,-72.97469865627357,False
Test year,-150.0,-99.62002198510979,False
Test year,-155.0,-165.10749997807062,False
Test year,-125.0,-143.79448809294445,False
Test year,-110.0,-162.6384742954012,False
Test year,-154.0,-104.71102415084567,False
Test year,-178.0,-164.47614543469967,False
Test year,-63.0,-181.05587044717043,False
Test year,-101.0,-101.3510057217174,False
Test year,-170.0,-120.81739873411453,False
Test year,-216.0,-168.5762765066417,False
Test year,-141.0,-179.08231925045988,False
Test year,-80.0,-165.93994093579897,False
Test year,-38.0,-80.85176809230097,False
Test year,-28.0,-45.975630656031,False
Test year,29.0,-3.957760341055149,False
Test year,52.0,39.46124928963485,False
Test year,197.0,120.84201534782667,False
Test year,147.0,150.35657687844568,False
Test year,234.0,231.99270083776878,False
Test year,180.0,142.17502135182718,False
Test year,166.0,145.31203978543647,False
Test year,29.0,16.948722304953804,False
Test year,-166.0,-90.8061731971892,False
Test year,-296.0,-268.8365719672179,False
Test year,-32.0,-252.590029239822,False
Test year,-245.0,-167.67814661709878,False
Test year,-264.0,-158.65045466270055,False
Test year,115.0,-200.1901036879948,False
Test year,-237.0,52.21770536602543,False
Test year,-366.0,-95.881689053932,False
Test year,-205.0,-182.02966169465208,False
Test year,-173.0,-98.84448162009235,False
Test year,-70.0,-39.48685518542965,False
Test year,15.0,36.637529329207666,False
Test year,148.0,184.11135733692498,False
Test year,333.0,273.61976061316534,False
Test year,109.0,426.85567722635244,False
Test year,457.0,351.59858855990905,False
Test year,525.0,574.2979487215391,False
Test year,708.0,653.4476288663493,False
Test year,565.0,654.241086995961,False
Test year,646.0,554.7999227334894,False
Test year,350.0,418.3061654671492,False
Test year,232.0,224.7582370278445,False
Test year,8.0,-34.4081724445864,False
Test year,-147.0,-77.26802667648826,False
Test year,-75.0,-134.2852285363616,False
Test year,-56.0,-130.0847159366507,False
Test year,-235.0,-141.56301315941215,False
Test year,-291.0,-222.45452559651983,False
Test year,-182.0,-221.83736424550457,False
Test year,-133.0,-214.2035544147741,False
Test year,-275.0,-126.26790984773515,False
Test year,-219.0,-213.24428538048687,False
Test year,-250.0,-209.6141349169339,False
Test year,-147.0,-182.7179442276912,False
Test year,-186.0,-160.44919516203248,False
Test year,-254.0,-178.03806073526573,False
Test year,-175.0,-193.31368068737902,False
Test year,-134.0,-182.6227534713077,False
Test year,-96.0,-104.24443035506727,False
Test year,-42.0,-72.84079247108838,False
Test year,-30.0,-12.26066599348718,False
Test year,33.0,13.695582528060356,False
Test year,148.0,110.40271118488195,False
Test year,89.0,122.42555061184845,False
Test year,221.0,184.15785418816466,False
Test year,77.0,63.38302609567876,False
Test year,87.0,13.9902122932275,False
Test year,-80.0,-94.84642131381965,False
Test year,-121.0,-177.29617643021862,False
Test year,-264.0,-233.02311891465357,False
Test year,-235.0,-207.1210370750632,False
Test year,-262.0,-254.2981183791666,False
Test year,-126.0,-115.43618586794264,False
Test year,131.0,-85.65431870445508,False
Test year,-57.0,86.86451204715004,False
Test year,60.0,40.71094202970917,True
Test year,109.0,95.83058330256063,True
Test year,105.0,146.7281761274424,True
Test year,184.0,170.5022759462757,True
Test year,238.0,216.29179029102303,True
Test year,221.0,307.97030117601014,True
Test year,320.0,321.28938146618606,False
Test year,361.0,415.12074312183415,False
Test year,543.0,511.0904613282092,False
Test year,564.0,602.2603241658593,False
Test year,606.0,631.0029072797211,False
Test year,546.0,531.3487202611105,False
Test year,540.0,470.8521050947844,False
Test year,264.0,268.42587364629446,False
Test year,105.0,93.15583828082396,False
Test year,-177.0,-179.5930682662149,False
Test year,-297.0,-212.14417276222048,False
Test year,-237.0,-256.0678385523711,False
Test year,-348.0,-257.8317672438756,False
Test year,-395.0,-303.81581399401296,False
Test year,-330.0,-343.85721147705493,False
Test year,-358.0,-285.2769907258595,False
Test year,-274.0,-301.4101967897005,False
Test year,-254.0,-218.30226219444853,False
Test year,-269.0,-232.05770298350438,False
Test year,-263.0,-231.1563870606263,False
Test year,-175.0,-203.57096364840618,False
Test year,-183.0,-180.5925210504733,False
Test year,-240.0,-186.359000957776,False
Test year,-195.0,-192.79043965394447,False
Test year,-140.0,-192.5428022923818,False
Test year,-115.0,-112.8192441258496,False
Test year,-4.0,-84.4122178364185,False
Test year,-36.0,-0.4826578780185855,False
Test year,1.0,10.084037713136723,False
Test year,160.0,91.92515476600428,False
Test year,108.0,124.22984085857271,False
Test year,248.0,207.09655032299594,False
Test year,142.0,139.85801710998362,False
Test year,128.0,137.08858633995487,False
Test year,105.0,13.63437597285656,False
Test year,32.0,-13.825410241958593,False
Test year,-156.0,-105.62634990121126,False
Test year,-132.0,-169.56959134618245,False
Test year,-432.0,-290.0601707977054,False
Test year,-524.0,-299.9306152101959,False
Test year,1.0,-467.5493512794037,False
Test year,30.0,-76.25619245433978,False
Test year,-298.0,138.66167835062214,False
Test year,-176.0,-158.755956540817,False
Test year,102.0,-78.67578884269872,False
Test year,42.0,172.70244715050293,False
Test year,-140.0,93.74948560698104,False
Test year,8.0,68.69750397121572,False
Test year,185.0,175.29056483289887,False
Test year,355.0,318.9715996848662,False
Test year,626.0,503.9004861353589,False
Test year,791.0,639.8097017851185,False
Test year,766.0,750.6815150632435,False
Test year,258.0,600.8887700789148,False
Test year,306.0,302.81346299830153,False
Test year,243.0,183.61079376829116,False
Test year,66.0,193.81482591897765,False
Test year,-88.0,-90.12860433008052,False
Test year,-123.0,-104.11000973539541,False
Test year,-47.0,-142.97343240833396,False
Test year,-102.0,-118.46598153959042,False
Test year,-218.0,-156.09099688589592,False
Test year,-137.0,-222.38208704948931,False
Test year,-155.0,-168.41991249625272,False
Test year,-288.0,-192.17022391802453,False
Test year,-284.0,-188.8925167515349,False
Test year,-182.0,-243.14715763733557,False
Test year,-191.0,-202.2307084581173,False
Test year,-135.0,-160.6758031992597,False
Test year,-247.0,-152.63622134128917,False
Test year,-211.0,-204.23433949636762,False
Test year,-176.0,-188.6129947172314,False
Test year,-164.0,-179.07686443283126,False
Test year,-73.0,-117.99223584005227,False
Test year,-59.0,-68.1019391173391,False
Test year,-8.0,-18.951876441453948,False
Test year,17.0,20.92307931698437,False
Test year,160.0,102.74526885435017,False
Test year,114.0,126.73789967010643,False
Test year,293.0,220.03147769412863,False
Test year,121.0,175.45226480528004,False
Test year,145.0,111.41942239084835,False
Test year,114.0,39.33218725175496,False
Test year,16.0,27.301669863952668,False
Test year,-103.0,-130.15306280181844,False
Test year,-23.0,-128.25010281377064,False
Test year,-317.0,-164.9068509092853,False
Test year,-27.0,-226.5278199887356,False
Test year,233.0,-93.64000768388401,False
Test year,-165.0,183.44273964900253,False
Test year,-262.0,-131.71550786094843,False
Test year,-189.0,-169.88382099431777,False
Test year,-124.0,-109.00199962390036,False
Test year,20.0,-54.18949056490379,False
Test year,-23.0,38.04151551123536,False
Test year,302.0,66.36420139870091,False
Test year,347.0,277.24453175992323,False
Test year,257.0,301.9243300727102,False
Test year,137.0,300.78353458257686,False
Test year,335.0,235.00669524791158,False
Test year,212.0,417.5422220781951,False
Test year,93.0,268.4914766630279,False
Test year,173.0,243.62525368696976,False
Test year,26.0,147.44686169038533,False
Test year,8.0,119.77019734948209,False
Test year,-50.0,-90.72557064787838,False
Test year,-71.0,-69.15941631702248,False
Test year,30.0,-92.82655306945634,False
Test year,-66.0,-49.166331255172594,False
Test year,-199.0,-108.37114700371163,False
Test year,-127.0,-185.64218984148562,False
Test year,-89.0,-136.3080667743805,False
Test year,-159.0,-141.83132083480132,False
Test year,-178.0,-114.65302679864391,False
Test year,-166.0,-169.76552273825263,False
Test year,-145.0,-168.25943400932613,False
Test year,-135.0,-132.82408735464332,False
Test year,-114.0,-140.47202321853206,False
Test year,-187.0,-147.71424398223633,False
Test year,-178.0,-159.87026746703134,False
Test year,-107.0,-174.7801611242444,False
Test year,-87.0,-94.31670512100885,False
Test year,53.0,-67.21127264104666,False
Test year,2.0,31.19054223752758,False
Test year,19.0,31.47865434117125,False
Test year,182.0,104.2531173818524,False
Test year,164.0,139.82859530649867,False
Test year,277.0,246.48294844417333,False
Test year,207.0,194.33377293226843,False
Test year,243.0,223.15857981909272,False
Test year,174.0,156.0033074086396,False
Test year,188.0,85.13415477500394,False
Test year,-77.0,10.520364973730011,False
Test year,-63.0,-104.83449187041668,False
Test year,1.0,-205.2670997804807,False
Test year,-10.0,-33.87089927361649,False
Test year,87.0,-145.2696605066639,False
Test year,-42.0,-47.56244418287997,False
Test year,-224.0,-40.91821231397563,False
Test year,-351.0,-193.91480901398603,False
Test year,-324.0,-319.9457992822336,False
Test year,-210.0,-217.2056337786495,False
Test year,273.0,-140.8597704217469,False
Test year,251.0,242.82941431406599,False
Test year,125.0,215.51633107316812,False
Test year,-15.0,161.13808014375434,False
Test year,-102.0,165.66316070490535,False
Test year,-130.0,60.767396124063055,False
Test year,215.0,134.3337251280628,False
Test year,263.0,297.730400334159,False
Test year,6.0,372.8429237144902,False
Test year,67.0,54.5859672513767,False
Test year,230.0,153.6949443221215,False
Test year,51.0,32.30527204657665,False
Test year,119.0,-7.495378755287902,False
Test year,101.0,23.50321887760768,False
Test year,-42.0,9.330849322687499,False
Test year,-81.0,-96.87823905188426,False
Test year,-160.0,-133.806599947114,False
Test year,-54.0,-133.05690301469713,False
Test year,-47.0,-127.69891187229325,False
Test year,-175.0,-65.58127411686405,False
Test year,-159.0,-158.17791018042493,False
Test year,-150.0,-164.86013571844154,False
Test year,-176.0,-145.25999474403477,False
Test year,-117.0,-167.96999125025604,False
Test year,-257.0,-164.86453630931368,False
Test year,-137.0,-198.2215319492662,False
Test year,-207.0,-179.96926641193534,False
Test year,-78.0,-140.7655255445669,False
Test year,-115.0,-86.43788234236126,False
Test year,-59.0,-53.48207741142352,False
Test year,8.0,-17.01547421736467,False
Test year,69.0,84.52064649750645,False
Test year,-16.0,67.22642467127554,False
Test year,-12.0,129.21143346817712,False
Test year,72.0,-60.22183848842991,False
Test year,-63.0,55.419860645767585,False
Test year,-152.0,-133.85107741661486,False
Test year,-138.0,-183.2872676507356,False
Test year,-258.0,-269.0759303832862,False
Test year,-366.0,-268.0753754707511,False
Test year,-501.0,-401.949190960236,False
Test year,-229.0,-299.0437479658905,False
Test year,65.0,-161.84587184067055,False
Test year,39.0,87.06809097860184,False
Test year,-48.0,110.19188518052837,False
Test year,-30.0,55.03804942864326,False
Test year,31.0,81.12974768481382,False
Test year,139.0,119.68727307550176,False
Test year,196.0,165.48880602064298,False
Test year,718.0,240.7614446894682,False
Test year,646.0,550.1542545118994,False
Test year,425.0,487.68462121181267,False
Test year,276.0,421.7958871404278,False
Test year,450.0,302.2159797043447,False
Test year,217.0,502.6017297669121,False
Test year,126.0,267.87878740230576,False
Test year,240.0,274.552226662419,False
Test year,128.0,196.3481841055467,False
Test year,85.0,178.64389514340604,False
Test year,-55.0,-54.103667762117084,False
Test year,-13.0,-71.79613502419193,False
Test year,8.0,-78.30598729895212,False
Test year,-113.0,-62.04839339895912,False
Test year,-162.0,-133.23262089404008,False
Test year,-206.0,-181.23463144722396,False
Test year,-24.0,-167.05807781446873,False
Test year,-92.0,-129.25730961531883,False
Test year,-137.0,-90.97358866209692,False
Test year,-178.0,-156.02746118930867,False
Test year,-141.0,-177.59761105278147,False
Test year,-146.0,-142.38222877022173,False
Test year,-149.0,-154.03341443103932,False
Test year,-185.0,-173.05761181859316,False
Test year,-176.0,-173.22918370401294,False
Test year,-117.0,-184.93775143413262,False
Test year,-90.0,-109.72791220405003,False
Test year,-89.0,-81.25111882652266,False
Test year,-16.0,-44.342766948061524,False
Test year,-12.0,3.403336214887304,False
Test year,20.0,77.57587867605304,False
Test year,-55.0,41.99955183698714,False
Test year,3.0,119.2475547952182,False
Test year,-118.0,-27.783617130084508,False
Test year,-71.0,-29.764207080582423,False
Test year,-132.0,-128.14461099001267,False
Test year,-205.0,-183.91726686639157,False
Test year,-330.0,-312.16106282302957,False
Test year,-189.0,-331.17905671089613,False
Test year,-315.0,-257.4260183931991,False
Test year,-100.0,-202.88836377380966,False
Test year,202.0,-130.7291443077871,False
Test year,-44.0,97.49897348408103,False
Test year,-138.0,6.347250558269991,False
Test year,-70.0,-17.19349174422041,False
Test year,53.0,-42.492458512776125,False
Test year,102.0,85.33462773663382,False
Test year,309.0,167.5515671497467,False
Test year,453.0,344.9981579811319,False
Test year,340.0,470.01620523798726,False
Test year,469.0,407.93149319104816,False
Test year,499.0,579.5193884121561,False
Test year,568.0,556.9321731287904,False
Test year,614.0,633.7040580653686,False
Test year,608.0,559.1070232329209,False
Test year,700.0,571.8416149681889,False
Test year,340.0,434.9071494744709,False
Test year,127.0,197.9375040994351,False
Test year,-9.0,-117.91429317125494,False
Test year,-109.0,-115.95737537868592,False
Test year,-89.0,-153.08002220482194,False
Test year,-141.0,-155.19743943863,False
Test year,-375.0,-205.86706038340247,False
Test year,-396.0,-303.15176806917685,False
Test year,-300.0,-301.49135330934297,False
Test year,-265.0,-292.3470028269535,False
Test year,-322.0,-204.62345833032725,False
Test year,-212.0,-256.639560019023,False
Test year,-243.0,-223.7147334271944,False
Test year,-186.0,-177.73230720690003,False
Test year,-193.0,-173.09272348061978,False
Test year,-212.0,-184.1396609948011,False
Test year,-147.0,-177.77499272509402,False
Test year,-111.0,-165.60989031398168,False
Test year,-29.0,-92.4422239836083,False
Test year,-31.0,-43.41540245101518,False
Test year,-43.0,-3.9464042592366013,False
Test year,52.0,7.268151674675636,False
Test year,165.0,117.23076538204708,False
Test year,124.0,131.39978298740823,False
Test year,178.0,211.747053596659,False
Test year,123.0,72.18560602049058,False
Test year,101.0,88.3253833041498,False
Test year,35.0,-16.148509607633287,False
Test year,-89.0,-97.15218938689338,False
Test year,-393.0,-214.5298694340846,False
Test year,-360.0,-320.2488627578611,False
Test year,-417.0,-382.56562025764924,False
Test year,-143.0,-215.36494135763675,False
Test year,-43.0,-124.57431803632092,False
Test year,-171.0,-20.636359765438186,False
Test year,-90.0,-47.51004486309847,False
Test year,-122.0,-4.637914914074827,False
Test year,-130.0,57.798940828572256,False
Test year,13.0,-38.78813924842814,False
Test year,284.0,144.57231390858192,False
Test year,149.0,336.73175303661003,False
Test year,-102.0,259.75822677700756,False
Test year,158.0,134.39295836218662,False
Test year,460.0,367.0829231757827,False
Test year,743.0,516.8270046799039,False
Test year,486.0,715.6425501381079,False
Test year,324.0,444.4145353941791,False
Test year,511.0,393.10157761605416,False
Test year,220.0,365.3276265816609,False
Test year,129.0,208.03308529323402,False
Test year,-29.0,-34.954427265753225,False
Test year,-62.0,-57.35588199240624,False
Test year,41.0,-88.11734669888463,False
Test year,-167.0,-47.471400117288425,False
Test year,-192.0,-154.8851603553694,False
Test year,-252.0,-196.79216502204764,False
Test year,-56.0,-184.81428431508624,False
Test year,-106.0,-144.7927110776589,False
Test year,-122.0,-92.49829208686683,False
Test year,-168.0,-144.41252907910223,False
Test year,-218.0,-164.80802379068496,False
Test year,-190.0,-159.89399071634534,False
Test year,-133.0,-168.46948941485084,False
Test year,-125.0,-158.97464186741308,False
Test year,-202.0,-135.10543065204422,False
Test year,-127.0,-175.2968357377659,False
Test year,-85.0,-103.86715776690227,False
Test year,-44.0,-66.7437249591311,False
Test year,11.0,-11.400415944403846,False
Test year,18.0,32.61537320678238,False
Test year,161.0,106.17208859031732,False
Test year,131.0,129.90229109365626,False
Test year,291.0,226.6029999732073,False
Test year,203.0,202.6187982774911,False
Test year,202.0,228.19625028270315,False
Test year,-29.0,95.79872729584741,False
Test year,2.0,-78.28120835410368,False
Test year,-70.0,-122.09954078842091,False
Test year,-27.0,-62.11330462750334,False
Test year,-114.0,-144.66980419751513,False
Test year,-81.0,-96.32834907597197,False
Test year,119.0,-161.3489860744074,False
Test year,-108.0,-33.79894165543908,False
Test year,-145.0,-43.96942280413339,False
Test year,-179.0,-76.90299577331695,False
Test year,-91.0,-138.98006698088383,False
Test year,67.0,-53.647822812406616,False
Test year,45.0,44.850772611877005,False
Test year,88.0,83.04589640270439,False
Test year,-19.0,119.44754933871644,False
Test year,-21.0,88.3779562089806,False
Test year,225.0,183.99328878713862,False
Test year,174.0,293.28738685087944,False
Test year,309.0,340.03438912328664,False
Test year,312.0,357.67937305951256,False
Test year,281.0,398.3197722571347,False
Test year,148.0,222.13432116632248,False
Test year,120.0,185.4308773023801,False
Test year,-59.0,-35.29881039520694,False
Test year,-62.0,-63.39004169673552,False
Test year,-39.0,-79.57989365445908,False
Test year,-55.0,-70.35796661038083,False
Test year,-158.0,-105.19676151357925,False
Test year,-195.0,-164.40643038366318,False
Test year,-16.0,-151.27353221660047,False
Test year,-123.0,-113.38205930056863,False
Test year,-151.0,-91.23205513503927,False
Test year,-156.0,-152.41523989878232,False
Test year,-166.0,-158.52304919843846,False
Test year,-114.0,-139.13295636613248,False
Test year,-190.0,-133.67022323901324,False
Test year,-185.0,-175.0673848339456,False
Test year,-132.0,-167.45623592086218,False
Test year,-132.0,-156.66562718358978,False
Test year,-73.0,-99.89834421425462,False
Test year,-9.0,-64.70768106851719,False
Test year,8.0,2.394774889705559,False
Test year,52.0,30.74132486994128,False
Test year,190.0,119.62219502466004,False
Test year,126.0,145.43477699164424,False
Test year,216.0,214.98320439129952,False
Test year,74.0,108.22317480590146,False
Test year,-10.0,64.91583404697144,False
Test year,-115.0,-120.87677266489698,False
Test year,-171.0,-205.0199642986875,False
Test year,-286.0,-263.04778310433403,False
Test year,-115.0,-218.00976749655115,False
Test year,-201.0,-163.13654154797203,False
Test year,-189.0,-98.13975833447569,False
Test year,48.0,-164.93838695219344,False
Test year,-239.0,1.3508412464342712,False
Test year,-219.0,-62.29277061091352,False
Test year,-250.0,-86.2281556919271,False
Test year,-129.0,-91.52903953854278,False
Test year,-95.0,5.326612052243206,False
Test year,67.0,33.322518441108286,False
Test year,186.0,190.2970649383033,False
Test year,273.0,299.8830481307881,False
Test year,314.0,390.3117353023331,False
Test year,561.0,493.05504300236936,False
Test year,560.0,645.538135515991,False
Test year,590.0,672.131807461561,False
Test year,609.0,579.6988592935319,False
Test year,604.0,601.7273109762644,False
Test year,445.0,396.94898516042554,False
Test year,340.0,287.4142881224684,False
Test year,55.0,11.947052969665378,False
Test year,-84.0,-83.39981622755033,False
Test year,-189.0,-121.75264038417254,False
Test year,-199.0,-168.30831560353818,False
Test year,-260.0,-219.71785854789957,False
Test year,-206.0,-250.4310967354949,False
Test year,-200.0,-199.04713345181847,False
Test year,-193.0,-213.94609299537495,False
Test year,-261.0,-156.26622615580249,False
Test year,-225.0,-218.92163749256412,False
Test year,-202.0,-213.296618859989,False
Test year,-183.0,-168.99190838937005,False
Test year,-197.0,-170.75440555380317,False
Test year,-231.0,-188.9959125515466,False
Test year,-184.0,-188.11789073337195,False
Test year,-69.0,-184.4292334111164,False
Test year,-104.0,-80.7650593205627,False
Test year,-70.0,-72.0649496063102,False
Test year,-17.0,-26.40078424158611,False
Test year,43.0,15.904749425101045,False
Test year,155.0,114.28886613042323,False
Test year,84.0,124.62502919715396,False
Test year,185.0,184.57787328322883,False
Test year,65.0,43.71485013617104,False
Test year,17.0,13.278405824172523,False
Test year,-57.0,-130.32606234749247,False
Test year,-152.0,-178.1626314367847,False
Test year,-264.0,-246.11238722188304,False
Test year,-230.0,-202.86038787656463,False
Test year,-234.0,-240.04937223788954,False
Test year,-132.0,-131.77399040861692,False
Test year,150.0,-84.09082514560768,False
Test year,1.0,95.69309428009959,False
Test year,67.0,66.16545716236357,False
Test year,147.0,90.92754571860667,True
Test year,235.0,166.1475994154203,True
Test year,333.0,234.87350844476666,True
Test year,322.0,319.4813049635734,True
Test year,378.0,349.4101864717281,True
Test year,422.0,414.4970769780775,False
Test year,508.0,463.4891895013857,False
Test year,681.0,590.9942564264352,False
Test year,515.0,659.1404034296424,False
Test year,600.0,553.6332710195607,False
Test year,573.0,505.0538723954844,False
Test year,735.0,461.88395267808414,False
Test year,157.0,370.29967994508684,False
Test year,196.0,-31.868250733430955,False
Test year,-134.0,-180.7159522140934,False
Test year,-233.0,-261.8351178740511,False
Test year,-231.0,-285.1230572324166,False
Test year,-212.0,-291.362417421789,False
Test year,-438.0,-319.11073964404653,False
Test year,-341.0,-398.1048362034403,False
Test year,-234.0,-357.9427560063383,False
Test year,-440.0,-318.59505584392025,False
Test year,-416.0,-310.4010046455341,False
Test year,-406.0,-368.4064963250693,False
Test year,-390.0,-347.95514644991164,False
Test year,-326.0,-303.0975097856067,False
Test year,-272.0,-281.54765016920874,False
Test year,-301.0,-259.25517195227735,False
Test year,-216.0,-240.2589793360633,False
Test year,-197.0,-219.61860886021282,False
Test year,-79.0,-144.9370258318686,False
Test year,-85.0,-82.56626917637351,False
Test year,-75.0,-37.11044077547771,False
Test year,-36.0,-15.909380756937452,False
Test year,121.0,69.2249859242003,False
Test year,100.0,96.11077874274291,False
Test year,173.0,186.90030227616438,False
Test year,152.0,41.27529032739531,False
Test year,189.0,50.02966339845932,False
Test year,131.0,-41.443625466884356,False
Test year,85.0,-103.73146316763535,False
Test year,45.0,-150.9331153193419,False
Test year,174.0,-92.42817062226902,False
Test year,21.0,-81.4345119340731,False
Test year,140.0,-2.2816783799688665,False
Test year,338.0,18.77285329692259,False
Test year,49.0,191.13755336559552,False
Test year,114.0,30.38265321485403,False
Test year,134.0,76.63559214859197,True
Test year,595.0,143.21677605175108,True
Test year,571.0,488.6668139955076,False
Test year,666.0,378.24286165673226,False
Test year,610.0,466.64807261479297,False
Test year,516.0,360.15394801454346,False
Test year,72.0,263.0812131666405,False
Test year,-102.0,71.05011353385703,False
Test year,-16.0,-17.135944924695536,False
Test year,562.0,78.20960257481177,False
Test year,507.0,330.46950651597956,False
Test year,-81.0,280.8279200930456,False
Test year,-731.0,-148.20903615615003,False
Test year,-350.0,-299.14858111657986,False
Test year,-463.0,-490.3850470626977,False
Test year,-467.0,-370.75739279937494,False
Test year,32.0,-394.32317846006424,False
Test year,-204.0,-192.38037894805748,False
Test year,-237.0,-250.4825297012896,False
Test year,-534.0,-298.6009257125008,False
Test year,-278.0,-360.6284177420641,False
Test year,-192.0,-350.8839306468155,False
Test year,-349.0,-209.88410711476487,False
Test year,-303.0,-290.0388233964722,False
Test year,-285.0,-292.73856267358605,False
Test year,-257.0,-256.5666740079492,False
Test year,-262.0,-250.6382386831104,False
Test year,-294.0,-258.9998061489643,False
Test year,-191.0,-251.24489146456182,False
Test year,-170.0,-223.8961017028356,False
Test year,-119.0,-145.80683080841425,False
Test year,-86.0,-109.61309002471478,False
Test year,-67.0,-54.80764790873479,False
Test year,-13.0,-26.170501239124746,False
Test year,20.0,66.35581422004424,False
Test year,5.0,33.70883291437127,False
Test year,52.0,145.52899124927944,False
Test year,89.0,50.793006244373004,False
Test year,41.0,135.30818085056308,False
Test year,13.0,-1.2953984920524135,False
Test year,32.0,-77.4147766572097,False
Test year,29.0,-142.66788798841029,False
Test year,61.0,-113.4795264324398,False
Test year,-6.0,-223.32708530563986,False
Test year,-3.0,-82.4739016656871,False
Test year,-110.0,-145.29976865806117,False
Test year,-281.0,-193.23645567553746,False
Test year,-149.0,-219.55176751104136,False
Test year,319.0,-73.26392845629528,False
Test year,86.0,295.10925050246567,False
Test year,-191.0,39.62918321177051,False
Test year,-42.0,-157.98540235390402,False
Test year,502.0,85.46863688232821,False
Test year,462.0,519.783310252921,False
Test year,543.0,451.01408382198343,False
Test year,691.0,561.6926083801987,False
Test year,435.0,619.2297256719617,False
Test year,360.0,454.2994600484527,False
Test year,264.0,334.2543687078873,False
Test year,234.0,308.86367359802523,False
Test year,238.0,129.80806554042488,False
Test year,197.0,128.91646702842948,False
Test year,135.0,-110.08654609615184,False
Test year,-89.0,-92.50959083753924,False
Test year,-325.0,-189.42699202842903,False
Test year,-251.0,-283.0996072596728,False
Test year,-255.0,-317.6539587211031,False
Test year,-284.0,-314.8400525667182,False
Test year,-232.0,-286.11381825711254,False
Test year,-307.0,-294.2735373329816,False
Test year,-325.0,-255.34915695140188,False
Test year,-347.0,-307.8431396771041,False
Test year,-254.0,-311.84072758448235,False
Test year,-191.0,-249.8621157170678,False
Test year,-284.0,-219.2052950281506,False
Test year,-277.0,-256.72603802442706,False
Test year,-190.0,-247.94091489471072,False
Test year,-199.0,-220.37595768380328,False
Test year,-120.0,-156.60182987328244,False
Test year,-134.0,-113.09878854799732,False
Test year,-69.0,-73.27718483878749,False
Test year,-45.0,-30.409357583037547,False
Test year,13.0,53.50155927621927,False
Test year,-14.0,30.38589222446373,False
Test year,-5.0,137.69863248368023,False
Test year,-72.0,-11.838833675958256,False
Test year,36.0,-0.8713956312102482,False
Test year,19.0,-47.49153853374074,False
Test year,121.0,-95.23172308532526,False
Test year,68.0,-102.70778575090485,False
Test year,126.0,-74.6706738911609,False
Test year,73.0,-99.97868152613688,False
Test year,224.0,-5.695695744296586,False
Test year,328.0,16.838157774362372,False
Test year,110.0,143.86754898221875,False
Test year,440.0,3.7982836280771437,False
Test year,282.0,331.0780776153634,False
Test year,-50.0,98.74995228263833,False
Test year,17.0,-111.35673448199702,False
Test year,392.0,-18.654375171099957,False
Test year,878.0,357.280485632167,False
Test year,783.0,672.6345733824875,False
Test year,338.0,379.84756869528405,True
Test year,-115.0,203.68763612662065,True
Test year,-305.0,-26.57622551030738,False
Test year,85.0,-211.84330468350421,False
Test year,381.0,135.63430718292284,False
Test year,282.0,275.4209328978386,False
Test year,108.0,72.66167018628465,False
Test year,109.0,42.29705846890829,False
Test year,-102.0,-161.4436473255203,False
Test year,-245.0,-207.81238726948965,False
Test year,-100.0,-300.02425037626205,False
Test year,-193.0,-245.75566050829883,False
Test year,-337.0,-278.5780005509973,False
Test year,-294.0,-357.834962848529,False
Test year,-329.0,-322.2622095451287,False
Test year,-356.0,-346.3408143297901,False
Test year,-283.0,-301.07203046055616,False
Test year,-274.0,-313.2496163138916,False
Test year,-422.0,-290.64983389859225,False
Test year,-241.0,-293.8290513819495,False
Test year,-240.0,-263.3040620120106,False
Test year,-276.0,-240.21423306670636,False
Test year,-153.0,-233.14670739987713,False
Test year,-149.0,-198.55005794391053,False
Test year,-82.0,-125.58032443941369,False
Test year,-60.0,-84.95459833071862,False
Test year,-6.0,-33.567941174836875,False
Test year,5.0,8.555136900849192,False
Test year,107.0,84.25374329117102,False
Test year,50.0,82.81182698969951,False
Test year,116.0,187.02342385498753,False
Test year,95.0,92.55424503123606,False
Test year,65.0,137.79687782341017,False
Test year,116.0,-42.04433623877526,False
Test year,101.0,6.225841755474505,False
Test year,-119.0,-102.92695967883077,False
Test year,-289.0,-219.71194856139766,False
Test year,-288.0,-412.3920785451213,False
Test year,215.0,-270.39346083746335,False
Test year,355.0,222.38544595069618,False
Test year,65.0,221.3519256641486,False
Test year,-336.0,-39.66764102060068,False
Test year,-404.0,-198.5576351045214,False
Test year,-482.0,-314.12337895152507,False
Test year,-19.0,-439.9375542914163,False
Test year,20.0,-23.74246061121751,False
Test year,-10.0,196.6570392516884,False
Test year,118.0,127.91931775117888,False
Test year,249.0,295.7828497448889,False
Test year,374.0,436.4271985143042,False
Test year,448.0,478.69484400933203,False
Test year,361.0,545.3026219331904,False
Test year,358.0,398.2537343143947,False
Test year,548.0,381.28553062689576,False
Test year,162.0,333.41859311488577,False
Test year,19.0,121.97570721819142,False
Test year,-148.0,-119.87788291607427,False
Test year,4.0,-121.44352994419069,False
Test year,-43.0,-85.13193893528475,False
Test year,-104.0,-92.03212525510008,False
Test year,-131.0,-154.16714069385245,False
Test year,-209.0,-188.1536555431438,False
Test year,-140.0,-184.62456149355467,False
Test year,-186.0,-195.6459347851374,False
Test year,-241.0,-153.12987631104767,False
Test year,-254.0,-218.6417551391079,False
Test year,-204.0,-229.42186818720558,False
Test year,-191.0,-182.07439354730514,False
Test year,-198.0,-181.52025629757406,False
Test year,-230.0,-197.31068707710136,False
Test year,-157.0,-193.68635613845464,False
Test year,-132.0,-178.8659693168928,False
Test year,-52.0,-107.13546522116638,False
Test year,-69.0,-59.67960468528912,False
Test year,-29.0,-25.092382853619625,False
Test year,81.0,7.5551238156660645,False
Test year,94.0,129.05484171061926,False
Test year,75.0,88.59421226749714,False
Test year,156.0,187.31566914628507,False
Test year,42.0,59.604875332804454,False
Test year,26.0,29.562536919812146,False
Test year,57.0,-102.12311332168093,False
Test year,-37.0,-104.73018375224456,False
Test year,-231.0,-206.9072743184455,False
Test year,-274.0,-226.27853263506722,False
Test year,-268.0,-318.39937321404057,False
Test year,-247.0,-102.16555403033698,False
Test year,64.0,-180.21735579697273,False
Test year,-149.0,29.615874456818176,False
Test year,-157.0,-37.42902504986242,False
Test year,-57.0,-50.866525269845056,False
Test year,62.0,41.59544509244785,True
Test year,69.0,148.6617155554086,True
Test year,112.0,152.67340119386432,True
Test year,122.0,239.7383523430517,False
Test year,174.0,268.84232492796207,False
Test year,217.0,328.0568639125748,False
Test year,341.0,429.8391513508763,False
Test year,409.0,472.436921669892,False
Test year,408.0,546.0131959567544,False
Test year,384.0,455.7249570422424,False
Test year,452.0,429.15484993586165,False
Test year,225.0,283.1843076336004,False
Test year,143.0,145.14226334807478,False
Test year,-79.0,-68.72671040536937,False
Test year,-97.0,-98.3846156661566,False
Test year,-45.0,-109.09915278405961,False
Test year,-117.0,-87.59508158098413,False
Test year,-188.0,-151.80526071126226,False
Test year,-218.0,-197.73369839704597,False
Test year,-118.0,-178.89197554729384,False
Test year,-113.0,-171.65585916245493,False
Test year,-169.0,-106.69081798750815,False
Test year,-140.0,-169.1006322621982,False
Test year,-212.0,-164.22014291272586,False
Test year,-158.0,-163.8292052517902,False
Test year,-173.0,-164.20471005083442,False
Test year,-216.0,-178.85991189799057,False
Test year,-196.0,-181.45030709883434,False
Test year,-163.0,-188.86348745229174,False
Test year,-106.0,-121.49600889025908,False
Test year,-94.0,-82.93841932121165,False
Test year,-37.0,-37.47110211429458,False
Test year,16.0,4.322245569892175,False
Test year,114.0,99.46797245596974,False
Test year,55.0,100.47685489682942,False
Test year,97.0,182.53426628454616,False
Test year,29.0,27.687705841369365,False
Test year,-42.0,31.12336627844354,False
Test year,-84.0,-132.96940342204522,False
Test year,-206.0,-202.52616259148027,False
Test year,-238.0,-273.4577502334962,False
Test year,-305.0,-222.28764571628287,False
Test year,-251.0,-301.63264303752726,False
Test year,-126.0,-137.87956576954107,False
Test year,4.0,-111.65950012453492,False
Test year,-166.0,3.621247821044193,False
Test year,-105.0,-42.60543917020061,False
Test year,-46.0,-9.29094333809391,True
Test year,-3.0,46.84868016455235,True
Test year,82.0,72.5861038947777,True
Test year,232.0,152.20809916692264,True
Test year,183.0,303.191519231263,True
Test year,259.0,301.78486689178715,True
Test year,418.0,385.5528057221693,False
Test year,472.0,577.2492288359515,False
Test year,536.0,578.5397295203106,False
Test year,566.0,665.933356701588,False
Test year,654.0,563.0935350317709,False
Test year,554.0,626.8206236242769,False
Test year,381.0,333.9399748064433,False
Test year,306.0,228.38559099810635,False
Test year,59.0,-26.132796634396527,False
Test year,-128.0,-93.6228824081241,False
Test year,-197.0,-147.36426317564792,False
Test year,-174.0,-174.49646514842624,False
Test year,-256.0,-218.33998491006335,False
Test year,-251.0,-252.6141993983228,False
Test year,-188.0,-220.7099614561575,False
Test year,-261.0,-220.56513615382448,False
Test year,-292.0,-183.68269805914588,False
Test year,-307.0,-242.3199792680253,False
Test year,-300.0,-249.60777565516048,False
Test year,-270.0,-217.71158342570726,False
Test year,-251.0,-216.24439082133875,False
Test year,-240.0,-219.02520808969194,False
Test year,-217.0,-196.4222283483373,False
Test year,-176.0,-196.10308104645992,False
Test year,-146.0,-125.82197593878874,False
Test year,-105.0,-97.38826961077933,False
Test year,-63.0,-43.28325651141125,False
Test year,-61.0,-5.343201814378119,False
Test year,6.0,66.11403412635116,False
Test year,-33.0,45.25090038462622,False
Test year,12.0,142.89705194276866,False
Test year,-99.0,-8.881328177753517,False
Test year,-94.0,-16.7636875824428,False
Test year,-176.0,-129.662483133052,False
Test year,-170.0,-198.37504190035548,False
Test year,-312.0,-291.7882628499827,False
Test year,-220.0,-241.01653183913498,False
Test year,-265.0,-268.58036710119507,False
Test year,-93.0,-161.86977119282608,False
Test year,-12.0,-94.14172398047381,False
Test year,-340.0,-55.278405495594114,False
Test year,-271.0,-128.62572384443547,False
Test year,-252.0,-77.97579821210564,False
Test year,-174.0,-71.52654005852207,False
Test year,-52.0,-14.485265300835295,False
Test year,3.0,80.11029264922985,False
Test year,170.0,137.7065602138257,False
Test year,259.0,234.42439462563726,False
Test year,480.0,310.595808400145,False
Test year,206.0,505.34972094051824,False
Test year,154.0,314.4742994976526,False
Test year,700.0,354.76768343567375,False
Test year,392.0,611.9365481993448,False
Test year,385.0,449.55426609570367,False
Test year,246.0,317.4678017300654,False
Test year,190.0,274.51980581908794,False
Test year,106.0,39.333400328490086,False
Test year,142.0,45.847949879782675,False
Test year,62.0,55.11474417553396,False
Test year,4.0,17.248854816403934,False
Test year,-29.0,-50.66674697688097,False
Test year,-90.0,-88.18912779535307,False
Test year,34.0,-83.14314025738102,False
Test year,-30.0,-64.87011103114628,False
Test year,-61.0,-38.23489744402832,False
Test year,-111.0,-98.8878767331858,False
Test year,-149.0,-124.56621520533457,False
Test year,-128.0,-119.56613909823471,False
Test year,-138.0,-130.05263833489795,False
Test year,-173.0,-150.0984925557002,False
Test year,-120.0,-152.48064738182563,False
Test year,-128.0,-147.56521879885486,False
Test year,-70.0,-95.57330209310558,False
Test year,-48.0,-62.28105699163936,False
Test year,-30.0,-14.2047251395866,False
Test year,4.0,11.33372259239971,False
Test year,41.0,94.86314749852636,False
Test year,12.0,63.878487584372465,False
Test year,47.0,168.27881059966654,False
Test year,6.0,63.69166188398779,False
Test year,-7.0,128.59798772433163,False
Test year,-41.0,-7.82206033194268,False
Test year,-26.0,-56.04202909942137,False
Test year,-71.0,-142.93308184450484,False
Test year,-16.0,-116.35931830294692,False
Test year,-165.0,-167.81601715359022,False
Test year,-76.0,-115.74176406033712,False
Test year,118.0,-136.83201275903832,False
Test year,-46.0,3.8468728402830266,False
Test year,-194.0,-31.113292159959485,False
Test year,-121.0,-113.25635346122294,False
Test year,-93.0,-132.34275084832484,False
Test year,-10.0,-73.46092132069708,False
Test year,81.0,17.46913431332314,False
Test year,36.0,91.38889274407205,False
Test year,67.0,67.28144007934156,False
Test year,-21.0,123.21586042761862,False
Test year,72.0,154.08899983412633,False
Test year,-7.0,190.34115592137215,False
Test year,112.0,219.63818174481142,False
Test year,152.0,252.58239718722382,False
Test year,438.0,318.95513178499846,False
Test year,338.0,375.68775600874744,False
Test year,379.0,326.07732508194084,False
Test year,241.0,149.7354949396963,False
Test year,154.0,119.46222572623827,False
Test year,155.0,71.00340310956224,False
Test year,54.0,78.77426088233551,False
Test year,-43.0,-27.246231230325577,False
Test year,-156.0,-89.82424158420142,False
Test year,-42.0,-106.76252363373698,False
Test year,-73.0,-101.45211394310712,False
Test year,-88.0,-56.11914599619939,False
Test year,-131.0,-109.04795588639885,False
Test year,-120.0,-131.45451932197074,False
Test year,-123.0,-119.37575790350468,False
Test year,-121.0,-135.61015173955064,False
Test year,-175.0,-154.26643405694773,False
Test year,-168.0,-163.6644722481338,False
Test year,-138.0,-179.5627439113997,False
Test year,-96.0,-117.60868621461509,False
Test year,-40.0,-87.05551961252141,False
Test year,-50.0,-25.746506565929195,False
Test year,-35.0,-9.738534880893809,False
Test year,28.0,63.15528630413678,False
Test year,32.0,42.55418276663525,False
Test year,11.0,161.73594064822743,False
Test year,-89.0,-4.8052758027165225,False
Test year,-202.0,-31.555372720061882,False
Test year,-235.0,-218.3687952908626,False
Test year,-296.0,-278.6115188878918,False
Test year,-377.0,-354.5868190293041,False
Test year,-195.0,-271.09606630470233,False
Test year,-133.0,-245.21012162481915,False
Test year,-122.0,-82.04448839868701,False
Test year,43.0,-91.5665373328923,False
Test year,-230.0,-65.59383684772385,False
Test year,-250.0,-36.52092769524859,False
Test year,-192.0,-150.49487796308694,False
Test year,-131.0,-110.43690356324839,False
Test year,-130.0,-79.62623286126427,False
Test year,-165.0,12.124343966831248,False
Test year,15.0,0.7904043218940728,False
Test year,9.0,152.9281967741062,False
Test year,52.0,181.13762597149162,False
Test year,237.0,284.0245714918968,False
Test year,287.0,369.8124140658514,False
Test year,499.0,453.9107058132829,False
Test year,620.0,532.5229296295977,False
Test year,762.0,640.209413893205,False
Test year,657.0,573.1437542591028,False
Test year,536.0,503.8452113155997,False
Test year,279.0,213.4478513499879,False
Test year,151.0,109.98324351619351,False
Test year,122.0,59.31501674974828,False
Test year,47.0,47.25049851412609,False
Test year,-110.0,-45.594064278857815,False
Test year,-150.0,-130.92824897684199,False
Test year,-55.0,-122.20535456424267,False
Test year,-78.0,-118.48114202112271,False
Test year,-140.0,-71.02421696478322,False
Test year,-171.0,-141.9577632187124,False
Test year,-157.0,-163.5325480172687,False
Test year,-108.0,-138.34081722938782,False
Test year,-125.0,-133.29491749247467,False
Test year,-165.0,-154.42322409073444,False
Test year,-117.0,-160.2676349205521,False
Test year,-110.0,-158.24495058916995,False
Test year,-94.0,-101.13427988912815,False
Test year,-43.0,-83.92901616306489,False
Test year,-37.0,-27.36049398006159,False
Test year,7.0,-4.834356638378495,False
Test year,22.0,82.3835697136418,False
Test year,5.0,41.534071806802956,False
Test year,-18.0,148.27992166432523,False
Test year,-143.0,-27.680516196409542,False
Test year,-195.0,-73.66098908706323,False
Test year,-238.0,-231.81291591909905,False
Test year,-274.0,-268.85829405112713,False
Test year,-315.0,-325.29653670672394,False
Test year,-234.0,-261.0486674582948,False
Test year,-346.0,-297.2434748565116,False
Test year,5.0,-188.2840235076807,False
Test year,395.0,-14.557185803813866,False
Test year,80.0,298.1813020146406,False
Test year,-160.0,67.57170964775429,False
Test year,-276.0,-84.2277097009623,False
Test year,-284.0,-216.86989882810482,False
Test year,-118.0,-167.98347588249374,False
Test year,-191.0,-22.66760282473018,False
Test year,-114.0,-43.883278553447724,False
Test year,-58.0,29.46578566917657,False
Test year,16.0,123.88096536954185,False
Test year,259.0,235.86440184722406,False
Test year,270.0,369.99644473631224,False
Test year,414.0,446.2220245573804,False
Test year,590.0,468.48937517634056,False
Test year,740.0,616.2251464614058,False
Test year,673.0,556.266596764053,False
Test year,568.0,517.9607437132142,False
Test year,295.0,229.91158712699956,False
Test year,154.0,110.31539269058737,False
Test year,139.0,58.07817617893909,False
Test year,69.0,58.92032322181822,False
Test year,-79.0,-37.30049992053941,False
Test year,-209.0,-119.65709400775978,False
Test year,-346.0,-143.89850771175185,False
Test year,-62.0,-238.24524980571303,False
Test year,90.0,-101.29993728312614,False
Test year,-124.0,-37.678422091170404,False
Test year,-134.0,-130.99622393780112,False
Test year,-100.0,-112.16010892921122,False
Test year,-118.0,-115.76108852708319,False
Test year,-177.0,-139.11516167858412,False
Test year,-150.0,-152.5349280131494,False
Test year,-107.0,-161.10693949047726,False
Test year,-93.0,-91.36828709818036,False
Test year,-41.0,-71.2360536092512,False
Test year,-43.0,-14.399674718758916,False
Test year,17.0,4.729285357195494,False
Test year,105.0,98.87811600442001,False
Test year,19.0,96.31330813258589,False
Test year,84.0,170.05973328411176,False
Test year,-57.0,38.40606372218832,False
Test year,-108.0,-27.255515637605754,False
Test year,-158.0,-161.00179747287564,False
Test year,-159.0,-205.15531424027606,False
Test year,-294.0,-267.6201707296606,False
Test year,-223.0,-244.5352312781937,False
Test year,-274.0,-269.0172607080641,False
Test year,-415.0,-173.7356886231091,False
Test year,-215.0,-340.0587936597939,False
Test year,-391.0,-144.30272226275213,False
Test year,-388.0,-241.08883434530986,False
Test year,-201.0,-176.47433011096322,True
Test year,-132.0,-120.4917763785913,True
Test year,-64.0,-21.48538004931936,True
Test year,1.0,35.981463628873286,True
Test year,56.0,121.3449327149199,True
Test year,150.0,158.12391747726323,True
Test year,209.0,269.6767767040769,False
Test year,396.0,390.52597128499764,False
Test year,501.0,493.7406298224407,False
Test year,595.0,628.6748940884974,False
Test year,711.0,610.9167019850981,False
Test year,701.0,711.4415605772551,False
Test year,516.0,525.4418150931505,False
Test year,541.0,396.5774363941223,False
Test year,261.0,215.65446634344255,False
Test year,88.0,89.49011412431145,False
Test year,53.0,30.61052075392294,False
Test year,25.0,15.414873902021014,False
Test year,-107.0,-53.4899756448863,False
Test year,-183.0,-125.63591957929395,False
Test year,-30.0,-128.32094543722667,False
Test year,-123.0,-104.16733323884765,False
Test year,-115.0,-79.45925062079274,False
Test year,-171.0,-127.66203093116957,False
Test year,-138.0,-152.03932681511554,False
Test year,-152.0,-119.05313302449434,False
Test year,-124.0,-136.5038083346987,False
Test year,-199.0,-145.6496624312793,False
Test year,-163.0,-160.0988601632966,False
Test year,-155.0,-167.1417225064326,False
Test year,-77.0,-110.05502612078487,False
Test year,-53.0,-67.18803974970155,False
Test year,-3.0,-15.863452818149625,False
Test year,3.0,24.192422211012683,False
Test year,70.0,97.28969123896027,False
Test year,16.0,79.9123117546273,False
Test year,19.0,170.62193721384216,False
Test year,-89.0,-3.0758360465017063,False
Test year,-114.0,-46.24848614369989,False
Test year,-205.0,-189.6351043807228,False
Test year,-208.0,-253.03404287979004,False
Test year,-383.0,-289.46956176885897,False
Test year,-409.0,-273.0024007593653,False
Test year,-393.0,-391.24414762792867,False
Test year,-281.0,-220.12085704625827,False
Test year,-101.0,-196.4361271483899,False
Test year,-183.0,-77.9087899298049,False
Test year,-139.0,-75.31257553089196,False
Test year,-107.0,-70.08541146586671,True
Test year,-14.0,-10.994045735265672,True
Test year,-18.0,31.834253864757756,True
Test year,61.0,59.49248126116942,True
Test year,171.0,150.15167461451287,True
Test year,436.0,250.15900923253815,True
Test year,228.0,467.3258322750874,False
Test year,258.0,407.7893162004644,False
Test year,511.0,416.7251402885578,False
Test year,674.0,648.8578125664679,False
Test year,705.0,664.3430040780095,False
Test year,756.0,708.4637405084966,False
Test year,373.0,547.6803481380825,False
Test year,344.0,287.16466680206196,False
Test year,158.0,88.44125146650583,False
Test year,134.0,33.81606574857659,False
Test year,8.0,38.12172801198136,False
Test year,-37.0,-18.02078688438999,False
Test year,-148.0,-95.33791118556272,False
Test year,-114.0,-153.77915404470323,False
Test year,-115.0,-114.3379948263294,False
Test year,-126.0,-140.48862626216658,False
Test year,-153.0,-94.32859690928083,False
Test year,-249.0,-148.2605100511567,False
Test year,-164.0,-188.9880347234395,False
Test year,-122.0,-145.9467110712821,False
Test year,-156.0,-132.5525272294404,False
Test year,-228.0,-159.56898823299406,False
Test year,-157.0,-178.0509749445269,False
Test year,-135.0,-171.45285981577968,False
Test year,-73.0,-103.59453426645422,False
Test year,-72.0,-65.25700954126827,False
Test year,-42.0,-25.401073632341905,False
Test year,16.0,3.82671102955635,False
Test year,60.0,99.27849274354867,False
Test year,52.0,73.4601395740201,False
Test year,48.0,196.83938571532886,False
Test year,-55.0,53.05108399831181,False
Test year,-49.0,-19.14081227716366,False
Test year,-205.0,-92.05770485140624,False
Test year,-88.0,-181.7423710078216,False
Test year,-158.0,-199.14322060205672,False
Test year,-156.0,-179.86215749942696,False
Test year,-263.0,-257.0253635363068,False
Test year,126.0,-116.84999070611917,False
Test year,253.0,58.68963066943874,False
Test year,-11.0,147.29484331151792,False
Test year,-340.0,1.8165137363695294,False
Test year,-250.0,-237.95294972388263,False
Test year,64.0,-91.21614604242342,False
Test year,41.0,89.72081372080874,False
Test year,231.0,44.80793024184811,False
Test year,119.0,236.23344137232232,False
Test year,-27.0,169.61805804909756,False
Test year,313.0,108.50436651576086,False
Test year,539.0,411.9403546670961,False
Test year,85.0,534.2957402812091,False
Test year,-250.0,299.4245159515312,False
Test year,226.0,45.67114710125645,False
Test year,661.0,370.46334911214467,False
Test year,381.0,498.2101438253032,False
Test year,96.0,316.3603056895082,False
Test year,-17.0,-26.22277859313698,False
Test year,-13.0,-28.683522351728072,False
Test year,-21.0,-34.93784518790568,False
Test year,-27.0,-32.546806188026835,False
Test year,-120.0,-76.94825677435708,False
Test year,-45.0,-132.9654542689527,False
Test year,112.0,-75.73379343883181,False
Test year,19.0,-27.332576299802753,False
Test year,-89.0,-19.971706529680546,False
Test year,-97.0,-113.59163682418543,False
Test year,-144.0,-126.14052249175245,False
Test year,-90.0,-118.89462047630349,False
Test year,-125.0,-116.84118595314527,False
Test year,-222.0,-143.70201385596576,False
Test year,-117.0,-171.30659320885735,False
Test year,-134.0,-153.1759041877574,False
Test year,-130.0,-97.18060306284849,False
Test year,-94.0,-86.42229498442197,False
Test year,-76.0,-37.43234122918801,False
Test year,-61.0,-10.258157537114869,False
Test year,-12.0,64.75693548502335,False
Test year,16.0,36.82633256240305,False
Test year,-2.0,175.8712309031595,False
Test year,-47.0,28.84789683136796,False
Test year,-119.0,76.15996734570774,False
Test year,-127.0,-81.51420813333945,False
Test year,-48.0,-127.84781512559141,False
Test year,-62.0,-142.19451877111314,False
Test year,-30.0,-69.34994892679254,False
Test year,-38.0,-182.01964699886395,False
Test year,30.0,-59.16037699918934,False
Test year,170.0,-26.574210643497338,False
Test year,-33.0,38.289680468904066,False
Test year,45.0,-7.066583274765662,False
Test year,-63.0,54.357727402813055,False
Test year,-42.0,-67.98185252870655,False
Test year,9.0,-48.07883838789172,False
Test year,-75.0,24.719286494941628,False
Test year,-126.0,10.204054536437013,False
Test year,-156.0,-31.655531752629656,False
Test year,0.0,23.942752641482798,False
Test year,169.0,210.26980167811467,False
Test year,288.0,278.75829535716815,False
Test year,236.0,428.8127874731374,False
Test year,381.0,321.865248716112,False
Test year,299.0,477.35498184844573,False
Test year,345.0,263.00222930750476,False
Test year,282.0,335.21558727733634,False
Test year,142.0,85.60078616149752,False
Test year,97.0,55.91220126923321,False
Test year,81.0,26.86017419269041,False
Test year,-21.0,24.812459558235588,False
Test year,-49.0,-69.81161653435043,False
Test year,-174.0,-102.89806971280339,False
Test year,-68.0,-120.31439939855633,False
Test year,-52.0,-120.48383237815676,False
Test year,-134.0,-55.05150916834131,False
Test year,-131.0,-130.87221342037094,False
Test year,-166.0,-139.62039424735474,False
Test year,-135.0,-128.76234279726867,False
Test year,-138.0,-135.57240677173814,False
Test year,-192.0,-151.5602742966662,False
Test year,-145.0,-160.15968054659186,False
Test year,-141.0,-159.8942348077275,False
Test year,-86.0,-102.83129481905286,False
Test year,-70.0,-69.54110867605016,False
Test year,-21.0,-23.940490648329444,False
Test year,5.0,14.704273328950762,False
Test year,108.0,96.86053501497358,False
Test year,26.0,99.18972672620598,False
Test year,73.0,185.05833353506006,False
Test year,32.0,63.13809606277158,False
Test year,-42.0,113.06270148958924,False
Test year,-70.0,-50.2653103563303,False
Test year,-107.0,-106.78452545213713,False
Test year,-236.0,-221.8672418342004,False
Test year,-146.0,-232.0124735716771,False
Test year,-184.0,-246.94574802201134,False
Test year,-45.0,-112.97967090080402,False
Test year,7.0,-77.06357072410543,False
Test year,-56.0,-14.212588173033623,False
Test year,-145.0,2.9256399386795806,False
Test year,-31.0,-41.2220212580084,False
Test year,78.0,29.677327474722603,False
Test year,170.0,113.91656243950939,False
Test year,88.0,149.08618312214202,False
Test year,174.0,116.83227298845748,False
Test year,131.0,200.9764302974902,False
Test year,121.0,190.87276789368053,False
Test year,200.0,263.43924682643245,False
Test year,274.0,292.2224132363312,False
Test year,340.0,413.8528213343039,False
Test year,291.0,391.14091952407836,False
Test year,269.0,404.5703596436131,False
Test year,230.0,239.97220763234475,False
Test year,215.0,258.3265082283214,False
Test year,71.0,42.04551691211901,False
Test year,22.0,14.443339714128172,False
Test year,7.0,-19.77789376945782,False
Test year,-47.0,-21.42718838778461,False
Test year,-110.0,-86.6403225513987,False
Test year,-179.0,-132.8246490783422,False
Test year,-53.0,-129.26362196991124,False
Test year,-45.0,-116.14639017658112,False
Test year,-125.0,-52.099382773201995,False
Test year,-108.0,-127.75651473743724,False
Test year,-141.0,-130.4671483674088,False
Test year,-143.0,-129.2306185650981,False
Test year,-151.0,-148.34185065395286,False
Test year,-203.0,-169.86611797524273,False
Test year,-172.0,-178.17136902935198,False
Test year,-137.0,-184.349749204273,False
Test year,-83.0,-116.6745232563074,False
Test year,-94.0,-80.20623738564717,False
Test year,-64.0,-46.0503243842534,False
Test year,-16.0,-18.2456273994147,False
Test year,41.0,72.22210237334605,False
Test year,-1.0,51.705833750908624,False
Test year,40.0,157.63982780539908,False
Test year,-117.0,35.66945611931226,False
Test year,-143.0,-12.59655172209466,False
Test year,-164.0,-166.50925222911567,False
Test year,-75.0,-232.0851094480153,False
Test year,-20.0,-181.45496421040028,False
Test year,-30.0,-89.85411705061375,False
Test year,-107.0,-163.94929197895945,False
Test year,-70.0,-50.17913490549074,False
Test year,2.0,-121.16791652482308,False
Test year,-258.0,-99.68884612695939,False
Test year,-240.0,-137.85612366559593,False
Test year,-324.0,-159.09368353241297,False
Test year,-216.0,-211.03659422458074,False
Test year,-143.0,-70.0549313968848,False
Test year,-9.0,-77.68727302584489,False
Test year,165.0,132.9368906631317,False
Test year,91.0,264.0310154487875,False
Test year,63.0,233.39310402586324,False
Test year,394.0,300.81502264840617,False
Test year,530.0,481.17300842656175,False
Test year,635.0,627.1798820624934,False
Test year,708.0,583.7840855205889,False
Test year,659.0,658.0320861001185,False
Test year,361.0,456.19527702340633,False
Test year,340.0,308.10321931503984,False
Test year,89.0,94.11825927146629,False
Test year,-46.0,0.2755206299545989,False
Test year,41.0,-68.26734948584817,False
Test year,-32.0,-30.93534534271862,False
Test year,-112.0,-100.15054812363292,False
Test year,-199.0,-152.73423923167658,False
Test year,-68.0,-156.2795937176095,False
Test year,-105.0,-143.5520046338765,False
Test year,-147.0,-95.36126756416988,False
Test year,-209.0,-157.49597545046055,False
Test year,-167.0,-187.23837059003932,False
Test year,-214.0,-153.30583116991372,False
Test year,-115.0,-180.31110445557704,False
Test year,-198.0,-165.24891418255163,False
Test year,-90.0,-173.2189582887641,False
Test year,-117.0,-151.39347581564778,False
Test year,-122.0,-100.69868107613578,False
Test year,-94.0,-94.46645939430539,False
Test year,-65.0,-49.748159519169405,False
Test year,-37.0,-18.86429953308388,False
Test year,45.0,62.62186542983051,False
Test year,10.0,51.905095046637456,False
Test year,-14.0,162.73028312436526,False
Test year,-86.0,13.877598166607271,False
Test year,-133.0,-26.483710786488928,False
Test year,-164.0,-172.87820550600082,False
Test year,-143.0,-227.13623017802354,False
Test year,-233.0,-279.6627540380474,False
Test year,-323.0,-245.9517458416783,False
Test year,-272.0,-357.18582693123386,False
Test year,136.0,-160.42845567076856,False
Test year,115.0,73.96408119064202,False
Test year,-179.0,24.295716454590547,False
Test year,-38.0,-98.75606250178114,False
Test year,-52.0,21.005647575302902,False
Test year,135.0,43.814118718399754,False
Test year,539.0,175.39953759432282,False
Test year,919.0,448.6453299191063,False
Test year,1073.0,724.6696068709019,False
Test year,680.0,732.671129245814,True
Test year,-45.0,381.44793032314703,True
Test year,-396.0,120.12617297252604,False
Test year,336.0,-99.03520016184109,False
Test year,-278.0,382.76013516556645,False
Test year,84.0,-16.810900862604058,False
Test year,154.0,246.7931049308915,False
Test year,155.0,139.33099269762693,False
Test year,192.0,189.42156043987188,False
Test year,33.0,4.296041773523825,False
Test year,-52.0,-32.196973487489174,False
Test year,-42.0,-86.12744441222969,False
Test year,-49.0,-74.25939010948301,False
Test year,-132.0,-112.5401058827168,False
Test year,-197.0,-164.95757302783989,False
Test year,-118.0,-160.20621925642956,False
Test year,-149.0,-165.44564910173852,False
Test year,-146.0,-117.7832933332611,False
Test year,-178.0,-161.85765806488791,False
Test year,-214.0,-175.375658877854,False
Test year,-165.0,-155.02007210845755,False
Test year,-140.0,-154.83968562032163,False
Test year,-193.0,-156.60440397546267,False
Test year,-138.0,-161.51369204649654,False
Test year,-125.0,-157.82511966790202,False
Test year,-63.0,-96.08312446558324,False
Test year,-18.0,-58.57548552441742,False
Test year,12.0,0.14591663904562324,False
Test year,31.0,33.00591465005269,False
Test year,141.0,110.65203457336253,False
Test year,114.0,118.15339275128088,False
Test year,172.0,230.10693291106767,False
Test year,81.0,115.65152771217717,False
Test year,56.0,76.63191763358844,False
Test year,-37.0,-58.40766939592581,False
Test year,-211.0,-167.99097069928138,False
Test year,-338.0,-303.8724226263022,False
Test year,-224.0,-314.0833945190962,False
Test year,-267.0,-290.9129309546381,False
Test year,-115.0,-137.68221654648252,False
Test year,-130.0,-118.25743790480101,False
Test year,-171.0,-71.99726671121019,False
Test year,-103.0,-24.148876891318878,False
Test year,-62.0,-21.443838835475503,False
Test year,-26.0,48.93422720624861,True
Test year,81.0,73.25442889324054,True
Test year,139.0,175.91060741177202,False
Test year,349.0,252.19955831208063,False
Test year,760.0,385.5885077686104,False
Test year,972.0,644.574108851615,False
Test year,672.0,816.2800548338432,True
Test year,318.0,507.17826619706574,True
Test year,295.0,367.9356277222297,False
Test year,157.0,311.55558761472156,False
Test year,185.0,271.6540767302349,False
Test year,-9.0,140.99502430075495,False
Test year,-50.0,83.25690114787045,False
Test year,-74.0,-145.99969846555894,False
Test year,-154.0,-95.37337054775628,False
Test year,-18.0,-137.03498901694755,False
Test year,-72.0,-74.5808024586706,False
Test year,-122.0,-125.2567910126611,False
Test year,-298.0,-165.64325937503935,False
Test year,-127.0,-196.9193806035223,False
Test year,-160.0,-182.38899266995492,False
Test year,-151.0,-119.47461338584918,False
Test year,-189.0,-160.65844682401257,False
Test year,-241.0,-174.8145851976663,False
Test year,-218.0,-169.9540655177911,False
Test year,-151.0,-181.2888714097848,False
Test year,-176.0,-168.77983851470935,False
Test year,-183.0,-156.25459789572727,False
Test year,-106.0,-172.99102935904932,False
Test year,-85.0,-92.7492852577256,False
Test year,-59.0,-64.78151762180408,False
Test year,-12.0,-17.914759097178745,False
Test year,18.0,21.07975237876829,False
Test year,113.0,105.06150019944437,False
Test year,95.0,103.73927107295879,False
Test year,182.0,223.52601123414246,False
Test year,98.0,123.38827596070848,False
Test year,56.0,107.74087727319954,False
Test year,15.0,-45.51378314481059,False
Test year,-74.0,-112.73464025977444,False
Test year,-253.0,-235.4109099901665,False
Test year,-184.0,-260.95772941241756,False
Test year,-246.0,-260.7746904841059,False
Test year,-178.0,-108.25534742893734,False
Test year,8.0,-149.25285285579713,False
Test year,-256.0,-10.742278343486504,False
Test year,-164.0,-125.21422350195408,False
Test year,-149.0,-42.67342195645949,False
Test year,-133.0,-89.95657697628309,False
Test year,15.0,4.017842507190835,True
Test year,77.0,105.26621722893344,True
Test year,192.0,194.1747198634339,True
Test year,247.0,303.0261471790772,False
Test year,331.0,385.59242761410417,False
Test year,532.0,514.3162937200182,False
Test year,554.0,628.9101142875538,False
Test year,647.0,678.9295024359069,False
Test year,630.0,639.30502630924,False
Test year,661.0,609.5419148558117,False
Test year,473.0,437.3775423669279,False
Test year,382.0,280.0934208800555,False
Test year,58.0,11.459894331925,False
Test year,-129.0,-107.40030600528286,False
Test year,-211.0,-156.33167057093,False
Test year,-156.0,-181.43573756740693,False
Test year,-139.0,-219.34110267245214,False
Test year,-298.0,-215.39024990883485,False
Test year,-250.0,-230.71288673369924,False
Test year,-263.0,-257.3858807376368,False
Test year,-281.0,-197.24889144984195,False
Test year,-261.0,-242.04871701060785,False
Test year,-263.0,-233.9202090091709,False
Test year,-183.0,-203.41718161978935,False
Test year,-222.0,-184.27281772063583,False
Test year,-251.0,-202.5255565982584,False
Test year,-194.0,-202.37908197731656,False
Test year,-175.0,-194.01886824477927,False
Test year,-92.0,-126.5745050575639,False
Test year,-88.0,-79.22704340966342,False
Test year,-44.0,-34.34959415819736,False
Test year,9.0,1.2606659679672418,False
Test year,102.0,95.41891504057924,False
Test year,106.0,93.46422801356076,False
Test year,199.0,222.5532738358454,False
Test year,107.0,114.84223349306285,False
Test year,102.0,84.73774618671234,False
Test year,0.0,-71.86308438813325,False
Test year,10.0,-152.71486672371663,False
Test year,-204.0,-207.66492252365643,False
Test year,-210.0,-228.01519481847214,False
Test year,-227.0,-278.2366809643732,False
Test year,-32.0,-127.48937700821318,False
Test year,71.0,-64.22767457473464,False
Test year,-59.0,59.01602820749633,False
Test year,16.0,-1.0158056754695792,False
Test year,108.0,81.40098513864734,True
Test year,161.0,121.76815564504874,True
Test year,238.0,181.14646298741735,True
Test year,274.0,245.52336501826198,True
Test year,308.0,309.12233797455696,True
Test year,356.0,369.62081034851326,True
Test year,458.0,423.83259852149126,False
Test year,510.0,564.3159763783067,False
Test year,573.0,555.240316333612,False
Test year,620.0,631.1952955594447,False
Test year,525.0,534.3781316590596,False
Test year,608.0,442.1171297628664,False
Test year,373.0,301.85872969865716,False
Test year,271.0,122.6239738149517,False
Test year,-74.0,-146.28321222337013,False
Test year,-239.0,-243.3517915014313,False
Test year,-253.0,-282.1566373695086,False
Test year,-360.0,-283.93209784032405,False
Test year,-338.0,-369.1165921136507,False
Test year,-477.0,-380.4439242968922,False
Test year,-386.0,-373.8031382120277,False
Test year,-400.0,-386.5914961173489,False
Test year,-378.0,-307.3746222064032,False
Test year,-346.0,-332.63868775342416,False
Test year,-327.0,-308.08001203333447,False
Test year,-314.0,-258.6107631596867,False
Test year,-263.0,-256.9601538262975,False
Test year,-218.0,-246.94684777963693,False
Test year,-177.0,-202.8272081538459,False
Test year,-204.0,-188.05511061235154,False
Test year,-103.0,-139.50618674019768,False
Test year,-66.0,-90.30194138516472,False
Test year,-39.0,-28.519844982475604,False
Test year,22.0,3.0383621371130403,False
Test year,99.0,99.4349873991448,False
Test year,36.0,89.32405585971762,False
Test year,152.0,182.25235443535593,False
Test year,97.0,79.11307306304025,False
Test year,94.0,57.40004148106823,False
Test year,17.0,-95.43413087742613,False
Test year,-5.0,-155.1470162053987,False
Test year,-91.0,-207.3361911455901,False
Test year,-63.0,-176.30043478652073,False
Test year,-125.0,-186.82094845350477,False
Test year,-2.0,-64.76347173810802,False
Test year,226.0,-65.34277380986174,False
Test year,93.0,143.61329491936266,False
Test year,126.0,94.83114651082676,False
Test year,192.0,112.09874258707782,True
Test year,238.0,162.97327599995643,True
Test year,-25.0,206.04714117462873,True
Test year,249.0,78.09398895372013,True
Test year,505.0,275.3581387414862,True
Test year,321.0,473.037400061884,True
Test year,374.0,352.99372252795615,False
Test year,517.0,462.08166062851967,False
Test year,484.0,513.1885340562288,False
Test year,608.0,518.3465414145727,False
Test year,488.0,487.14428672254724,False
Test year,630.0,371.7075254681481,False
Test year,403.0,298.72617719589823,False
Test year,260.0,119.22944683294973,False
Test year,-100.0,-167.0289848418046,False
Test year,-232.0,-269.06760423214143,False
Test year,-390.0,-302.93381516454974,False
Test year,-354.0,-353.8717256379032,False
Test year,-501.0,-416.9010480493149,False
Test year,-478.0,-458.77583119198283,False
Test year,-446.0,-433.3823436162554,False
Test year,-459.0,-430.7499262049989,False
Test year,-406.0,-361.7872121936067,False
Test year,-397.0,-374.7473111635916,False
Test year,-361.0,-348.84908563337285,False
Test year,-382.0,-297.7405483863497,False
Test year,-299.0,-301.1828025388778,False
Test year,-289.0,-284.12265101754036,False
Test year,-196.0,-243.94537528987684,False
Test year,-202.0,-213.3301205553812,False
Test year,-84.0,-146.73341608105756,False
Test year,-102.0,-87.51773774855224,False
Test year,-40.0,-46.22969719368166,False
Test year,20.0,-4.519147687973742,False
Test year,99.0,94.17344069352447,False
Test year,99.0,84.43573921587637,False
Test year,160.0,209.88245766121133,False
Test year,71.0,81.39296164468212,False
Test year,92.0,44.807625241919254,False
Test year,63.0,-95.63458931636859,False
Test year,-13.0,-143.56370801400072,False
Test year,-181.0,-225.86554922678064,False
Test year,-94.0,-227.71968272875262,False
Test year,-152.0,-224.39770931325177,False
Test year,5.0,-75.23200662292811,False
Test year,164.0,-54.88352912010194,False
Test year,-12.0,115.97995006485789,False
Test year,118.0,13.865837356764217,False
Test year,186.0,92.41057583889244,True
Test year,147.0,154.92261006259946,True
Test year,222.0,141.49969713352593,True
Test year,188.0,203.125375402766,True
Test year,275.0,231.0566853545344,True
Test year,406.0,309.384051784613,True
Test year,353.0,420.9977085244353,False
Test year,414.0,450.24339224521697,False
Test year,558.0,451.5929547633496,False
Test year,554.0,589.8192782887178,False
Test year,444.0,459.4712162457221,False
Test year,520.0,366.44725686056677,False
Test year,302.0,238.28417740673098,False
Test year,270.0,86.99735729643464,False
Test year,55.0,-128.7484435297693,False
Test year,-213.0,-175.50725174872184,False
Test year,-313.0,-260.4851721002292,False
Test year,-314.0,-302.819451335459,False
Test year,-378.0,-371.01065670372503,False
Test year,-430.0,-400.29158377497663,False
Test year,-341.0,-385.49506329067964,False
Test year,-405.0,-384.64469463822445,False
Test year,-421.0,-327.13833007084594,False
Test year,-419.0,-374.9690089692532,False
Test year,-338.0,-366.4237195078838,False
Test year,-266.0,-312.75869360286185,False
Test year,-341.0,-275.63391810488406,False
Test year,-357.0,-298.7609649707115,False
Test year,-198.0,-294.6347697584389,False
Test year,-219.0,-243.5991312888067,False
Test year,-109.0,-169.67094938981234,False
Test year,-117.0,-115.54995744234947,False
Test year,-88.0,-69.24274108391552,False
Test year,-42.0,-40.045892486477015,False
Test year,28.0,49.84916947055416,False
Test year,4.0,33.557937556742644,False
Test year,29.0,150.8801252204545,False
Test year,-60.0,4.206654942321563,False
Test year,44.0,-28.12003434014531,False
Test year,50.0,-137.97478626052376,False
Test year,20.0,-154.63021879025706,False
Test year,-21.0,-210.64450470958707,False
Test year,43.0,-154.11341867624162,False
Test year,-79.0,-164.0549739502998,False
Test year,116.0,-59.28349615907655,False
Test year,158.0,-4.256915783493042,False
Test year,36.0,93.23849595264551,False
Test year,111.0,33.20820733689723,False
Test year,151.0,82.90162002496439,True
Test year,199.0,136.3193245881219,True
Test year,176.0,166.97330842866268,True
Test year,193.0,171.514907208179,True
Test year,178.0,224.0153936841837,True
Test year,321.0,230.50415767015156,True
Test year,331.0,358.4409558180108,False
Test year,567.0,428.0012735925632,False
Test year,560.0,552.5951308668272,False
Test year,580.0,563.8977653692529,False
Test year,505.0,454.50745991926726,False
Test year,665.0,392.1938355642703,False
Test year,457.0,327.0831546292495,False
Test year,407.0,158.5173616054036,False
Test year,194.0,-73.71211698849118,False
Test year,-140.0,-138.25525519202677,False
Test year,-365.0,-270.24931818160064,False
Test year,-406.0,-359.40096857005,False
Test year,-570.0,-452.0182925334568,False
Test year,-811.0,-514.891277368254,False
Test year,-523.0,-569.1902879435403,False
Test year,-532.0,-556.8232843930186,False
Test year,-490.0,-411.0164257928262,False
Test year,-474.0,-426.01709500247676,False
Test year,-322.0,-398.1154248318009,False
Test year,-316.0,-305.92122748428557,False
Test year,-279.0,-278.29206569442874,False
Test year,-290.0,-274.22941652969905,False
Test year,-225.0,-251.70661821493172,False
Test year,-150.0,-235.46557867388066,False
Test year,-99.0,-142.01727197933064,False
Test year,-133.0,-98.94095260404447,False
Test year,-80.0,-71.23386538736747,False
Test year,-66.0,-35.00009263735765,False
Test year,-5.0,43.93053927900786,False
Test year,-30.0,21.056400319594843,False
Test year,39.0,143.95033313501767,False
Test year,-75.0,49.33496450305509,False
Test year,-26.0,98.79471201303409,False
Test year,-29.0,-8.442942024111915,False
Test year,48.0,-42.889150661235306,False
Test year,-30.0,-73.07270464642701,False
Test year,-4.0,-91.95002488672264,False
Test year,-9.0,-179.68674438634784,False
Test year,181.0,-28.150310098917032,False
Test year,152.0,29.985436602413756,False
Test year,-47.0,-28.330572240487356,False
Test year,-19.0,-67.71249463365262,False
Test year,-75.0,-60.42335065518563,False
Test year,-91.0,-114.32996678575094,False
Test year,-3.0,-89.45509102770592,False
Test year,-4.0,-35.41710460767325,False
Test year,14.0,-3.097646788173222,False
Test year,8.0,44.93891912657645,False
Test year,14.0,59.95670037687876,False
Test year,126.0,163.4059661579714,False
Test year,222.0,207.60103805123708,False
Test year,173.0,348.918906695323,False
Test year,298.0,250.81958294794754,False
Test year,246.0,394.62691882437554,False
Test year,75.0,216.72995255760173,False
Test year,174.0,170.52248071066083,False
Test year,5.0,24.97190335398693,False
Test year,-57.0,-1.7080589115344083,False
Test year,-26.0,-46.95648998769627,False
Test year,-136.0,-34.353907439771774,False
Test year,-168.0,-121.4539323396998,False
Test year,-205.0,-169.16363866612528,False
Test year,-41.0,-160.26844673546674,False
Test year,-122.0,-133.365223095783,False
Test year,-123.0,-103.41337508865047,False
Test year,-183.0,-154.7491409036008,False
Test year,-129.0,-180.83076370143237,False
Test year,-140.0,-129.0498086605295,False
Test year,-100.0,-141.4817375302677,False
Test year,-188.0,-143.80194214925314,False
Test year,-107.0,-160.3436057019751,False
Test year,-116.0,-148.12492741746695,False
Test year,-57.0,-91.86144666504251,False
Test year,-41.0,-56.94350559686262,False
Test year,-14.0,-10.547771219655175,False
Test year,70.0,19.156219986534097,False
Test year,145.0,128.07043754039637,False
Test year,176.0,120.97489125041656,False
Test year,233.0,270.193920725641,False
Test year,169.0,173.4252552019047,False
Test year,143.0,204.98349853184845,False
Test year,190.0,66.0818961370498,False
Test year,213.0,78.34639812641944,False
Test year,-44.0,29.479490872785163,False
Test year,-181.0,-125.95020201290498,False
Test year,-222.0,-268.8510295375746,False
Test year,-41.0,-140.00637250153426,False
Test year,228.0,-101.87218438826082,False
Test year,-51.0,66.63100908664404,False
Test year,-290.0,-30.263881211929117,False
Test year,-213.0,-216.04238515253405,False
Test year,-38.0,-184.7019924524634,False
Test year,-27.0,-7.269713492566552,False
Test year,15.0,-26.983298896138933,False
Test year,-49.0,66.58660381092568,False
Test year,-53.0,61.73915655741692,False
Test year,19.0,57.21823518302665,False
Test year,342.0,202.80078848303685,False
Test year,183.0,390.8396370739728,False
Test year,277.0,336.092317182811,False
Test year,248.0,337.95736073999285,False
Test year,309.0,355.14662320188677,False
Test year,225.0,244.3930677391902,False
Test year,192.0,228.32486490644183,False
Test year,32.0,-0.6328796466239623,False
Test year,4.0,-30.82886147451086,False
Test year,-22.0,-51.618547321780625,False
Test year,-71.0,-55.36109418660703,False
Test year,-174.0,-119.96041971494327,False
Test year,-167.0,-177.5131777621175,False
Test year,-106.0,-147.36378829295057,False
Test year,-135.0,-151.0638683741734,False
Test year,-180.0,-105.03209501827166,False
Test year,-175.0,-166.67668744775136,False
Test year,-191.0,-170.5393186248005,False
Test year,-94.0,-147.96159091458384,False
Test year,-150.0,-125.90347389522071,False
Test year,-182.0,-155.28583294457383,False
Test year,-150.0,-159.20588894478794,False
Test year,-122.0,-161.28199070602324,False
Test year,-93.0,-95.60823372643165,False
Test year,-34.0,-69.70644029527998,False
Test year,8.0,-7.942863429016057,False
Test year,-16.0,31.654093971713678,False
Test year,146.0,90.44592494778158,False
Test year,129.0,119.75243040959998,False
Test year,251.0,244.47903493907762,False
Test year,141.0,179.87129856235023,False
Test year,104.0,141.1207057166136,False
Test year,15.0,-22.243638309734536,False
Test year,-13.0,-113.14833777766216,False
Test year,-189.0,-166.29512344981913,False
Test year,-153.0,-229.88362616897854,False
Test year,-224.0,-264.5118089543395,False
Test year,-209.0,-127.31315630029147,False
Test year,-91.0,-239.12213681837045,False
Test year,-121.0,-83.40879978806987,False
Test year,-114.0,-25.428003312447657,False
Test year,-199.0,26.971494738424383,False
Test year,-14.0,-88.82936990541162,False
Test year,-32.0,101.76900444622964,False
Test year,124.0,78.50299133201909,False
Test year,203.0,237.27413970658145,False
Test year,170.0,305.10582372766686,False
Test year,269.0,323.87513289275415,False
Test year,404.0,462.76395784476597,False
Test year,459.0,513.0366736462767,False
Test year,565.0,598.2535077805953,False
Test year,505.0,568.2439119786751,False
Test year,582.0,509.2279404039723,False
Test year,347.0,376.8987229289014,False
Test year,250.0,223.04816953212475,False
Test year,9.0,-40.840611898568,False
Test year,-145.0,-102.52928197825065,False
Test year,-141.0,-150.59660367939472,False
Test year,-182.0,-146.91239366153417,False
Test year,-125.0,-208.166529218523,False
Test year,-262.0,-200.42854683302454,False
Test year,-198.0,-205.68824852045685,False
Test year,-260.0,-223.55857019013865,False
Test year,-197.0,-181.69114543140591,False
Test year,-179.0,-205.03713646016195,False
Test year,-246.0,-187.8395700674772,False
Test year,-240.0,-184.50282955483453,False
Test year,-233.0,-202.59183205146752,False
Test year,-208.0,-213.45494616212795,False
Test year,-178.0,-186.8292288776409,False
Test year,-142.0,-181.18753644348226,False
Test year,-76.0,-111.48380628780387,False
Test year,-52.0,-68.9549653667496,False
Test year,-29.0,-18.273194619061513,False
Test year,24.0,10.106704754735489,False
Test year,149.0,102.79784554495913,False
Test year,156.0,118.87356766430503,False
Test year,229.0,254.50285651800712,False
Test year,176.0,170.0170653742504,False
Test year,111.0,162.19894872141424,False
Test year,61.0,-26.65284197853373,False
Test year,-5.0,-100.06205178608434,False
Test year,5.0,-145.95087072063743,False
Test year,-58.0,-96.4268039175897,False
Test year,-254.0,-175.89293567550854,False
Test year,-82.0,-142.4827562528223,False
Test year,129.0,-146.3103591462256,False
Test year,-32.0,50.95775676310487,False
Test year,-51.0,-26.34193324659526,False
Test year,120.0,29.98123636752257,False
Test year,-64.0,106.08258477495383,False
Test year,-61.0,-55.48257066508148,False
Test year,-197.0,28.32935954233176,False
Test year,116.0,-20.960989331457313,False
Test year,240.0,158.46463536797467,False
Test year,109.0,313.798832993918,False
Test year,428.0,285.07090452841885,False
Test year,357.0,450.0540302292048,False
Test year,478.0,426.14009364103026,False
Test year,324.0,419.2638647651919,False
Test year,234.0,352.23069161717865,False
Test year,20.0,151.59458438413174,False
Test year,102.0,83.64561952922378,False
Test year,-188.0,-81.9658824037009,False
Test year,-139.0,-162.7478218389818,False
Test year,-96.0,-155.80190085677694,False
Test year,-50.0,-115.90334706735644,False
Test year,-165.0,-138.5061134246144,False
Test year,-205.0,-194.12689842518938,False
Test year,-142.0,-181.89658456273094,False
Test year,-159.0,-189.29835341604695,False
Test year,-174.0,-135.5491589581909,False
Test year,-208.0,-183.36988158924362,False
Test year,-161.0,-197.44958738538418,False
Test year,-192.0,-154.10065763304544,False
Test year,-184.0,-171.86027632015305,False
Test year,-217.0,-187.44273101765293,False
Test year,-174.0,-182.9834993582719,False
Test year,-126.0,-179.95145280090236,False
Test year,-79.0,-103.51894751790076,False
Test year,-51.0,-67.3402170034297,False
Test year,-32.0,-16.7897647719185,False
Test year,34.0,10.226728376589733,False
Test year,160.0,108.62096146446802,False
Test year,141.0,126.44983028277767,False
Test year,265.0,247.82599461089623,False
Test year,207.0,200.0349031419243,False
Test year,156.0,212.81398705889615,False
Test year,50.0,40.91709909941147,False
Test year,189.0,-74.51171095466304,False
Test year,-49.0,-16.207713815901286,False
Test year,1.0,-161.3357954293943,False
Test year,-116.0,-167.5522304513501,False
Test year,-41.0,-102.13956635253959,False
Test year,173.0,-145.36509688934245,False
Test year,189.0,39.244585683514174,False
Test year,70.0,130.35250895354017,False
Test year,-229.0,61.619019964542474,False
Test year,-214.0,-153.84312516037545,False
Test year,-44.0,-180.13131194474926,False
Test year,56.0,-27.673276969424563,False
Test year,-123.0,95.85323973408191,False
Test year,47.0,2.663855849704362,False
Test year,66.0,135.72562538134662,False
Test year,100.0,213.04994187436242,False
Test year,331.0,240.27552792648845,False
Test year,468.0,454.9516695475142,False
Test year,444.0,449.4617627888595,False
Test year,510.0,426.6684540428646,False
Test year,30.0,308.0672053846745,False
Test year,-23.0,70.15581286022518,False
Test year,-114.0,-151.2169072173516,False
Test year,-24.0,-136.00508944130098,False
Test year,-13.0,-107.7985932346059,False
Test year,-100.0,-86.31343334160226,False
Test year,-259.0,-163.8443327571884,False
Test year,-234.0,-241.38695411436495,False
Test year,-108.0,-211.0593981628415,False
Test year,-209.0,-185.21189887721835,False
Test year,-201.0,-155.52384375741184,False
Test year,-271.0,-202.82945636062846,False
Test year,-225.0,-225.44185721494176,False
Test year,-155.0,-189.7179222386618,False
Test year,-178.0,-167.40009186113127,False
Test year,-205.0,-182.51411336029588,False
Test year,-173.0,-179.41137593761823,False
Test year,-168.0,-179.5434870826105,False
Test year,-106.0,-121.2585757863448,False
Test year,-30.0,-83.83423649878401,False
Test year,-16.0,-10.86495785316339,False
Test year,3.0,17.716167848405092,False
Test year,101.0,94.29173339441323,False
Test year,227.0,91.94230316597208,False
Test year,253.0,296.7314021730391,False
Test year,125.0,192.378747504543,False
Test year,183.0,163.16276627387992,False
Test year,-46.0,44.5762621682247,False
Test year,-161.0,-154.84039217568272,False
Test year,-99.0,-272.80535017745365,False
Test year,-211.0,-139.02141914201198,False
Test year,-241.0,-272.37582356175824,False
Test year,-211.0,-174.63043315483463,False
Test year,-86.0,-233.75209935689895,False
Test year,-181.0,-127.46692246015363,False
Test year,15.0,-65.88697045368457,False
Test year,354.0,113.6008703692437,False
Test year,31.0,330.29409613655264,False
Test year,20.0,56.89318571842597,False
Test year,-11.0,50.808578860955436,False
Test year,-77.0,73.36990387300119,False
Test year,-78.0,14.227432725891788,False
Test year,43.0,79.97126908151671,False
Test year,322.0,337.3659101168085,False
Test year,172.0,424.60288308739825,False
Test year,357.0,388.7518196873483,False
Test year,213.0,414.1138406293136,False
Test year,394.0,351.6825227837122,False
Test year,343.0,292.2371852159842,False
Test year,341.0,246.63206115715903,False
Test year,80.0,58.69509282218104,False
Test year,-43.0,-27.92013575988358,False
Test year,-31.0,-80.56427237447929,False
Test year,-34.0,-73.60298728048477,False
Test year,-73.0,-121.87649757505244,False
Test year,-215.0,-152.90292898926566,False
Test year,-120.0,-173.5042044891357,False
Test year,-149.0,-179.37294505667575,False
Test year,-155.0,-127.32669985691237,False
Test year,-198.0,-173.2962548775643,False
Test year,-173.0,-189.7995521264648,False
Test year,-172.0,-169.44556846591485,False
Test year,-236.0,-178.18333187070522,False
Test year,-220.0,-217.3685755297643,False
Test year,-138.0,-203.54374673667905,False
Test year,-150.0,-178.66833649682223,False
Test year,-138.0,-121.32637971748,False
Test year,-42.0,-105.75952253786869,False
Test year,-36.0,-30.314386851882603,False
Test year,-38.0,-2.857187543880542,False
Test year,61.0,64.10314048673479,False
Test year,31.0,58.90157083183314,False
Test year,71.0,179.0204879147248,False
Test year,-1.0,82.85059940531042,False
Test year,56.0,96.58556854146212,False
Test year,53.0,11.147924892502118,False
Test year,145.0,2.1526802280035895,False
Test year,104.0,-29.95713484790798,False
Test year,7.0,-33.31951793400083,False
Test year,-284.0,-207.81560519983037,False
Test year,-167.0,-234.09116396122954,False
Test year,10.0,-248.4330314280111,False
Test year,-119.0,-19.5839917839657,False
Test year,-193.0,-64.16858331282594,False
Test year,-163.0,-95.28218586616919,False
Test year,29.0,-76.90158046508463,False
Test year,-220.0,-2.401165517543177,False
Test year,149.0,-121.42232479550177,False
Test year,201.0,138.39359437221162,False
Test year,315.0,194.05613773848864,False
Test year,98.0,293.66938968164766,False
Test year,167.0,232.4436962901749,False
Test year,162.0,252.85625470962913,False
Test year,133.0,302.68924610039926,False
Test year,130.0,238.02092280270074,False
Test year,388.0,278.52763437343026,False
Test year,162.0,297.27481717091905,False
Test year,199.0,187.62988871120774,False
Test year,108.0,5.297504909456052,False
Test year,68.0,7.158986625703847,False
Test year,-26.0,-26.83729334462538,False
Test year,-28.0,-63.668174642012616,False
Test year,-156.0,-108.30496126067317,False
Test year,-167.0,-176.55104478475587,False
Test year,-85.0,-155.6012808140042,False
Test year,-42.0,-153.40105291394934,False
Test year,-139.0,-78.06330965748984,False
Test year,-219.0,-156.98829477740927,False
Test year,-175.0,-196.8034676190578,False
Test year,-149.0,-163.55708663663478,False
Test year,-122.0,-161.13921417037352,False
Test year,-154.0,-164.09905730961617,False
Test year,-164.0,-159.63335141211144,False
Test year,-125.0,-177.61555839662168,False
Test year,-90.0,-112.24319047932619,False
Test year,-60.0,-82.40648064163503,False
Test year,-36.0,-32.401912372783386,False
Test year,-16.0,-3.180919797704263,False
Test year,6.0,74.57728229441551,False
Test year,12.0,35.14755423578657,False
Test year,58.0,170.71394331814912,False
Test year,80.0,91.3034171304606,False
Test year,71.0,180.8670349390897,False
Test year,47.0,59.03013678751046,False
Test year,164.0,24.538177576875626,False
Test year,87.0,-7.752040004171249,False
Test year,41.0,-10.178269490257037,False
Test year,-37.0,-177.28684498144668,False
Test year,-82.0,-49.47161997197611,False
Test year,25.0,-221.89406357298463,False
Test year,-197.0,-92.56910146242282,False
Test year,-467.0,-223.93573141206693,False
Test year,-167.0,-265.8727827567203,False
Test year,-163.0,-229.51616745393486,False
Test year,-94.0,-72.50962398744849,False
Test year,-126.0,-12.8495617076494,False
Test year,39.0,17.05616277451651,False
Test year,163.0,100.29357609937179,False
Test year,-17.0,210.0187686629264,False
Test year,221.0,168.50430708471853,False
Test year,232.0,319.4064242715957,False
Test year,129.0,348.8840928150482,False
Test year,368.0,265.9442229568286,False
Test year,406.0,457.83187777243745,False
Test year,340.0,320.3989961165564,False
Test year,336.0,302.23543484881077,False
Test year,157.0,82.11242340838504,False
Test year,66.0,31.7581620516753,False
Test year,87.0,-13.553482909880245,False
Test year,-40.0,2.535377385711257,False
Test year,-157.0,-107.20781985749818,False
Test year,-162.0,-172.1873485436673,False
Test year,-53.0,-148.2466597698786,False
Test year,-117.0,-134.62979722932874,False
Test year,-111.0,-101.03872301305464,False
Test year,-199.0,-146.58422254427188,False
Test year,-180.0,-181.63722461282185,False
Test year,-89.0,-146.08087298908293,False
Test year,-148.0,-122.00640113727391,False
Test year,-184.0,-153.95105523268296,False
Test year,-91.0,-160.1144840721148,False
Test year,-127.0,-138.5119682594182,False
Test year,-88.0,-92.8894617035962,False
Test year,-26.0,-69.36337429505164,False
Test year,14.0,-5.3036536901397255,False
Test year,62.0,33.61756679239289,False
Test year,128.0,125.97737933990686,False
Test year,185.0,111.69246093184535,False
Test year,249.0,276.57779364519484,False
Test year,205.0,199.21929390837312,False
Test year,219.0,238.67208579301956,False
Test year,92.0,112.00520933815653,False
Test year,81.0,-5.76025954898779,False
Test year,-57.0,-89.49064098873794,False
Test year,-182.0,-127.03629864814582,False
Test year,-211.0,-300.25045285273603,False
Test year,-149.0,-157.26380517491145,False
Test year,-80.0,-194.38623154430084,False
Test year,-534.0,-216.64110284171875,False
Test year,-203.0,-279.53761710064884,False
Test year,131.0,-8.276392973701263,False
Test year,131.0,94.07523408859626,False
Test year,-154.0,119.0663594728286,False
Test year,-183.0,-74.04210546531635,False
Test year,-102.0,-13.958348250488882,False
Test year,128.0,73.68300219909102,False
Test year,-1.0,237.079800614743,False
Test year,138.0,245.26345425917856,False
Test year,171.0,305.77947793564465,False
Test year,316.0,386.1237181101978,False
Test year,423.0,404.7036507446056,False
Test year,531.0,493.15777122812,False
Test year,385.0,409.7130287610824,False
Test year,313.0,321.36531468364376,False
Test year,166.0,64.81949976771608,False
Test year,-18.0,31.904056297802867,False
Test year,59.0,-53.53734724163911,False
Test year,-70.0,-19.11292829235606,False
Test year,-126.0,-121.2223725346127,False
Test year,-255.0,-162.4975795882702,False
Test year,-102.0,-178.38794616231831,False
Test year,-152.0,-163.62148993226765,False
Test year,-143.0,-112.93122447562976,False
Test year,-179.0,-156.01047629858454,False
Test year,-138.0,-169.62700434408754,False
Test year,-161.0,-129.72284057408632,False
Test year,-172.0,-147.92287781046275,False
Test year,-181.0,-171.44173587924672,False
Test year,-152.0,-161.8532501524911,False
Test year,-135.0,-162.30560226374575,False
Test year,-113.0,-101.24456792184492,False
Test year,-62.0,-79.26276503842729,False
Test year,-5.0,-21.715174824998996,False
Test year,48.0,23.955566514310647,False
Test year,135.0,119.5886761056862,False
Test year,134.0,116.4131284442283,False
Test year,255.0,249.31137621946812,False
Test year,171.0,205.82208553027374,False
Test year,76.0,190.02818540546252,False
Test year,-57.0,-40.505487158901275,False
Test year,-103.0,-151.9264186378075,False
Test year,-364.0,-246.03876411583778,False
Test year,-385.0,-300.05559712299885,False
Test year,-198.0,-409.3888894664649,False
Test year,-35.0,-66.3591105791487,False
Test year,147.0,-25.37291157264721,False
Test year,-93.0,105.19828646522512,False
Test year,-31.0,8.278918357852092,False
Test year,-2.0,45.24530664711523,False
Test year,-136.0,11.313160848214523,False
Test year,-136.0,13.132923762857843,False
Test year,-106.0,-54.56212908006438,False
Test year,-13.0,55.044177568174234,False
Test year,-102.0,135.8465743609661,False
Test year,26.0,105.77120867391369,False
Test year,163.0,294.9543623229877,False
Test year,348.0,335.3737650373321,False
Test year,478.0,513.5551779643782,False
Test year,361.0,522.3766121868528,False
Test year,446.0,462.02920196699574,False
Test year,365.0,346.43296824312176,False
Test year,360.0,303.37552186219824,False
Test year,225.0,103.0090548698139,False
Test year,92.0,60.9433352469469,False
Test year,-26.0,3.0832569359998843,False
Test year,-6.0,-51.872256659620206,False
Test year,-127.0,-95.93839538205447,False
Test year,-177.0,-157.49734535537107,False
Test year,-137.0,-149.11868185197216,False
Test year,-81.0,-166.71849639047736,False
Test year,-166.0,-89.06223931368135,False
Test year,-185.0,-159.11110826054755,False
Test year,-172.0,-175.1779466910882,False
Test year,-157.0,-148.30674253385,False
Test year,-178.0,-154.06281939423195,False
Test year,-218.0,-176.80821488789553,False
Test year,-163.0,-179.89190126679443,False
Test year,-121.0,-174.1479830016748,False
Test year,-84.0,-99.36173159525237,False
Test year,-107.0,-68.4956797746411,False
Test year,14.0,-40.246518066616574,False
Test year,48.0,26.495338325424,False
Test year,172.0,118.06038937046551,False
Test year,138.0,134.90120816380198,False
Test year,260.0,249.6375233753534,False
Test year,186.0,199.3552221214917,False
Test year,-19.0,155.8053904111731,False
Test year,-134.0,-130.05206473949778,False
Test year,-166.0,-223.98429934964963,False
Test year,-343.0,-294.6170166178216,False
Test year,-267.0,-300.35519566612464,False
Test year,-318.0,-264.91793826024474,False
Test year,-331.0,-135.1813692023822,False
Test year,9.0,-245.96032354054233,False
Test year,-201.0,-19.1798195109302,False
Test year,-219.0,5.541021839741745,False
Test year,-157.0,-124.88576469684787,False
Test year,-14.0,19.675726370616985,False
Test year,-20.0,68.68067418460436,False
Test year,-16.0,64.84769014976155,False
Test year,-25.0,126.3967352120174,False
Test year,-42.0,142.74473866107374,False
Test year,158.0,213.31184485260525,False
Test year,372.0,394.0621672737805,False
Test year,405.0,508.92207782394377,False
Test year,531.0,588.0129001297231,False
Test year,672.0,582.6104359927288,False
Test year,592.0,698.4327644944112,False
Test year,487.0,414.51170992280106,False
Test year,493.0,351.68521004102075,False
Test year,179.0,146.13018708994844,False
Test year,37.0,1.6957243799466823,False
Test year,-49.0,-39.55020190870596,False
Test year,-44.0,-72.6139526740389,False
Test year,-211.0,-128.7341630402857,False
Test year,-252.0,-202.9899659140345,False
Test year,-71.0,-195.78782366938447,False
Test year,-156.0,-159.00028586738637,False
Test year,-201.0,-120.35545563581655,False
Test year,-249.0,-185.78598405248573,False
Test year,-155.0,-208.42574826125144,False
Test year,-186.0,-150.2464497616275,False
Test year,-181.0,-162.56414613512766,False
Test year,-203.0,-180.35308494997446,False
Test year,-169.0,-173.17749072049338,False
Test year,-131.0,-173.0607349015691,False
Test year,-61.0,-102.6327752075594,False
Test year,-18.0,-58.46555039346549,False
Test year,-36.0,0.4030136920933671,False
Test year,45.0,11.85608434622003,False
Test year,150.0,115.04755468254365,False
Test year,178.0,123.19664653836372,False
Test year,257.0,273.34468458475055,False
Test year,102.0,208.9354072762161,False
Test year,57.0,120.8628318351702,False
Test year,-81.0,-76.20760735058914,False
Test year,-136.0,-170.26798160536947,False
Test year,-301.0,-294.88993582739846,False
Test year,-404.0,-287.05209444301465,False
Test year,-350.0,-379.2727975493553,False
Test year,-259.0,-201.04553923285647,False
Test year,27.0,-203.25756724921172,False
Test year,-210.0,35.04807487853327,False
Test year,-51.0,-40.124440745828224,False
Test year,31.0,67.77547647366958,False
Test year,93.0,149.96945218621673,False
Test year,-35.0,179.7101729766297,False
Test year,-194.0,25.16196341778698,False
Test year,104.0,31.84252787170567,False
Test year,404.0,242.22195817856837,False
Test year,413.0,423.68103432289143,False
Test year,140.0,518.2135027419479,False
Test year,456.0,310.2847035088023,False
Test year,321.0,547.4089144832767,False
Test year,335.0,388.5623136395168,False
Test year,513.0,425.99887984070045,False
Test year,366.0,369.4911276832373,False
Test year,306.0,291.30305124894414,False
Test year,45.0,59.24960051075982,False
Test year,-18.0,-32.15524896656444,False
Test year,-3.0,-72.50516382856694,False
Test year,-113.0,-65.51072130346495,False
Test year,-137.0,-144.21285116970373,False
Test year,-296.0,-177.85261142586148,False
Test year,-142.0,-200.56669550882458,False
Test year,-110.0,-190.79490205557585,False
Test year,-214.0,-105.00841022607364,False
Test year,-161.0,-182.5562433424521,False
Test year,-203.0,-174.05463770876025,False
Test year,-153.0,-156.87048515772761,False
Test year,-158.0,-155.64654234006667,False
Test year,-167.0,-167.77879448836592,False
Test year,-161.0,-157.15170757384857,False
Test year,-126.0,-166.1683086849314,False
Test year,-99.0,-100.46885169278522,False
Test year,-24.0,-74.34747059436864,False
Test year,-38.0,-5.818453830642341,False
Test year,40.0,10.169131908455284,False
Test year,144.0,112.02706405657585,False
Test year,161.0,119.123209635595,False
Test year,252.0,262.9456243123363,False
Test year,178.0,208.43834178049448,False
Test year,131.0,210.9150793994154,False
Test year,-45.0,26.704177103803204,False
Test year,-37.0,-122.31189664336034,False
Test year,-254.0,-174.44090348438033,False
Test year,-379.0,-255.29421550751087,False
Test year,-378.0,-440.6714475360636,False
Test year,-181.0,-252.85593589485336,False
Test year,-17.0,-129.53886968243896,False
Test year,-156.0,-28.85661938465981,False
Test year,-18.0,-9.838873654596682,False
Test year,-25.0,77.41614013187757,False
Test year,39.0,1.308303613003602,False
Test year,-42.0,83.2802817472238,False
Test year,62.0,40.0437010030538,False
Test year,-20.0,148.35105556628804,False
Test year,-146.0,81.21569069827322,False
Test year,-17.0,69.31143766807116,False
Test year,181.0,239.73277140933754,False
Test year,142.0,339.51197267891996,False
Test year,339.0,392.1730228505741,False
Test year,344.0,440.948003089787,False
Test year,503.0,460.1195132748007,False
Test year,450.0,396.8541611250857,False
Test year,407.0,348.8920060171607,False
Test year,231.0,111.56941359659885,False
Test year,45.0,59.056303390994856,False
Test year,11.0,-21.42800395660697,False
Test year,3.0,-33.92713598941546,False
Test year,-133.0,-91.51458755163668,False
Test year,-184.0,-161.0047625639956,False
Test year,-73.0,-153.52268202302798,False
Test year,-97.0,-144.0405629176709,False
Test year,-122.0,-92.278635173276,False
Test year,-222.0,-145.98174869404534,False
Test year,-191.0,-187.20148820211847,False
Test year,-211.0,-171.7904579541726,False
Test year,-126.0,-187.88333010127474,False
Test year,-227.0,-173.85533160140722,False
Test year,-150.0,-188.4017384685099,False
Test year,-152.0,-181.16838626988783,False
Test year,-78.0,-121.02336821965741,False
Test year,-83.0,-79.97785397874006,False
Test year,-25.0,-40.676280437380626,False
Test year,-54.0,0.23611380835407658,False
Test year,29.0,59.09174944296922,False
Test year,78.0,43.78345996692897,False
Test year,85.0,205.28360918127242,False
Test year,-7.0,104.25973339549279,False
Test year,-107.0,68.19299890826761,False
Test year,-169.0,-123.13302490470835,False
Test year,-134.0,-245.8166759836697,False
Test year,-292.0,-319.72014206102756,False
Test year,-320.0,-302.39193416897706,False
Test year,-386.0,-373.38733424391074,False
Test year,-317.0,-198.99681807691798,False
Test year,-73.0,-275.3519041328669,False
Test year,-207.0,-80.95191339625083,False
Test year,-180.0,-82.99391652308975,False
Test year,-65.0,-74.09488436387088,False
Test year,48.0,-1.8687509919296872,True
Test year,134.0,79.6064538801364,True
Test year,126.0,149.55552945820122,True
Test year,186.0,213.00887529289793,True
Test year,232.0,269.1606079078938,True
Test year,346.0,350.65734114129924,False
Test year,496.0,514.780088990088,False
Test year,513.0,596.732790266279,False
Test year,640.0,651.9834240205718,False
Test year,610.0,647.6439164196233,False
Test year,663.0,617.1710053604247,False
Test year,566.0,457.107873141711,False
Test year,491.0,371.6037374252366,False
Test year,179.0,97.66787868048857,False
Test year,-30.0,-33.16965111398548,False
Test year,-72.0,-101.20722674211339,False
Test year,-146.0,-118.8129542233415,False
Test year,-199.0,-199.58989074441158,False
Test year,-213.0,-234.0948611809899,False
Test year,-176.0,-206.18701051570002,False
Test year,-146.0,-219.33304548087506,False
Test year,-219.0,-149.92490489268368,False
Test year,-247.0,-213.5168774827584,False
Test year,-246.0,-230.61965670940788,False
Test year,-223.0,-205.13030280659325,False
Test year,-168.0,-206.9908020107187,False
Test year,-207.0,-197.7005748468959,False
Test year,-207.0,-189.65984542092195,False
Test year,-161.0,-203.93884997024935,False
Test year,-98.0,-134.09453127283564,False
Test year,-69.0,-91.2589217160531,False
Test year,-82.0,-38.28681850001533,False
Test year,-20.0,-24.43078952971007,False
Test year,-18.0,68.47238158510652,False
Test year,1.0,23.24777199398312,False
Test year,24.0,165.11257674822616,False
Test year,-80.0,66.24891751516415,False
Test year,-76.0,29.7942206603891,False
Test year,-135.0,-158.42769796752515,False
Test year,-141.0,-232.0191300566566,False
Test year,-248.0,-308.5802612720454,False
Test year,-130.0,-266.0981265405969,False
Test year,-196.0,-277.66777308497797,False
Test year,-30.0,-132.20818944183014,False
Test year,246.0,-87.74419379366276,False
Test year,132.0,129.68037704072105,False
Test year,139.0,109.96526354005255,False
Test year,242.0,104.91246965311763,False
Test year,303.0,208.45915092847176,True
Test year,333.0,266.0678946639589,True
Test year,157.0,281.9416611424125,True
Test year,358.0,228.18700575031562,False
Test year,458.0,392.59451931097607,False
Test year,385.0,478.8662550231959,False
Test year,696.0,483.2524243689616,False
Test year,699.0,659.0366278214294,False
Test year,623.0,671.6414631898631,False
Test year,698.0,484.215796105737,False
Test year,691.0,547.2470902054828,False
Test year,597.0,348.2538726941543,False
Test year,152.0,249.18831861484185,False
Test year,116.0,-219.3403319528095,False
Test year,-136.0,-174.94611519723912,False
Test year,-147.0,-275.6794967637205,False
Test year,-221.0,-286.8202950956788,False
Test year,-412.0,-354.68514954425757,False
Test year,-486.0,-435.0880631976681,False
Test year,-517.0,-443.4887178478691,False
Test year,-492.0,-480.3487162170329,False
Test year,-514.0,-410.14500360310603,False
Test year,-500.0,-435.0942319763392,False
Test year,-466.0,-420.14054432037835,False
Test year,-305.0,-352.42509017643414,False
Test year,-304.0,-291.4209375618459,False
Test year,-266.0,-267.7303782302978,False
Test year,-190.0,-233.51695703400236,False
Test year,-157.0,-204.90961422976693,False
Test year,-149.0,-127.35223236884895,False
Test year,-66.0,-106.63108571449732,False
Test year,-115.0,-36.631179679050035,False
Test year,-74.0,-31.036251799837913,False
Test year,15.0,49.92564944928159,False
Test year,-1.0,41.9682511143923,False
Test year,51.0,173.26777112616767,False
Test year,-51.0,93.61354519750438,False
Test year,-67.0,76.59981390810339,False
Test year,-109.0,-104.22425451335863,False
Test year,-24.0,-153.6470413542923,False
Test year,-77.0,-176.1627944884815,False
Test year,-91.0,-157.83097518718085,False
Test year,-207.0,-246.11877959175683,False
Test year,-69.0,-140.66550742945645,False
Test year,59.0,-150.79001562308287,False
Test year,-140.0,-14.914664611062136,False
Test year,-214.0,-38.79417807472555,False
Test year,-91.0,-81.54391002783456,False
Test year,113.0,26.92743028564348,False
Test year,127.0,170.86145779492344,False
Test year,57.0,197.57742704805997,False
Test year,62.0,150.01149964251903,False
Test year,263.0,207.6245908518868,False
Test year,247.0,326.98120054307304,False
Test year,273.0,373.8894900959692,False
Test year,317.0,357.16480274292894,False
Test year,279.0,446.07064768260443,False
Test year,321.0,339.03568148661503,False
Test year,390.0,407.0150267019945,False
Test year,188.0,298.70772340335986,False
Test year,282.0,209.91034575069182,False
Test year,80.0,59.02683310138184,False
Test year,-48.0,2.5383098329741642,False
Test year,27.0,-57.38514265047053,False
Test year,-52.0,-33.758117992482994,False
Test year,-133.0,-107.14768399894498,False
Test year,-274.0,-165.2583952862741,False
Test year,-84.0,-192.5790261227487,False
Test year,-227.0,-170.51669627352942,False
Test year,-216.0,-152.85108720898424,False
Test year,-186.0,-206.30703700947782,False
Test year,-241.0,-193.87668637292703,False
Test year,-156.0,-181.08143142502377,False
Test year,-174.0,-168.37989497546693,False
Test year,-223.0,-179.57846420940638,False
Test year,-165.0,-184.5603316433763,False
Test year,-154.0,-177.83789965764038,False
Test year,-82.0,-113.87682974483812,False
Test year,-67.0,-71.38770863577986,False
Test year,-21.0,-23.446460443388986,False
Test year,12.0,14.615427846987785,False
Test year,204.0,100.10924734169666,False
Test year,159.0,153.11545695683478,False
Test year,338.0,262.24642758758387,False
Test year,241.0,271.85773621766543,False
Test year,125.0,234.88367213272141,False
Test year,22.0,-13.817661377536751,False
Test year,-26.0,-128.04986177057265,False
Test year,-322.0,-239.5092325637874,False
Test year,-413.0,-339.22239061763094,False
Test year,-427.0,-420.6482087859791,False
Test year,-94.0,-236.6903704683263,False
Test year,70.0,-66.23842034132157,False
Test year,-212.0,50.078482029386294,False
Test year,-215.0,-111.24297716565695,False
Test year,-61.0,-52.142352365868135,False
Test year,-20.0,-0.8052235447197518,False
Test year,36.0,100.42379453849975,False
Test year,54.0,110.74498521503989,False
Test year,40.0,163.3869750266582,False
Test year,168.0,193.36440285304386,False
Test year,244.0,341.59023740531455,False
Test year,357.0,458.8147588231412,False
Test year,503.0,503.83142745703867,False
Test year,613.0,649.1719220961166,False
Test year,601.0,616.4619693745256,False
Test year,664.0,591.0002405479531,False
Test year,441.0,436.1410365835666,False
Test year,400.0,259.8357826404017,False
Test year,78.0,22.652651043198375,False
Test year,-113.0,-98.52282855416411,False
Test year,-132.0,-147.37014628628486,False
Test year,-191.0,-160.09013613647062,False
Test year,-271.0,-227.11071614733734,False
Test year,-303.0,-269.6760171941306,False
Test year,-281.0,-249.86506719589624,False
Test year,-238.0,-268.69341399727114,False
Test year,-200.0,-192.18793754321615,False
Test year,-263.0,-208.83668025247857,False
Test year,-151.0,-224.34660271478015,False
Test year,-261.0,-164.56515778802526,False
Test year,-194.0,-201.98968160928825,False
Test year,-252.0,-205.61421050270667,False
Test year,-181.0,-200.9556375628975,False
Test year,-138.0,-190.79266952626776,False
Test year,-87.0,-111.77429518637638,False
Test year,-46.0,-74.29837338639626,False
Test year,-6.0,-17.68727517186099,False
Test year,46.0,19.538789668030915,False
Test year,145.0,113.17031326740059,False
Test year,153.0,115.43967370485916,False
Test year,255.0,253.17630574094193,False
Test year,179.0,206.86501159090665,False
Test year,97.0,162.71166401464882,False
Test year,-102.0,-78.08099199680842,False
Test year,-178.0,-227.07608915496292,False
Test year,-258.0,-322.2782637372268,False
Test year,-304.0,-271.6169612748196,False
Test year,-382.0,-343.19633161581567,False
Test year,-240.0,-211.9040303859324,False
Test year,26.0,-177.66087687984958,False
Test year,-91.0,-19.058271257027684,False
Test year,-91.0,4.991841472006627,False
Test year,25.0,-3.1796536943824947,True
Test year,85.0,75.80493907606701,True
Test year,150.0,141.8593328160552,True
Test year,229.0,176.91009004620122,True
Test year,266.0,300.22198251489846,True
Test year,355.0,347.69785293112454,True
Test year,355.0,446.40673144858533,False
Test year,578.0,517.721652969733,False
Test year,667.0,637.4131594099733,False
Test year,698.0,719.5069664234431,False
Test year,624.0,614.0262824396486,False
Test year,579.0,530.5442838440351,False
Test year,348.0,294.90541587854136,False
Test year,258.0,135.5492854796396,False
Test year,-4.0,-124.41893911007202,False
Test year,-129.0,-178.26690732065822,False
Test year,-271.0,-207.33473312221565,False
Test year,-234.0,-263.94770806333275,False
Test year,-325.0,-305.13092416643144,False
Test year,-409.0,-336.3623478399377,False
Test year,-322.0,-333.87493783733123,False
Test year,-257.0,-337.30734328984136,False
Test year,-379.0,-237.19233560427887,False
Test year,-382.0,-302.61159812194825,False
Test year,-293.0,-316.99631146471603,False
Test year,-209.0,-250.4554306956311,False
Test year,-221.0,-210.83535053607721,False
Test year,-235.0,-215.289002480914,False
Test year,-185.0,-203.91286077354948,False
Test year,-149.0,-194.35471915676385,False
Test year,-91.0,-120.23944443115198,False
Test year,-56.0,-80.06295454853543,False
Test year,-46.0,-24.7999977476627,False
Test year,30.0,-0.7169705350736137,False
Test year,149.0,101.06139656775505,False
Test year,160.0,114.29085752302194,False
Test year,339.0,253.5554378754513,False
Test year,216.0,265.0749431880007,False
Test year,152.0,204.7675741961777,False
Test year,18.0,-30.924384177199414,False
Test year,1.0,-158.12270123517158,False
Test year,-85.0,-232.33881797931355,False
Test year,-153.0,-172.6495406615754,False
Test year,-231.0,-248.23192414106063,False
Test year,-99.0,-197.6319974461066,False
Test year,-2.0,-100.88086066821819,False
Test year,-151.0,-61.04240109561144,False
Test year,-181.0,-62.50436374089131,False
Test year,-124.0,-98.69945550188567,False
Test year,-101.0,-87.88442545519229,False
Test year,-70.0,-4.228296022581503,False
Test year,61.0,56.91483619515333,False
Test year,167.0,188.7010909989122,False
Test year,201.0,278.1173337387794,False
Test year,307.0,342.79671066225546,False
Test year,479.0,476.35810383030093,False
Test year,502.0,552.3745420268854,False
Test year,539.0,596.5245582310724,False
Test year,554.0,498.25744200820003,False
Test year,477.0,503.5837823304844,False
Test year,380.0,250.68153260220754,False
Test year,241.0,182.63807442907756,False
Test year,-54.0,-96.54817492546329,False
Test year,-142.0,-158.37726478504413,False
Test year,-136.0,-184.9069849481386,False
Test year,-135.0,-194.1266429807801,False
Test year,-298.0,-228.67304210574918,False
Test year,-375.0,-299.07000150102067,False
Test year,-216.0,-305.6805739427372,False
Test year,-288.0,-284.3528417744096,False
Test year,-315.0,-226.17685109236163,False
Test year,-317.0,-281.59703356442054,False
Test year,-208.0,-280.72129742856777,False
Test year,-299.0,-209.73169873085078,False
Test year,-222.0,-234.58779650706958,False
Test year,-228.0,-232.16089394391287,False
Test year,-198.0,-203.81964272495384,False
Test year,-139.0,-200.46775810943183,False
Test year,-85.0,-119.89805721034827,False
Test year,-48.0,-78.37932469094721,False
Test year,-23.0,-22.740662697741072,False
Test year,54.0,7.877134227693261,False
Test year,116.0,111.7741814893921,False
Test year,169.0,94.612758011359,False
Test year,315.0,255.6262108151726,False
Test year,218.0,247.44764612377418,False
Test year,214.0,199.67443596052107,False
Test year,-83.0,-21.066474352252328,False
Test year,-12.0,-202.32325083827158,False
Test year,-161.0,-264.7007516681637,False
Test year,-127.0,-230.67416518928104,False
Test year,-183.0,-241.2170781700263,False
Test year,-167.0,-124.45203140789079,False
Test year,-51.0,-221.29971105559957,False
Test year,-227.0,-71.19667025070817,False
Test year,-182.0,-97.87759613455441,False
Test year,-124.0,-56.08693251108983,False
Test year,60.0,-19.591809631275453,False
Test year,134.0,89.54879056089385,True
Test year,194.0,172.73942207560935,True
Test year,210.0,266.6338397679199,True
Test year,407.0,313.81974143008824,False
Test year,336.0,462.92905697964613,False
Test year,523.0,474.6592834937683,False
Test year,550.0,567.4238597015158,False
Test year,639.0,606.4540089848886,False
Test year,589.0,546.7590429734262,False
Test year,548.0,488.0029941481256,False
Test year,254.0,260.11400663869654,False
Test year,236.0,71.84799841182502,False
Test year,-24.0,-135.0786015887536,False
Test year,-244.0,-190.01610812589502,False
Test year,-252.0,-255.07915507621652,False
Test year,-148.0,-279.10109960523295,False
Test year,-285.0,-274.8048545600375,False
Test year,-394.0,-320.21659077460424,False
Test year,-231.0,-333.2445370518567,False
Test year,-341.0,-315.43351732635324,False
Test year,-325.0,-266.5456881393408,False
Test year,-315.0,-311.78682675791856,False
Test year,-275.0,-297.63285201339164,False
Test year,-236.0,-259.69435288155034,False
Test year,-252.0,-245.6457127503386,False
Test year,-283.0,-256.4622361426968,False
Test year,-230.0,-249.86833521821075,False
Test year,-231.0,-240.31901005237222,False
Test year,-109.0,-176.90895364435863,False
Test year,-112.0,-115.48665029794932,False
Test year,-40.0,-65.8542905987498,False
Test year,-52.0,-18.79650187840619,False
Test year,17.0,49.57110320525692,False
Test year,1.0,28.2552063283934,False
Test year,111.0,157.15840359075008,False
Test year,18.0,115.02731121798348,False
Test year,4.0,92.35076930454738,False
Test year,-139.0,-129.60741081820362,False
Test year,7.0,-226.9829890645558,False
Test year,-57.0,-244.15684915047396,False
Test year,-69.0,-205.37358091496645,False
Test year,-100.0,-248.62439065345174,False
Test year,63.0,-99.84397439707732,False
Test year,208.0,-59.762835972172624,False
Test year,6.0,74.31236557454616,False
Test year,12.0,27.55493706858337,False
Test year,106.0,25.2781878528383,False
Test year,116.0,92.23560402559153,True
Test year,155.0,122.03536600125466,True
Test year,249.0,157.35117317580233,True
Test year,165.0,283.750702593406,True
Test year,285.0,259.26048248500484,False
Test year,348.0,349.1864129208443,False
Test year,477.0,454.06964011061064,False
Test year,487.0,492.35996220634865,False
Test year,610.0,517.3275875010958,False
Test year,597.0,489.8297928600249,False
Test year,470.0,466.33108009697276,False
Test year,174.0,179.30983300058767,False
Test year,435.0,14.209722940829408,False
Test year,93.0,-7.160815856346289,False
Test year,-325.0,-149.80158276603464,False
Test year,-229.0,-306.34317061111767,False
Test year,-212.0,-314.39846348425044,False
Test year,-339.0,-319.5290592152436,False
Test year,-403.0,-370.9855765853762,False
Test year,-374.0,-369.56556601205966,False
Test year,-358.0,-388.92213956932596,False
Test year,-376.0,-315.5849339823769,False
Test year,-334.0,-349.8308439806675,False
Test year,-342.0,-330.188306313229,False
Test year,-238.0,-290.1953286659138,False
Test year,-229.0,-260.660983118349,False
Test year,-273.0,-250.98689670277815,False
Test year,-186.0,-245.83416877728752,False
Test year,-189.0,-225.51740865931225,False
Test year,-132.0,-158.64079278214223,False
Test year,-108.0,-122.39127999698559,False
Test year,-51.0,-69.47333931079567,False
Test year,-94.0,-25.817369746699313,False
Test year,12.0,29.76687348069271,False
Test year,47.0,21.730275686275775,False
Test year,111.0,177.78972551412016,False
Test year,-23.0,126.92344752430074,False
Test year,31.0,142.67560417567,False
Test year,-31.0,-13.206865800897987,False
Test year,71.0,-50.21975411729949,False
Test year,26.0,-112.56580665084749,False
Test year,221.0,-112.24111939646463,False
Test year,179.0,-53.95432767727834,False
Test year,123.0,21.05127072501972,False
Test year,-47.0,-138.66161838931515,False
Test year,135.0,-208.07893172098454,False
Test year,-10.0,86.95636784380864,False
Test year,-11.0,-119.98109299947618,False
Test year,-416.0,-39.97134868050904,False
Test year,-134.0,-345.1306692405551,False
Test year,102.0,-10.503115365216502,False
Test year,-124.0,132.22899398183753,False
Test year,58.0,24.823551788569716,False
Test year,266.0,149.19253960089395,False
Test year,676.0,348.65633749663687,False
Test year,544.0,539.9930082728185,False
Test year,217.0,470.19568368318556,False
Test year,0.0,220.85011659323175,False
Test year,164.0,167.1996872314135,False
Test year,-6.0,104.6813655931474,False
Test year,-78.0,76.80162612420543,False
Test year,-135.0,-165.34044524595845,False
Test year,-138.0,-129.18949910002812,False
Test year,-140.0,-142.08627978987482,False
Test year,-130.0,-140.87647073622617,False
Test year,-187.0,-167.1352244472002,False
Test year,-264.0,-206.88678520033014,False
Test year,-154.0,-207.2526710614481,False
Test year,-170.0,-205.19928382676034,False
Test year,-193.0,-145.7217187325005,False
Test year,-247.0,-198.15816602095325,False
Test year,-168.0,-221.73783565911117,False
Test year,-176.0,-160.2655123354014,False
Test year,-205.0,-165.81299146604601,False
Test year,-171.0,-194.05469764362226,False
Test year,-140.0,-169.3861233101975,False
Test year,-88.0,-162.83063369856137,False
Test year,-59.0,-86.73661589915218,False
Test year,-15.0,-57.90857935090867,False
Test year,25.0,-1.884576217073004,False
Test year,35.0,35.83187942813325,False
Test year,173.0,110.0269987973684,False
Test year,173.0,132.27220652659437,False
Test year,348.0,266.4954204371256,False
Test year,325.0,289.3337517490535,False
Test year,177.0,330.53957119019725,False
Test year,-10.0,62.35388780360205,False
Test year,-226.0,-85.62426473123702,False
Test year,-354.0,-286.8236533923224,False
Test year,-363.0,-357.9293324809777,False
Test year,-381.0,-417.54089547721566,False
Test year,-420.0,-275.96243169267035,False
Test year,-144.0,-365.21163983884304,False
Test year,-327.0,-162.34282510404427,False
Test year,-136.0,-125.48068515773855,False
Test year,-173.0,-8.22378989493643,False
Test year,-138.0,-66.19997146200376,False
Test year,-172.0,17.795014000202286,False
Test year,-61.0,-39.038017958103296,False
Test year,23.0,119.53833027459063,False
Test year,-114.0,183.72787812941175,False
Test year,146.0,124.39086081498823,False
Test year,184.0,357.0975633720839,False
Test year,299.0,352.56988536591484,False
Test year,451.0,480.2168550522703,False
Test year,456.0,511.76070539301384,False
Test year,594.0,521.8429967211632,False
Test year,476.0,450.7190833657926,False
Test year,434.0,377.6825121136019,False
Test year,226.0,135.04088705814598,False
Test year,110.0,72.35290369766147,False
Test year,88.0,20.99955033568267,False
Test year,-75.0,-0.6957472906789803,False
Test year,-116.0,-114.69656010259945,False
Test year,-230.0,-153.45940939722865,False
Test year,-99.0,-164.2990884837734,False
Test year,-130.0,-155.23863693694295,False
Test year,-197.0,-101.348648648954,False
Test year,-156.0,-171.6109650011902,False
Test year,-143.0,-164.2941596897685,False
Test year,-113.0,-126.5515663486384,False
Test year,-185.0,-127.40859958286768,False
Test year,-157.0,-169.71992055753896,False
Test year,-157.0,-152.69874415281072,False
Test year,-90.0,-160.32455944919326,False
Test year,-66.0,-82.83992544662584,False
Test year,-24.0,-55.17396124482232,False
Test year,0.0,-1.068821425794539,False
Test year,23.0,28.917749332359364,False
Test year,172.0,108.03707719800246,False
Test year,183.0,136.48466723056026,False
Test year,358.0,278.032222202252,False
Test year,314.0,300.0277000593899,False
Test year,194.0,326.94418414587494,False
Test year,47.0,76.20469042967241,False
Test year,-118.0,-48.57102721113813,False
Test year,-233.0,-223.51668571737991,False
Test year,-265.0,-199.55278637950892,False
Test year,-233.0,-337.17996214368657,False
Test year,-98.0,-199.2735718501996,False
Test year,23.0,-89.47036890320561,False
Test year,-175.0,-99.09821185072056,False
Test year,-324.0,-73.29322871526679,False
Test year,-392.0,-123.33166720908048,False
Test year,-152.0,-252.5045084618533,False
Test year,89.0,-66.53428010893447,False
Test year,62.0,110.40188245823231,False
Test year,175.0,123.31887958540165,False
Test year,-48.0,178.2520850450412,False
Test year,96.0,124.59352806647814,False
Test year,119.0,279.8476082767807,False
Test year,303.0,287.116467210256,False
Test year,419.0,457.5283307915297,False
Test year,383.0,454.1936753493685,False
Test year,443.0,460.7965178796183,False
Test year,326.0,339.09630336118596,False
Test year,293.0,290.5601297332898,False
Test year,87.0,72.91927387006643,False
Test year,46.0,5.098634534898679,False
Test year,59.0,-22.26707020525737,False
Test year,-72.0,-34.39195956517719,False
Test year,-156.0,-113.2305027891787,False
Test year,-205.0,-171.44726686897945,False
Test year,-130.0,-161.03034649063898,False
Test year,-106.0,-165.51526132632864,False
Test year,-160.0,-96.07380978178026,False
Test year,-181.0,-156.28995712176732,False
Test year,-131.0,-170.6679485086354,False
Test year,-146.0,-130.1078860128615,False
Test year,-166.0,-144.2672168535167,False
Test year,-204.0,-170.31117189411276,False
Test year,-108.0,-172.83100908604422,False
Test year,-155.0,-150.5172256933206,False
Test year,-55.0,-107.47900663687867,False
Test year,-103.0,-60.299075307444014,False
Test year,7.0,-36.714148282884764,False
Test year,54.0,23.306464144967265,False
Test year,146.0,120.29670898860527,False
Test year,167.0,119.75678777907882,False
Test year,344.0,265.5266220589389,False
Test year,356.0,290.02444193371446,False
Test year,113.0,326.868147662156,False
Test year,-87.0,-56.94963773187959,False
Test year,-372.0,-191.4266766972044,False
Test year,-416.0,-436.07703550658897,False
Test year,-418.0,-363.19837835891786,False
Test year,-465.0,-436.25713050281456,False
Test year,-306.0,-264.51948355738097,False
Test year,-124.0,-237.90623668039365,False
Test year,-336.0,-80.872041880652,False
Test year,-190.0,-142.36894926683414,False
Test year,-78.0,-61.64450905315195,False
Test year,5.0,-11.068867999287846,True
Test year,21.0,95.78572807836127,True
Test year,91.0,111.49028463759197,True
Test year,217.0,199.94030488852593,True
Test year,211.0,319.94414561706594,True
Test year,371.0,350.84828212831627,False
Test year,570.0,543.5293053387447,False
Test year,607.0,660.3996513180709,False
Test year,731.0,724.3376030628231,False
Test year,716.0,716.4840152345373,False
Test year,690.0,670.2185430946008,False
Test year,522.0,449.9860961550321,False
Test year,343.0,310.9360567824469,False
Test year,104.0,-20.86487997703341,False
Test year,-100.0,-73.3509749159391,False
Test year,-135.0,-136.99105056026713,False
Test year,-189.0,-172.14011097860242,False
Test year,-200.0,-223.26130331794838,False
Test year,-352.0,-243.94667495063118,False
Test year,-259.0,-258.0021794688593,False
Test year,-221.0,-270.3565629347742,False
Test year,-242.0,-183.70512332282294,False
Test year,-316.0,-223.17667006039068,False
Test year,-211.0,-249.56154345969628,False
Test year,-174.0,-191.43657249880533,False
Test year,-173.0,-172.0656140026066,False
Test year,-254.0,-182.0821351025026,False
Test year,-188.0,-196.46097074197723,False
Test year,-77.0,-191.51363875348704,False
Test year,-94.0,-86.22484278095163,False
Test year,-83.0,-70.00530579552373,False
Test year,-2.0,-32.05427263331785,False
Test year,24.0,20.42984066381598,False
Test year,144.0,104.86613633561262,False
Test year,190.0,116.24263706005016,False
Test year,364.0,276.7780666741746,False
Test year,318.0,296.1785402874399,False
Test year,176.0,282.5199244554975,False
Test year,-94.0,-39.4722696097316,False
Test year,-148.0,-221.852512337446,False
Test year,-227.0,-309.67581756383606,False
Test year,-233.0,-266.0180284907687,False
Test year,-246.0,-325.44564904580045,False
Test year,-76.0,-168.95045356951852,False
Test year,69.0,-111.56158948124698,False
Test year,-79.0,17.426687488158763,False
Test year,98.0,4.145977885693867,False
Test year,140.0,103.1479706485292,False
Test year,297.0,165.23667596996114,False
Test year,321.0,283.6880874832111,False
Test year,320.0,297.8894156092367,False
Test year,443.0,332.7638624256004,False
Test year,416.0,429.2189478283827,False
Test year,779.0,399.13132413981816,False
Test year,474.0,692.7730681297498,False
Test year,436.0,397.7469353077786,False
Test year,808.0,433.05875250696096,False
Test year,409.0,565.4548242204029,False
Test year,-56.0,250.38410560808876,False
Test year,17.0,-102.99892318257781,False
Test year,62.0,-49.81195364847463,False
Test year,-150.0,-225.11462578520985,False
Test year,-120.0,-240.87828067930008,False
Test year,-165.0,-240.37962704110785,False
Test year,-309.0,-260.1927982221305,False
Test year,-544.0,-336.72822907412,False
Test year,-542.0,-439.5750265432982,False
Test year,-317.0,-436.3158559179018,False
Test year,-425.0,-373.53663474758395,False
Test year,-407.0,-298.55924994095653,False
Test year,-334.0,-343.467170229506,False
Test year,-256.0,-305.0072189477702,False
Test year,-244.0,-229.4657935007118,False
Test year,-196.0,-220.11254628915918,False
Test year,-289.0,-213.00608806316959,False
Test year,-287.0,-222.1225025200901,False
Test year,-187.0,-241.54947332538427,False
Test year,-101.0,-149.41387741409892,False
Test year,-52.0,-87.51964472224375,False
Test year,26.0,-22.80691465304193,False
Test year,15.0,32.221977377546125,False
Test year,153.0,98.4082121736871,False
Test year,156.0,116.46317815986993,False
Test year,328.0,251.92807223551964,False
Test year,305.0,270.5953564406241,False
Test year,231.0,285.1035078586106,False
Test year,-19.0,39.611886305842006,False
Test year,-77.0,-163.24544106682782,False
Test year,-165.0,-272.24514893297436,False
Test year,-252.0,-252.78677531230113,False
Test year,-390.0,-386.2562012185465,False
Test year,-273.0,-306.6126208930854,False
Test year,-59.0,-262.0688821403985,False
Test year,-180.0,-61.24837201803828,False
Test year,-89.0,-22.947082100690153,False
Test year,149.0,-3.6627282954449925,False
Test year,216.0,163.54766802948654,False
Test year,565.0,216.09193304615386,True
Test year,1002.0,520.7555999047399,False
Test year,706.0,742.0295295660351,False
Test year,286.0,467.3981727939918,False
Test year,17.0,181.7921222742449,False
Test year,70.0,140.79070061831698,False
Test year,198.0,137.8988568409352,False
Test year,382.0,284.4303074535561,False
Test year,39.0,322.66982987168427,False
Test year,167.0,164.20984656497856,False
Test year,-69.0,69.77319555557591,False
Test year,-100.0,12.500453794837767,False
Test year,-78.0,-207.50614567741144,False
Test year,-163.0,-137.76224720207313,False
Test year,-73.0,-170.1051499035498,False
Test year,-183.0,-155.83311281423065,False
Test year,-35.0,-209.16001177177105,False
Test year,-393.0,-185.61100244731549,False
Test year,-145.0,-268.693704988695,False
Test year,-301.0,-251.17704242397056,False
Test year,-248.0,-213.8207256172882,False
Test year,-299.0,-252.9196858248303,False
Test year,-239.0,-258.391537983593,False
Test year,-233.0,-225.43933348891574,False
Test year,-182.0,-222.9203769483538,False
Test year,-255.0,-216.27873741277187,False
Test year,-223.0,-218.81277644316924,False
Test year,-180.0,-223.6890111811712,False
Test year,-112.0,-148.57260005826424,False
Test year,-83.0,-102.96689868380099,False
Test year,-57.0,-48.44210458138997,False
Test year,-81.0,-18.021276609742387,False
Test year,101.0,41.820637863,False
Test year,11.0,72.87678588456481,False
Test year,148.0,169.49704342853659,False
Test year,77.0,152.00240276474355,False
Test year,-21.0,174.12298532680137,False
Test year,-72.0,-140.15846403842176,False
Test year,-44.0,-191.49544350648767,False
Test year,-108.0,-261.7159653006616,False
Test year,-78.0,-234.138714006911,False
Test year,-224.0,-260.52766882792275,False
Test year,-78.0,-173.23427600018482,False
Test year,53.0,-96.7386821914064,False
Test year,-49.0,-8.258929506742618,False
Test year,41.0,20.79609807709346,False
Test year,173.0,63.931048406415584,False
Test year,292.0,164.3995069790666,False
Test year,471.0,290.09003271566206,False
Test year,234.0,423.60793574932165,False
Test year,150.0,241.07731085200493,False
Test year,556.0,232.7329643715453,False
Test year,893.0,481.3323842601254,False
Test year,824.0,711.667612820718,False
Test year,349.0,592.1982827784927,False
Test year,366.0,270.0919414233565,False
Test year,182.0,248.5062279406382,False
Test year,58.0,163.40377438296522,False
Test year,-95.0,-16.929009846967233,False
Test year,-152.0,-39.85898282451342,False
Test year,-232.0,-273.7075529235042,False
Test year,-220.0,-249.5325664257284,False
Test year,-64.0,-253.8693504736034,False
Test year,-168.0,-199.16590394259418,False
Test year,-205.0,-234.22725732553272,False
Test year,-324.0,-275.259549795301,False
Test year,-227.0,-282.3026908001868,False
Test year,-252.0,-287.669112135405,False
Test year,-267.0,-224.11638678144124,False
Test year,-383.0,-269.1467710002038,False
Test year,-242.0,-306.39793220971643,False
Test year,-223.0,-244.5122323627803,False
Test year,-193.0,-221.2950381486167,False
Test year,-285.0,-220.48552829495202,False
Test year,-116.0,-232.31973029322808,False
Test year,-191.0,-188.90542540525792,False
Test year,-105.0,-142.30961579224953,False
Test year,-71.0,-103.67273812906905,False
Test year,-62.0,-44.834079255038546,False
Test year,-51.0,-20.803849019852322,False
Test year,-15.0,52.60487242893805,False
Test year,-12.0,18.535543642906305,False
Test year,99.0,155.40125579809163,False
Test year,60.0,127.59259745704966,False
Test year,93.0,212.21396409708785,False
Test year,144.0,62.98199751447504,False
Test year,192.0,76.21457676917959,False
Test year,100.0,62.490583782610315,False
Test year,191.0,8.384457356671362,False
Test year,-27.0,-40.79405057076798,False
Test year,114.0,-50.50840643469644,False
Test year,176.0,-28.399795302584266,False
Test year,-41.0,3.730813242569411,False
Test year,-23.0,-116.49292907118627,False
Test year,-83.0,-66.55561167895985,False
Test year,-174.0,-148.06701069386742,False
Test year,-364.0,-195.59620995175112,False
Test year,-282.0,-312.321651796583,False
Test year,120.0,-124.02298662647138,False
Test year,-144.0,50.51567239778069,False
Test year,46.0,-35.32362845019321,False
Test year,225.0,152.74119509281053,False
Test year,446.0,250.41275028737556,False
Test year,267.0,498.9287537632898,False
Test year,139.0,282.03303407597866,False
Test year,201.0,271.2191700910232,False
Test year,144.0,164.8113486733613,False
Test year,131.0,181.3630279894245,False
Test year,-60.0,-35.463456239121456,False
Test year,32.0,-83.5289764471541,False
Test year,25.0,-63.194717593733,False
Test year,-79.0,-69.86767768225806,False
Test year,-201.0,-131.34641203448095,False
Test year,-203.0,-206.66123409446905,False
Test year,-130.0,-184.70313416910892,False
Test year,-116.0,-184.8244889764087,False
Test year,-169.0,-120.16990876171491,False
Test year,-202.0,-181.31250436595252,False
Test year,-159.0,-199.9469927102548,False
Test year,-107.0,-148.66518657006782,False
Test year,-150.0,-136.35573356724427,False
Test year,-187.0,-164.5789081121797,False
Test year,-165.0,-167.75933423198921,False
Test year,-73.0,-173.52354363818506,False
Test year,-46.0,-82.07216521889512,False
Test year,-25.0,-50.129240166683076,False
Test year,16.0,-4.580789082045925,False
Test year,31.0,31.874367432916557,False
Test year,172.0,108.28819689189447,False
Test year,263.0,132.01267199198205,False
Test year,482.0,321.53663822555313,False
Test year,349.0,390.08615500973985,False
Test year,401.0,394.55418392598034,False
Test year,329.0,270.2035575103877,False
Test year,219.0,201.1073699687543,False
Test year,3.0,32.766803804993515,False
Test year,60.0,-99.37873574109119,False
Test year,-76.0,-162.55280874664544,False
Test year,18.0,-101.02125251994119,False
Test year,54.0,-133.7766330681094,False
Test year,-195.0,-117.59300017904303,False
Test year,-182.0,-210.3288008231562,False
Test year,-238.0,-243.70160210783666,False
Test year,-354.0,-293.04966805965023,False
Test year,-451.0,-379.3551709601964,False
Test year,-139.0,-390.837117291566,False
Test year,55.0,-132.37937919016824,False
Test year,-479.0,147.6737504021338,False
Test year,36.0,-284.26432477282094,False
Test year,274.0,249.1757084580323,False
Test year,413.0,412.28521044246116,False
Test year,545.0,539.5661524345803,False
Test year,661.0,529.6441010104542,False
Test year,629.0,589.4376348973309,False
Test year,280.0,378.15250672552617,False
Test year,236.0,177.48700050872242,False
Test year,-73.0,-38.18689809791931,False
Test year,-155.0,-128.34827733815564,False
Test year,-62.0,-172.7756232547376,False
Test year,-159.0,-155.71910053552688,False
Test year,-258.0,-199.71784521795013,False
Test year,-283.0,-259.6567727750501,False
Test year,-248.0,-240.48038664389753,False
Test year,-261.0,-253.77904978949766,False
Test year,-292.0,-196.32547808240037,False
Test year,-236.0,-245.81935640934972,False
Test year,-231.0,-226.88202072458478,False
Test year,-167.0,-184.84477350262728,False
Test year,-201.0,-171.4426667049575,False
Test year,-195.0,-191.05789743898646,False
Test year,-170.0,-176.92069821378914,False
Test year,-153.0,-175.60529812838575,False
Test year,-72.0,-113.81827508442484,False
Test year,-66.0,-67.27019174481822,False
Test year,-36.0,-22.426189752863564,False
Test year,27.0,7.603408370526836,False
Test year,126.0,105.24477841578778,False
Test year,209.0,107.23397186556286,False
Test year,466.0,288.2229002665544,False
Test year,226.0,377.2494699232152,False
Test year,235.0,256.0294688759167,False
Test year,90.0,41.502874492765216,False
Test year,-96.0,-85.4828497589022,False
Test year,-205.0,-267.8900829617929,False
Test year,-190.0,-281.9281898703159,False
Test year,-242.0,-315.75555843769587,False
Test year,-196.0,-143.8181501940149,False
Test year,102.0,-234.9622076254218,False
Test year,-115.0,27.298600559351257,False
Test year,-173.0,-27.66322516289057,False
Test year,-112.0,-36.53097432857828,False
Test year,4.0,-110.29653350572565,False
Test year,90.0,67.23766865032414,False
Test year,101.0,135.59646767979345,False
Test year,229.0,213.94608984738778,False
Test year,104.0,306.25595817131443,False
Test year,423.0,238.9307987347736,False
Test year,897.0,510.9406859043665,False
Test year,1151.0,760.019367867245,False
Test year,411.0,894.6382489490368,True
Test year,128.0,269.6681392505247,True
Test year,-18.0,185.284794932185,False
Test year,-108.0,-30.539644380421578,False
Test year,-206.0,-21.89780933195118,False
Test year,10.0,-278.54220602978967,False
Test year,-91.0,-120.66575240522869,False
Test year,-63.0,-141.52773972760957,False
Test year,-114.0,-153.56476515983306,False
Test year,-278.0,-191.32049986159473,False
Test year,-331.0,-270.0607162410418,False
Test year,-263.0,-268.01128243768096,False
Test year,-276.0,-273.7729941560534,False
Test year,-310.0,-209.27560712851988,False
Test year,-291.0,-258.9354242100021,False
Test year,-216.0,-253.2672098226452,False
Test year,-199.0,-194.31013337985058,False
Test year,-177.0,-187.13122985210907,False
Test year,-236.0,-190.89324629904547,False
Test year,-189.0,-193.94609134485506,False
Test year,-135.0,-192.46056575341282,False
Test year,-82.0,-112.34563592445204,False
Test year,-49.0,-72.59030767388057,False
Test year,28.0,-19.10265146417052,False
Test year,25.0,34.29135635728653,False
Test year,158.0,104.03705548226344,False
Test year,204.0,121.03294422835833,False
Test year,398.0,281.26537270449427,False
Test year,300.0,324.16144190456413,False
Test year,212.0,297.9903648916147,False
Test year,55.0,15.942443557579168,False
Test year,-43.0,-124.00204986710833,False
Test year,-307.0,-283.0612797169082,False
Test year,-303.0,-348.48500017954564,False
Test year,-278.0,-425.3730488385227,False
Test year,-159.0,-192.8856472086359,False
Test year,113.0,-168.66201125608217,False
Test year,-128.0,51.65723212492918,False
Test year,7.0,-54.04156616767173,False
Test year,108.0,76.49726360505227,False
Test year,190.0,121.09607716192866,False
Test year,474.0,168.85460281651598,False
Test year,57.0,444.6036510864485,False
Test year,438.0,112.63883348477918,False
Test year,351.0,451.3714125911427,False
Test year,385.0,384.64197362096695,False
Test year,706.0,478.92462893001453,False
Test year,735.0,649.7593093062217,False
Test year,818.0,654.6660385332656,False
Test year,753.0,598.8984298390603,False
Test year,352.0,474.1207074596541,False
Test year,240.0,61.51291202524868,False
Test year,221.0,41.88062340065534,False
Test year,-112.0,-176.2294262589269,False
Test year,-261.0,-271.6387008921118,False
Test year,-113.0,-323.09448163952084,False
Test year,-285.0,-306.5543107168222,False
Test year,-503.0,-361.8106743599586,False
Test year,-581.0,-466.70401372360925,False
Test year,-453.0,-483.7358297380001,False
Test year,-441.0,-471.51934494211025,False
Test year,-495.0,-368.62365209575046,False
Test year,-459.0,-408.97714149461916,False
Test year,-312.0,-394.74234163507913,False
Test year,-278.0,-295.6962144811311,False
Test year,-229.0,-258.5895827684763,False
Test year,-339.0,-245.07889032772266,False
Test year,-254.0,-256.2025875502796,False
Test year,-110.0,-247.73283023323773,False
Test year,-143.0,-123.1396965894931,False
Test year,-136.0,-104.32517691671154,False
Test year,-10.0,-68.06949238503842,False
Test year,-27.0,2.351315697240551,False
Test year,211.0,72.34831037292673,False
Test year,180.0,141.33796105286316,False
Test year,385.0,257.2576058024692,False
Test year,259.0,303.81712390933865,False
Test year,250.0,290.0639560494007,False
Test year,93.0,52.37290054348517,False
Test year,-59.0,-65.71355061616373,False
Test year,-162.0,-262.0531642799383,False
Test year,186.0,-179.0348704615925,False
Test year,4.0,-24.66407024460173,False
Test year,167.0,-29.383506711564735,False
Test year,68.0,-2.1960910103759943,False
Test year,-236.0,-121.20365460603966,False
Test year,-95.0,-192.5450707174977,False
Test year,-546.0,-182.55431012390704,False
Test year,-279.0,-429.65844817417195,False
Test year,55.0,-263.78750706242386,False
Test year,-289.0,44.43817271209545,False
Test year,-69.0,-55.054194771173684,False
Test year,167.0,24.740596225406875,False
Test year,411.0,208.40675523063305,False
Test year,229.0,388.5769404662701,False
Test year,164.0,270.98521898497546,False
Test year,122.0,297.9857332495131,False
Test year,152.0,213.72431488109225,False
Test year,181.0,289.47072027545187,False
Test year,-48.0,166.19690172967609,False
Test year,132.0,106.92359561878953,False
Test year,-63.0,-11.368031473469102,False
Test year,-44.0,-44.628532954351954,False
Test year,-96.0,-66.00621228743253,False
Test year,-182.0,-92.92982867332137,False
Test year,-175.0,-148.23443589122604,False
Test year,-299.0,-181.3423000215816,False
Test year,-125.0,-195.78633920450892,False
Test year,-177.0,-179.08519741770704,False
Test year,-191.0,-126.5309296437103,False
Test year,-385.0,-180.8933419786,False
Test year,-16.0,-254.5786100789819,False
Test year,24.0,-119.20289808377929,False
Test year,-179.0,-68.50879920502115,False
Test year,-153.0,-168.66468534139776,False
Test year,-172.0,-159.73115441299183,False
Test year,-79.0,-173.60921277755585,False
Test year,-104.0,-87.1669324074218,False
Test year,-51.0,-76.01126663651434,False
Test year,28.0,-21.033765220300097,False
Test year,33.0,35.064377475446946,False
Test year,118.0,108.99123936957977,False
Test year,208.0,100.29040484748424,False
Test year,340.0,285.25009483851784,False
Test year,307.0,290.9837007457256,False
Test year,269.0,336.7676401861536,False
Test year,122.0,173.88967707382287,False
Test year,23.0,13.585401630196486,False
Test year,-114.0,-110.19601877632914,False
Test year,-36.0,-160.96543666276187,False
Test year,-184.0,-222.28713514100116,False
Test year,-35.0,-140.72521996531208,False
Test year,-21.0,-135.83669704015017,False
Test year,-233.0,-111.21061546647093,False
Test year,-240.0,-162.9208718466976,False
Test year,-49.0,-186.5229624835454,False
Test year,-2.0,-53.19398003566147,False
Test year,57.0,-3.4558251901351014,False
Test year,50.0,25.718472280931735,False
Test year,-77.0,61.07696434148659,False
Test year,-87.0,-3.6333537032811023,False
Test year,24.0,38.22979569285002,False
Test year,202.0,173.02051834157086,False
Test year,171.0,270.7804345602998,False
Test year,206.0,321.99292800420227,False
Test year,232.0,266.4936743784467,False
Test year,228.0,342.7561219592303,False
Test year,102.0,189.5420440281789,False
Test year,142.0,165.9843628121614,False
Test year,20.0,-16.072727615241206,False
Test year,-25.0,-26.176602470897706,False
Test year,-18.0,-63.08256560145671,False
Test year,-57.0,-74.54099959666468,False
Test year,-141.0,-103.68324235845913,False
Test year,-180.0,-161.40832697216842,False
Test year,-10.0,-147.88877962847016,False
Test year,-107.0,-113.07175132095921,False
Test year,-113.0,-88.64929225481026,False
Test year,-167.0,-140.12720562458065,False
Test year,-137.0,-161.9425459407039,False
Test year,-154.0,-142.36468567785084,False
Test year,-162.0,-160.04232094643243,False
Test year,-198.0,-181.41024288123856,False
Test year,-187.0,-181.60196151578748,False
Test year,-150.0,-191.94003991088306,False
Test year,-66.0,-124.84815531883055,False
Test year,-91.0,-74.88260586936664,False
Test year,1.0,-43.14386662378891,False
Test year,-31.0,11.04886123682698,False
Test year,117.0,70.23991154840593,False
Test year,0.0,89.56851895505139,False
Test year,106.0,169.5669859334938,False
Test year,92.0,139.32524715386518,False
Test year,83.0,210.54546403358341,False
Test year,119.0,70.97488797077534,False
Test year,110.0,18.05435804686232,False
Test year,-13.0,-62.72590359483303,False
Test year,-107.0,-126.66306793878744,False
Test year,-266.0,-284.49060256011524,False
Test year,-76.0,-234.90249783335338,False
Test year,38.0,-154.37144091523265,False
Test year,-26.0,-40.2754600959434,False
Test year,-84.0,28.42080075089285,False
Test year,-232.0,-45.2184483386028,False
Test year,-349.0,-222.97382027921157,False
Test year,-377.0,-242.33551696585752,False
Test year,48.0,-222.29491527880154,False
Test year,70.0,10.952454355166196,False
Test year,110.0,143.43563219905175,False
Test year,148.0,198.00438815317142,False
Test year,244.0,285.55383621772364,False
Test year,284.0,323.4129266093418,False
Test year,173.0,413.8509334121612,False
Test year,345.0,269.7878701359315,False
Test year,364.0,428.1337492057742,False
Test year,279.0,283.54346056884197,False
Test year,269.0,263.93569220670895,False
Test year,154.0,56.20335312099252,False
Test year,-160.0,45.42145692454352,False
Test year,192.0,-107.99874145201119,False
Test year,-75.0,19.639369538930026,False
Test year,-114.0,-108.30002961446988,False
Test year,-168.0,-155.2045461260078,False
Test year,-22.0,-144.8615335474147,False
Test year,-73.0,-121.65172054253776,False
Test year,-75.0,-81.34824760230373,False
Test year,-200.0,-129.15116720373376,False
Test year,-39.0,-180.24972565027758,False
Test year,-255.0,-104.29584425336942,False
Test year,-161.0,-187.9612840546032,False
Test year,-184.0,-192.10783630424618,False
Test year,-163.0,-174.05742906847053,False
Test year,-145.0,-179.51857159232162,False
Test year,-90.0,-119.24773000221103,False
Test year,0.0,-83.96567656927226,False
Test year,-48.0,-5.7254427997775394,False
Test year,-40.0,-4.430443417733159,False
Test year,22.0,63.40292278700056,False
Test year,52.0,41.37562563345389,False
Test year,89.0,192.3158498019739,False
Test year,84.0,136.99304050052868,False
Test year,72.0,240.0951984077352,False
Test year,-32.0,30.13342508232401,False
Test year,121.0,-72.25774429314151,False
Test year,-41.0,-58.746366865021656,False
Test year,-155.0,-130.25100568895857,False
Test year,-247.0,-328.1145604826366,False
Test year,-104.0,-209.78309540798733,False
Test year,116.0,-171.0776714746501,False
Test year,-119.0,59.971751417738574,False
Test year,-239.0,-73.3616614091747,False
Test year,72.0,-141.25363582161964,False
Test year,-17.0,4.3058450873281515,False
Test year,-303.0,-27.466939087730623,False
Test year,-124.0,-165.78655580864938,False
Test year,109.0,-72.49599559170281,False
Test year,8.0,186.5566595271717,False
Test year,-177.0,140.7079384999014,False
Test year,249.0,106.3200755119623,False
Test year,199.0,329.2575532335741,False
Test year,483.0,373.92818169635456,False
Test year,644.0,498.1758474842646,False
Test year,465.0,641.2643965023806,False
Test year,345.0,342.48753907098103,False
Test year,303.0,303.02814011942644,False
Test year,98.0,68.62553079431427,False
Test year,23.0,10.076196810266197,False
Test year,24.0,-37.94850804384569,False
Test year,-61.0,-59.18796571328116,False
Test year,-144.0,-110.89047424479827,False
Test year,-253.0,-169.28494984868786,False
Test year,-112.0,-181.8009606825646,False
Test year,-95.0,-170.11258831394252,False
Test year,-100.0,-95.60743103280163,False
Test year,-146.0,-139.35165714735365,False
Test year,-124.0,-159.9133096862675,False
Test year,-155.0,-118.86072386663625,False
Test year,-157.0,-142.6675598968951,False
Test year,-188.0,-164.04930456237537,False
Test year,-85.0,-162.6358737350347,False
Test year,-109.0,-136.6045926183088,False
Test year,-88.0,-85.28069857211085,False
Test year,-47.0,-67.840664048278,False
Test year,-9.0,-14.585512675913805,False
Test year,60.0,21.63041588339334,False
Test year,172.0,123.66891932206462,False
Test year,203.0,136.41146325356289,False
Test year,429.0,288.9472030981842,False
Test year,252.0,361.1098574031542,False
Test year,238.0,297.2857112010135,False
Test year,35.0,78.23388582982005,False
Test year,-130.0,-109.4405749178303,False
Test year,-316.0,-284.2727232061244,False
Test year,-259.0,-283.38991495809984,False
Test year,-306.0,-378.8943639338052,False
Test year,-153.0,-161.57661076122702,False
Test year,24.0,-153.13382032651523,False
Test year,-411.0,-6.237759653727693,False
Test year,-209.0,-212.99187480761185,False
Test year,-117.0,20.082971112280575,False
Test year,-40.0,-73.72248927839337,False
Test year,-119.0,20.736583333899773,False
Test year,-101.0,12.01179418054187,False
Test year,4.0,91.69085511150257,False
Test year,-34.0,153.97764603704297,False
Test year,97.0,193.12804517787242,False
Test year,137.0,318.4363364438054,False
Test year,456.0,313.6594723885115,False
Test year,650.0,581.5780722892837,False
Test year,562.0,656.9598956429247,False
Test year,427.0,570.9917204440685,False
Test year,441.0,304.2402899727173,False
Test year,277.0,344.82744666921354,False
Test year,150.0,29.428041905058706,False
Test year,24.0,30.956925279983068,False
Test year,11.0,-40.70885020947378,False
Test year,-139.0,-73.6860173887691,False
Test year,-158.0,-147.74101473249465,False
Test year,-249.0,-184.76742805291798,False
Test year,-64.0,-183.02489763100988,False
Test year,-165.0,-150.98634011566116,False
Test year,-166.0,-118.58682306217915,False
Test year,-169.0,-169.51838941189317,False
Test year,-213.0,-171.27522422292566,False
Test year,-166.0,-159.67098356654787,False
Test year,-178.0,-160.1312311302197,False
Test year,-202.0,-175.1061180797774,False
Test year,-103.0,-171.1615189058166,False
Test year,-90.0,-145.93283891045417,False
Test year,-90.0,-78.8062753862585,False
Test year,-95.0,-66.36378801743726,False
Test year,39.0,-33.92635470155315,False
Test year,6.0,41.15114676975024,False
Test year,166.0,101.09907619053874,False
Test year,162.0,131.22925002689112,False
Test year,348.0,264.6490633739827,False
Test year,338.0,301.87685692012985,False
Test year,171.0,348.2922753397421,False
Test year,-42.0,-7.045886230822191,False
Test year,-261.0,-208.95329395764497,False
Test year,-427.0,-359.1872193825913,False
Test year,-377.0,-360.1860744172176,False
Test year,-421.0,-406.86258583195735,False
Test year,-412.0,-260.45056657032836,False
Test year,-95.0,-266.3943958049176,False
Test year,-285.0,-86.15660700705433,False
Test year,-262.0,-107.70214834860863,False
Test year,-109.0,-66.7804587687657,False
Test year,-24.0,-32.60047510460211,False
Test year,176.0,101.38717734384551,False
Test year,98.0,231.37080218728005,False
Test year,236.0,221.3795667732366,False
Test year,155.0,330.10653917858394,False
Test year,257.0,312.4312129524298,False
Test year,537.0,451.64802916536206,False
Test year,588.0,623.2515297992574,False
Test year,582.0,696.3833380675505,False
Test year,567.0,576.7301109613215,False
Test year,701.0,559.2829690493793,False
Test year,431.0,476.4401978873532,False
Test year,510.0,268.7652721294809,False
Test year,-20.0,127.4397008537643,False
Test year,-113.0,-110.0864774407653,False
Test year,-92.0,-139.35610398306292,False
Test year,-241.0,-163.80890424063224,False
Test year,-239.0,-222.19989516940888,False
Test year,-286.0,-254.25062802815955,False
Test year,-207.0,-229.92158251124084,False
Test year,-277.0,-231.67792129347248,False
Test year,-281.0,-189.48224734724454,False
Test year,-226.0,-238.18136930962515,False
Test year,-238.0,-215.91980530795303,False
Test year,-187.0,-185.24043913599007,False
Test year,-162.0,-179.24317944328067,False
Test year,-188.0,-178.01312803100535,False
Test year,-179.0,-169.62170777858296,False
Test year,-137.0,-179.05684034119457,False
Test year,-69.0,-109.76824672821522,False
Test year,-86.0,-65.62774080085833,False
Test year,-7.0,-31.871414912444124,False
Test year,29.0,17.313128364885642,False
Test year,193.0,106.39601074421478,False
Test year,197.0,144.2531958272811,False
Test year,394.0,280.5683910210578,False
Test year,284.0,329.1827292692449,False
Test year,301.0,322.47476657142704,False
Test year,63.0,111.48693181723075,False
Test year,-78.0,-108.15902387438649,False
Test year,-458.0,-292.02541870866867,False
Test year,-190.0,-469.138930560424,False
Test year,-192.0,-349.7943881823216,False
Test year,-61.0,-139.84692709329516,False
Test year,77.0,-107.66403808785512,False
Test year,-31.0,28.29869054803663,False
Test year,41.0,59.78781964284968,False
Test year,189.0,37.87360235189067,False
Test year,267.0,221.67346415356127,False
Test year,431.0,262.51236058475376,False
Test year,543.0,366.9142190614597,False
Test year,718.0,457.6012498301634,False
Test year,-71.0,509.93573008778856,False
Test year,-88.0,56.819426948590774,False
Test year,238.0,135.09797847213667,False
Test year,240.0,274.46550815969823,False
Test year,12.0,324.01441634964544,False
Test year,120.0,130.79934488211262,False
Test year,301.0,205.27221644934932,False
Test year,226.0,154.0683660575604,False
Test year,101.0,111.81615373739749,False
Test year,-176.0,-124.45260583592403,False
Test year,-154.0,-176.9395132408019,False
Test year,-117.0,-198.92690196521477,False
Test year,-204.0,-192.30914160238572,False
Test year,-291.0,-227.7717874223965,False
Test year,-330.0,-284.92103949364815,False
Test year,-215.0,-269.3471485472018,False
Test year,-262.0,-256.27756157207654,False
Test year,-232.0,-198.26331821972389,False
Test year,-239.0,-230.78048510444148,False
Test year,-200.0,-225.68356084767134,False
Test year,-219.0,-180.55168083815386,False
Test year,-190.0,-192.7587331182085,False
Test year,-206.0,-198.49035035173102,False
Test year,-203.0,-183.93899630031473,False
Test year,-158.0,-193.17869384283,False
Test year,-86.0,-122.55463039120059,False
Test year,-53.0,-75.82645004255272,False
Test year,26.0,-20.104926920789893,False
Test year,52.0,34.028971319474806,False
Test year,203.0,117.62058539726061,False
Test year,176.0,148.43432086187084,False
Test year,343.0,264.4105358144397,False
Test year,355.0,289.507714541461,False
Test year,279.0,371.48877072290946,False
Test year,67.0,124.54112723744231,False
Test year,1.0,-61.53244489048245,False
Test year,-184.0,-200.8675779538271,False
Test year,-147.0,-244.98611245326038,False
Test year,-307.0,-333.62714123493356,False
Test year,-327.0,-280.8084564958647,False
Test year,-213.0,-330.520150587736,False
Test year,-293.0,-272.7176979148228,False
Test year,-215.0,-180.91622148497396,False
Test year,-64.0,-81.41724552247362,False
Test year,80.0,11.02316705176031,False
Test year,170.0,154.82461840616918,False
Test year,197.0,170.82092571229032,False
Test year,107.0,254.36368754889423,False
Test year,227.0,202.59122673293786,False
Test year,328.0,336.16129370746813,False
Test year,591.0,477.88549021127324,False
Test year,625.0,607.9454047672846,False
Test year,747.0,634.0619582518702,False
Test year,539.0,588.3798821233052,False
Test year,520.0,429.3613903406346,False
Test year,215.0,230.67096326719235,False
Test year,69.0,87.63676425781102,False
Test year,-107.0,-166.19130759067605,False
Test year,-273.0,-173.09089990910923,False
Test year,-184.0,-264.8633670404847,False
Test year,-234.0,-255.47231847790658,False
Test year,-380.0,-264.16226561384485,False
Test year,-335.0,-336.6691612136662,False
Test year,-230.0,-301.8449244317702,False
Test year,-220.0,-275.90608346761496,False
Test year,-317.0,-198.15034317121842,False
Test year,-295.0,-267.37565038671835,False
Test year,-260.0,-269.361117177079,False
Test year,-187.0,-221.2180282837058,False
Test year,-229.0,-197.51554343045603,False
Test year,-238.0,-216.13732268819479,False
Test year,-214.0,-207.07321366611535,False
Test year,-141.0,-206.35829110333304,False
Test year,-87.0,-121.16119397925257,False
Test year,-80.0,-77.8245323865064,False
Test year,12.0,-34.52324059900798,False
Test year,47.0,22.537492444483945,False
Test year,169.0,111.46782030482325,False
Test year,133.0,124.66326202925165,False
Test year,395.0,236.72889185323726,False
Test year,294.0,321.9028459378718,False
Test year,366.0,337.710690023935,False
Test year,144.0,186.8327599831224,False
Test year,24.0,-27.394624281080667,False
Test year,-40.0,-165.27653889556882,False
Test year,50.0,-171.44388869584589,False
Test year,-241.0,-199.260792980845,False
Test year,-113.0,-243.11168267170382,False
Test year,46.0,-194.98742120917433,False
Test year,-124.0,-113.58211208892911,False
Test year,-128.0,-84.70388524596657,False
Test year,-305.0,-117.30440272492842,False
Test year,126.0,-232.70829157297683,False
Test year,40.0,116.83982169914617,False
Test year,11.0,19.5552097209802,False
Test year,42.0,82.16495579478493,False
Test year,163.0,111.31728588593307,False
Test year,-32.0,216.46496076187555,False
Test year,23.0,179.02713853738527,False
Test year,311.0,163.32659474908922,False
Test year,535.0,436.11436949670167,False
Test year,489.0,484.6244419690644,False
Test year,254.0,431.124511937548,False
Test year,196.0,132.33035980104648,False
Test year,144.0,144.51928376457542,False
Test year,3.0,-71.36726049701088,False
Test year,-68.0,-81.73160085207752,False
Test year,-75.0,-145.97629611021736,False
Test year,-130.0,-161.53460856859078,False
Test year,-253.0,-190.00868915326203,False
Test year,-223.0,-261.84252492846196,False
Test year,-134.0,-227.60340006899776,False
Test year,-216.0,-215.11440135228844,False
Test year,-219.0,-181.14738668252227,False
Test year,-279.0,-229.93502046480188,False
Test year,-226.0,-248.64650279878248,False
Test year,-245.0,-219.18790314465878,False
Test year,-193.0,-227.42619224797454,False
Test year,-280.0,-223.58300604679772,False
Test year,-138.0,-230.4276512413183,False
Test year,-179.0,-196.5517883295634,False
Test year,-90.0,-139.76633388624083,False
Test year,-113.0,-96.2139425970897,False
Test year,-68.0,-60.49074662898687,False
Test year,-28.0,-26.730734762564623,False
Test year,16.0,61.697907865053196,False
Test year,20.0,32.9019469976767,False
Test year,151.0,169.4115898109174,False
Test year,96.0,159.86912349938845,False
Test year,23.0,219.98083858901919,False
Test year,-18.0,-67.45281075259442,False
Test year,9.0,-192.00219976672827,False
Test year,-84.0,-244.81183043559577,False
Test year,-38.0,-230.11429534959802,False
Test year,-170.0,-280.1598311679745,False
Test year,-8.0,-141.32976388965733,False
Test year,125.0,-86.06378689453678,False
Test year,-40.0,21.525126376098513,False
Test year,12.0,11.480425626915547,False
Test year,135.0,29.873894480105605,False
Test year,188.0,107.27445083149911,False
Test year,237.0,164.37917804193518,False
Test year,304.0,238.41942521972175,False
Test year,706.0,318.8174394012269,False
Test year,794.0,592.3914301566729,False
Test year,567.0,555.324965715799,False
Test year,17.0,384.1398754164478,False
Test year,94.0,111.2656369209069,False
Test year,24.0,185.83778047042213,False
Test year,114.0,89.24016736911739,False
Test year,200.0,175.9876978638035,False
Test year,130.0,68.37092504360703,False
Test year,67.0,71.0871749490143,False
Test year,-95.0,-160.82858520934053,False
Test year,-167.0,-164.05293574020084,False
Test year,-114.0,-218.80836060988867,False
Test year,-197.0,-215.35280821579823,False
Test year,-362.0,-243.25368878882458,False
Test year,-285.0,-327.99232215344665,False
Test year,-202.0,-284.91445067275856,False
Test year,-256.0,-262.98556781663154,False
Test year,-240.0,-214.36758735487695,False
Test year,-284.0,-253.0797562649671,False
Test year,-239.0,-262.7347313810896,False
Test year,-215.0,-222.62114159475192,False
Test year,-234.0,-216.11510430571303,False
Test year,-163.0,-232.969013925068,False
Test year,-256.0,-190.9611514588418,False
Test year,-175.0,-224.72969670542966,False
Test year,-103.0,-152.62874965324897,False
Test year,-100.0,-99.80487309633492,False
Test year,-45.0,-55.29107761313384,False
Test year,-73.0,-14.777550509058017,False
Test year,24.0,45.64469240041086,False
Test year,43.0,35.7982074525967,False
Test year,134.0,183.39767893674832,False
Test year,75.0,155.87858590314886,False
Test year,-24.0,216.81040815078808,False
Test year,-7.0,-40.74857934133786,False
Test year,-8.0,-127.80216833071171,False
Test year,-46.0,-203.467063967593,False
Test year,-37.0,-184.05576144316208,False
Test year,-168.0,-218.9447136564389,False
Test year,-171.0,-238.5089036750238,False
Test year,51.0,-259.9826160562735,False
Test year,38.0,-31.85944539770307,False
Test year,90.0,62.05630028108362,False
Test year,147.0,58.12173705995559,False
Test year,217.0,144.38544626966382,False
Test year,229.0,218.2710280922102,False
Test year,431.0,225.10698605294363,False
Test year,408.0,390.69819142000915,False
Test year,423.0,361.654838555628,False
Test year,459.0,382.35315280364205,False
Test year,848.0,449.76088074260264,False
Test year,511.0,659.4164651961864,False
Test year,555.0,414.1703590285733,False
Test year,404.0,356.6421841400595,False
Test year,19.0,272.184987215713,False
Test year,-119.0,-58.18858876888038,False
Test year,-67.0,-64.88805577787281,False
Test year,-127.0,-246.6810617631878,False
Test year,-146.0,-210.22671622885576,False
Test year,-215.0,-254.6286664397279,False
Test year,-248.0,-272.6081836117695,False
Test year,-400.0,-294.2989914305511,False
Test year,-297.0,-368.4837444921453,False
Test year,-282.0,-315.6053679361132,False
Test year,-299.0,-310.58784124886665,False
Test year,-288.0,-255.22227143247744,False
Test year,-356.0,-288.46035297712274,False
Test year,-260.0,-304.06300092173774,False
Test year,-223.0,-236.74387043068072,False
Test year,-233.0,-214.68695921199998,False
Test year,-208.0,-225.19577649277647,False
Test year,-177.0,-199.23390876367785,False
Test year,-163.0,-190.85121190638034,False
Test year,-70.0,-127.64004316718405,False
Test year,-42.0,-75.83165919799697,False
Test year,38.0,-19.925608787962943,False
Test year,19.0,34.47717127675227,False
Test year,134.0,96.73140293675766,False
Test year,226.0,101.98956145028487,False
Test year,460.0,288.43446747407,False
Test year,426.0,366.30525538864964,False
Test year,361.0,431.8993404381182,False
Test year,181.0,197.17915827746833,False
Test year,15.0,-15.359464732945582,False
Test year,-154.0,-194.42771742138387,False
Test year,109.0,-296.18128908260417,False
Test year,49.0,-162.06273381613545,False
Test year,219.0,-6.324993727482649,False
Test year,50.0,37.630433018058284,False
Test year,-14.0,-208.16016439638753,False
Test year,-133.0,-20.375813496172157,False
Test year,-129.0,-149.99493225511696,False
Test year,-99.0,-270.2653520938346,False
Test year,89.0,-163.96403726539913,False
Test year,196.0,22.611263993457953,False
Test year,111.0,142.15841083018302,False
Test year,-3.0,91.3020600516515,False
Test year,-34.0,5.036956025669554,False
Test year,114.0,126.75353381702902,False
Test year,149.0,169.56893688503442,False
Test year,304.0,266.7885247838298,False
Test year,211.0,279.8564003802289,False
Test year,366.0,262.94115708459356,False
Test year,125.0,192.20364538302374,False
Test year,167.0,89.25068734630946,False
Test year,-128.0,-87.65266479749778,False
Test year,-123.0,-159.7568513349945,False
Test year,-193.0,-200.14303264156075,False
Test year,-208.0,-229.052837946828,False
Test year,-370.0,-244.62055501424084,False
Test year,-233.0,-322.45773857070856,False
Test year,-288.0,-259.4051926814203,False
Test year,-286.0,-277.880813821543,False
Test year,-295.0,-228.25098076710077,False
Test year,-235.0,-266.55679537078805,False
Test year,-271.0,-242.052288040044,False
Test year,-220.0,-213.07266123604268,False
Test year,-187.0,-209.1631163488584,False
Test year,-238.0,-202.3528469683826,False
Test year,-163.0,-199.6988178602615,False
Test year,-146.0,-185.8337395868029,False
Test year,-79.0,-115.96804335661113,False
Test year,-47.0,-74.5616605626744,False
Test year,19.0,-19.85281012457085,False
Test year,38.0,28.098413785717668,False
Test year,159.0,107.46001962342388,False
Test year,203.0,118.82992060713292,False
Test year,426.0,276.21073330614206,False
Test year,474.0,342.6561215950916,False
Test year,250.0,454.8811739204135,False
Test year,106.0,77.91523626042792,False
Test year,-20.0,-100.78461924145756,False
Test year,-90.0,-240.602317585289,False
Test year,-167.0,-227.66585113644348,False
Test year,-336.0,-353.1112365677932,False
Test year,-140.0,-347.8074308817547,False
Test year,28.0,-216.80627392124794,False
Test year,-293.0,-84.02857078012937,False
Test year,-153.0,-143.02176026933506,False
Test year,-106.0,-127.01674455653165,False
Test year,6.0,-20.34289460970146,False
Test year,84.0,64.8626045846807,False
Test year,104.0,107.8181125976119,False
Test year,275.0,220.86188854861,False
Test year,301.0,328.8284512664989,False
Test year,494.0,367.57577241634954,False
Test year,614.0,560.57702180454,False
Test year,541.0,583.7744515729814,False
Test year,632.0,545.484104528513,False
Test year,477.0,516.508820038672,False
Test year,514.0,367.5602693007761,False
Test year,353.0,211.2493546834031,False
Test year,107.0,116.7751025562267,False
Test year,-179.0,-204.35019848556175,False
Test year,-312.0,-228.7688042457123,False
Test year,-282.0,-318.33491824748586,False
Test year,-311.0,-332.48975725063804,False
Test year,-410.0,-330.4953604811266,False
Test year,-382.0,-383.8261708221813,False
Test year,-327.0,-346.6053071781504,False
Test year,-324.0,-339.0100516738719,False
Test year,-325.0,-266.50682440901363,False
Test year,-265.0,-298.927980599178,False
Test year,-367.0,-271.22296461202217,False
Test year,-253.0,-265.82088449049013,False
Test year,-225.0,-249.6275404996523,False
Test year,-278.0,-230.68767192041275,False
Test year,-198.0,-226.83049497974508,False
Test year,-156.0,-211.46833410134826,False
Test year,-65.0,-129.34515129428894,False
Test year,-72.0,-74.8092156850951,False
Test year,-31.0,-33.8667455454075,False
Test year,52.0,0.003816502510801456,False
Test year,165.0,107.63246764556138,False
Test year,173.0,118.39764238506868,False
Test year,382.0,254.24620283916954,False
Test year,343.0,306.9475486216588,False
Test year,257.0,363.439288949412,False
Test year,86.0,72.99734232925312,False
Test year,45.0,-115.81432973312684,False
Test year,-300.0,-209.4274442196661,False
Test year,-205.0,-373.58297908085854,False
Test year,-193.0,-370.03170083764377,False
Test year,89.0,-148.0597793071435,False
Test year,226.0,-2.148909090996625,False
Test year,-278.0,69.32582796932013,False
Test year,-497.0,-175.7621332643003,False
Test year,111.0,-352.25404793036745,False
Test year,338.0,113.39073673942102,False
Test year,590.0,294.9427722962294,False
Test year,506.0,452.0941234459435,False
Test year,116.0,335.81930938321085,False
Test year,-25.0,97.08035653725864,False
Test year,-65.0,62.65791506231466,False
Test year,300.0,134.61958697887115,False
Test year,497.0,288.7566557280069,False
Test year,275.0,451.8232472017182,False
Test year,198.0,230.27719102823403,False
Test year,202.0,231.43746932096622,False
Test year,62.0,90.81929748142693,False
Test year,-64.0,74.58732443472798,False
Test year,-242.0,-176.1538112179348,False
Test year,-162.0,-197.50762959112336,False
Test year,-168.0,-219.95039455488126,False
Test year,-241.0,-203.63569262645834,False
Test year,-242.0,-236.63357048760045,False
Test year,-288.0,-268.8025224933701,False
Test year,-174.0,-246.67758907847127,False
Test year,-253.0,-236.6705952488145,False
Test year,-281.0,-194.8814124419248,False
Test year,-216.0,-252.9651392410264,False
Test year,-196.0,-230.59897586679944,False
Test year,-232.0,-182.0284361386357,False
Test year,-196.0,-203.22127068630107,False
Test year,-51.0,-208.19993532555833,False
Test year,-253.0,-129.7520258114185,False
Test year,-201.0,-202.6957380150317,False
Test year,-63.0,-151.31033204282704,False
Test year,-94.0,-75.95103871685384,False
Test year,52.0,-38.99183156281251,False
Test year,39.0,39.61961160304514,False
Test year,148.0,108.40322959045068,False
Test year,180.0,111.69884476940263,False
Test year,393.0,262.1308214498516,False
Test year,323.0,319.55584182893324,False
Test year,299.0,360.6859901008779,False
Test year,122.0,158.81085345765175,False
Test year,34.0,-28.950127436078446,False
Test year,-81.0,-155.8619164737045,False
Test year,-52.0,-191.46492276072541,False
Test year,-176.0,-265.9695851457592,False
Test year,-160.0,-192.73996483347906,False
Test year,-24.0,-191.62084735328403,False
Test year,-115.0,-159.21055417336,False
Test year,-154.0,7.819741289768899,False
Test year,-214.0,-195.87156220408377,False
Test year,-45.0,-211.38750726381397,False
Test year,-207.0,-8.781608127671063,False
Test year,111.0,-178.82020492831214,False
Test year,216.0,179.68720474894252,False
Test year,264.0,220.50556256251014,False
Test year,187.0,256.6325220660611,False
Test year,293.0,277.3635757766246,False
Test year,185.0,314.056545591836,False
Test year,223.0,307.5871238320495,False
Test year,200.0,253.8934224821308,False
Test year,268.0,291.3297372961754,False
Test year,181.0,171.37752177248638,False
Test year,154.0,166.6481074498128,False
Test year,4.0,-44.7964861991444,False
Test year,-39.0,-70.01488462490943,False
Test year,-63.0,-127.99418918786034,False
Test year,-199.0,-140.48326480545134,False
Test year,-203.0,-199.63674463217967,False
Test year,-324.0,-236.09354165044599,False
Test year,-159.0,-240.7178057318401,False
Test year,-173.0,-223.05239485486192,False
Test year,-201.0,-150.25957859933487,False
Test year,-227.0,-201.724614017624,False
Test year,-212.0,-213.36088499919003,False
Test year,-179.0,-182.76832412137242,False
Test year,-176.0,-179.2010809308565,False
Test year,-216.0,-188.44806470525862,False
Test year,-192.0,-187.5273446992822,False
Test year,-120.0,-191.50082281066295,False
Test year,-66.0,-107.1683479794338,False
Test year,-53.0,-64.90598654745389,False
Test year,2.0,-19.804359372186752,False
Test year,58.0,21.633355022192205,False
Test year,88.0,118.0892400722579,False
Test year,196.0,83.50020438086219,False
Test year,374.0,274.8322980228198,False
Test year,383.0,311.72716780451145,False
Test year,278.0,407.49578304529376,False
Test year,174.0,169.8887196453336,False
Test year,61.0,12.122693798454861,False
Test year,-36.0,-102.77793813258808,False
Test year,-17.0,-139.50067333007013,False
Test year,-175.0,-248.82704736853415,False
Test year,39.0,-190.8771385358085,False
Test year,129.0,-60.967859500322504,False
Test year,-179.0,-46.58275730375061,False
Test year,-253.0,-160.79342589620592,False
Test year,-140.0,-252.0000564445,False
Test year,-24.0,-120.98579421768414,False
Test year,-11.0,-62.92014674762885,False
Test year,17.0,6.926351935815433,False
Test year,-191.0,45.926432386139595,False
Test year,-28.0,-102.27667737243661,False
Test year,-7.0,93.16481102092536,False
Test year,245.0,170.0229390179049,False
Test year,222.0,297.6352717462032,False
Test year,254.0,346.3044156248415,False
Test year,240.0,285.53275810634636,False
Test year,214.0,328.86870537297733,False
Test year,76.0,156.76681058753184,False
Test year,92.0,127.83595667909316,False
Test year,65.0,-62.44588140705417,False
Test year,-49.0,-15.807519188592664,False
Test year,-46.0,-107.23236586972834,False
Test year,-142.0,-111.22859010076081,False
Test year,-167.0,-154.99683076157035,False
Test year,-185.0,-195.93186307445256,False
Test year,-97.0,-169.03103104244093,False
Test year,-123.0,-164.75585069104176,False
Test year,-110.0,-114.48133696839125,False
Test year,-203.0,-153.49633618134425,False
Test year,-138.0,-188.21607314298979,False
Test year,-208.0,-158.16199034162878,False
Test year,-186.0,-189.3919152829746,False
Test year,-236.0,-204.33958054675628,False
Test year,-191.0,-204.06631572310044,False
Test year,-137.0,-202.45523242632487,False
Test year,-141.0,-122.95588169797037,False
Test year,-37.0,-106.09768900146241,False
Test year,-18.0,-28.935886571402563,False
Test year,25.0,4.788533818110437,False
Test year,39.0,92.55932067981806,False
Test year,34.0,50.288638665251824,False
Test year,157.0,180.54347083163134,False
Test year,103.0,168.51893029284457,False
Test year,123.0,235.74281158832946,False
Test year,3.0,80.41964468077987,False
Test year,63.0,-73.91629348868435,False
Test year,-50.0,-151.02752976287087,False
Test year,-171.0,-181.94114017654857,False
Test year,-317.0,-375.73565678887,False
Test year,-85.0,-260.1400184491687,False
Test year,-53.0,-151.9842190923611,False
Test year,-324.0,-91.62272223753234,False
Test year,-188.0,-149.17246974785797,False
Test year,46.0,-113.51167720368244,False
Test year,30.0,45.76791114253734,False
Test year,37.0,79.8247624059124,False
Test year,62.0,56.9422468840163,False
Test year,-47.0,126.9160423635575,False
Test year,12.0,75.6610191325392,False
Test year,-64.0,137.53190790162438,False
Test year,226.0,181.4450958240406,False
Test year,220.0,351.46531947016797,False
Test year,452.0,399.1759900144468,False
Test year,507.0,473.99572969972735,False
Test year,412.0,511.0869727622979,False
Test year,458.0,279.487125437708,False
Test year,356.0,336.000272799283,False
Test year,173.0,88.40237575177287,False
Test year,-48.0,41.716360810523554,False
Test year,-76.0,-115.16891957396061,False
Test year,-124.0,-128.3058560348147,False
Test year,-195.0,-155.29552391140754,False
Test year,-146.0,-209.69155621822046,False
Test year,-93.0,-162.85643947781182,False
Test year,-127.0,-164.52009790023556,False
Test year,-88.0,-121.88110248306512,False
Test year,-253.0,-151.93747055655115,False
Test year,-150.0,-211.9488599542803,False
Test year,-171.0,-165.84808748607134,False
Test year,-167.0,-172.7706731522744,False
Test year,-236.0,-189.40102000383837,False
Test year,-128.0,-199.6430628548004,False
Test year,-143.0,-176.5083108650225,False
Test year,-44.0,-117.44186940618664,False
Test year,-29.0,-66.78353012660534,False
Test year,-97.0,-17.43927932774318,False
Test year,-114.0,-28.301325755223644,False
Test year,103.0,27.43920461411585,False
Test year,57.0,74.48717215527108,False
Test year,80.0,195.5129412912458,False
Test year,96.0,131.39153636864643,False
Test year,66.0,257.1853399264974,False
Test year,72.0,88.69214312553243,False
Test year,154.0,7.838965097810728,False
Test year,31.0,-9.60431146713853,False
Test year,27.0,-70.01743066673271,False
Test year,-112.0,-170.8846473745635,False
Test year,-168.0,-163.73210351202613,False
Test year,55.0,-260.68656244837376,False
Test year,139.0,-32.86851437128155,False
Test year,-116.0,110.16274381507966,False
Test year,-262.0,-195.83932678727444,False
Test year,-252.0,-235.77715951965288,False
Test year,-223.0,-225.32004859530684,False
Test year,206.0,-105.7057939709228,False
Test year,258.0,193.88989448469724,False
Test year,193.0,231.77772441522188,False
Test year,28.0,207.11299125471203,False
Test year,-62.0,189.16291941291735,False
Test year,238.0,100.38275428051656,False
Test year,459.0,378.7352743326705,False
Test year,335.0,451.993665423386,False
Test year,397.0,392.5502954244524,False
Test year,246.0,291.4167348857769,False
Test year,173.0,232.74419720784368,False
Test year,120.0,-14.721273234075113,False
Test year,24.0,11.212152329647097,False
Test year,-43.0,-86.86674097153175,False
Test year,-127.0,-109.60356409562485,False
Test year,-207.0,-154.83212269377572,False
Test year,-215.0,-215.01464450379137,False
Test year,-86.0,-190.0435989139835,False
Test year,-159.0,-168.79796186245784,False
Test year,-160.0,-131.7951861677155,False
Test year,-239.0,-180.63531412073127,False
Test year,-138.0,-210.30387830733542,False
Test year,-153.0,-142.9832133213632,False
Test year,-109.0,-149.23116755811162,False
Test year,-197.0,-150.1907236125898,False
Test year,-109.0,-165.31447126728557,False
Test year,-164.0,-150.88273438156278,False
Test year,-33.0,-111.51346634350008,False
Test year,-33.0,-52.206921047690486,False
Test year,35.0,-6.299778211011926,False
Test year,10.0,41.07196847199526,False
Test year,221.0,99.9673183109582,False
Test year,185.0,160.95062434894328,False
Test year,414.0,274.170506133907,False
Test year,369.0,347.2027401320563,False
Test year,366.0,414.0416626807633,False
Test year,203.0,226.61294563342855,False
Test year,37.0,17.5999806036246,False
Test year,-71.0,-137.63794737034345,False
Test year,-64.0,-132.46806652433497,False
Test year,-115.0,-255.55685941494718,False
Test year,-88.0,-179.26488642877774,False
Test year,-36.0,-184.0428379407146,False
Test year,-105.0,-148.2376641609098,False
Test year,-175.0,-70.31977163794815,False
Test year,-72.0,-160.69958327740324,False
Test year,-87.0,-37.24221996484897,False
Test year,-196.0,-75.38772854091371,False
Test year,106.0,-153.66455129512542,False
Test year,93.0,137.59500680712142,False
Test year,179.0,163.53714899612092,False
Test year,329.0,216.4750106822297,False
Test year,416.0,375.1340531679956,False
Test year,548.0,390.58293477941555,False
Test year,376.0,516.2063211272085,False
Test year,217.0,325.3605067396636,False
Test year,136.0,273.5380142431295,False
Test year,6.0,87.78083622239404,False
Test year,10.0,68.68445907193149,False
Test year,-141.0,-133.9165485121954,False
Test year,-161.0,-148.6163185763001,False
Test year,-172.0,-201.66984815125227,False
Test year,-201.0,-185.2746184154546,False
Test year,-182.0,-204.42877228161993,False
Test year,-302.0,-222.15491939344452,False
Test year,-159.0,-223.90455013643265,False
Test year,-166.0,-213.14530503448617,False
Test year,-218.0,-141.5482166099223,False
Test year,-201.0,-201.18907716016503,False
Test year,-186.0,-199.74295736572043,False
Test year,-179.0,-161.82952503347917,False
Test year,-170.0,-169.17821345841836,False
Test year,-215.0,-180.38583646735435,False
Test year,-66.0,-180.58126014853121,False
Test year,-172.0,-137.48438190497336,False
Test year,-44.0,-112.16724484580399,False
Test year,-44.0,-58.78466738771402,False
Test year,5.0,-12.367259844837179,False
Test year,59.0,25.75172638021172,False
Test year,145.0,120.99204299783469,False
Test year,199.0,116.27705174692457,False
Test year,389.0,279.4408677641487,False
Test year,383.0,323.5961868031955,False
Test year,394.0,416.8225295871749,False
Test year,211.0,269.22636064047686,False
Test year,31.0,67.66358106428959,False
Test year,-74.0,-106.65366259858138,False
Test year,-100.0,-138.57198500616545,False
Test year,-237.0,-277.3541404853229,False
Test year,-48.0,-236.51192173675406,False
Test year,-111.0,-220.10380643507807,False
Test year,-51.0,-251.33966263184968,False
Test year,18.0,34.330866879488894,False
Test year,84.0,-78.10148522320964,False
Test year,55.0,46.747196021878096,False
Test year,-407.0,11.378847072361168,False
Test year,24.0,-312.14211639014036,False
Test year,24.0,31.583218719859076,False
Test year,292.0,32.02709527350373,False
Test year,-17.0,257.2099808102181,False
Test year,307.0,110.24772817194636,False
Test year,297.0,317.4389284429055,False
Test year,260.0,367.1559961043518,False
Test year,202.0,265.8322684540341,False
Test year,244.0,281.71701519809926,False
Test year,103.0,162.797405007728,False
Test year,116.0,126.56701552689663,False
Test year,20.0,-65.96654922792948,False
Test year,-114.0,-66.19402339354252,False
Test year,-66.0,-169.3017947421777,False
Test year,-180.0,-142.35256563830728,False
Test year,-238.0,-190.6077299866142,False
Test year,-224.0,-244.1548862362411,False
Test year,-173.0,-207.48330526391692,False
Test year,-179.0,-211.11675271173502,False
Test year,-228.0,-152.89104431499032,False
Test year,-218.0,-210.55277530791523,False
Test year,-187.0,-211.28917800224446,False
Test year,-189.0,-171.88973559864309,False
Test year,-205.0,-179.8860819615195,False
Test year,-184.0,-200.76008428049835,False
Test year,-87.0,-178.24938686139927,False
Test year,-163.0,-147.03423185255048,False
Test year,-159.0,-114.77607149292024,False
Test year,-87.0,-108.04018551397763,False
Test year,4.0,-43.39124929904489,False
Test year,53.0,19.65699393585868,False
Test year,172.0,115.51686596850888,False
Test year,168.0,128.9609582670807,False
Test year,413.0,258.92426264408516,False
Test year,377.0,338.52801186329384,False
Test year,376.0,406.76082177757775,False
Test year,241.0,234.24916374358872,False
Test year,74.0,63.196658020410894,False
Test year,-60.0,-123.32380639026667,False
Test year,4.0,-163.3491938191313,False
Test year,-154.0,-244.60218745348496,False
Test year,-145.0,-184.18085600028485,False
Test year,102.0,-261.9234232566884,False
Test year,-214.0,-59.85409396986262,False
Test year,-354.0,-151.60814071075356,False
Test year,-214.0,-412.44011072067406,False
Test year,-237.0,-150.175007493228,False
Test year,8.0,-189.56982965059893,False
Test year,-36.0,2.166512241223785,False
Test year,37.0,27.43132087866178,False
Test year,167.0,108.74321797664697,False
Test year,389.0,284.84331026741813,False
Test year,489.0,481.3793292414371,False
Test year,601.0,503.9657368273727,False
Test year,809.0,589.4872383641473,False
Test year,563.0,631.393788836276,False
Test year,362.0,420.5505280131331,False
Test year,-100.0,135.9160474737563,False
Test year,-150.0,-35.00719332144263,False
Test year,-228.0,-241.10371876911967,False
Test year,-145.0,-209.58581785449064,False
Test year,-164.0,-229.48628129674006,False
Test year,-167.0,-211.55610893343845,False
Test year,-292.0,-218.41195158945294,False
Test year,-316.0,-284.0505552492451,False
Test year,-239.0,-268.1287958178347,False
Test year,-247.0,-265.8969379447529,False
Test year,-268.0,-199.54214022505482,False
Test year,-234.0,-244.78934313725762,False
Test year,-212.0,-232.0719959595965,False
Test year,-188.0,-187.11185305675784,False
Test year,-225.0,-185.54124150035358,False
Test year,-194.0,-210.076138843477,False
Test year,-80.0,-186.20931420347102,False
Test year,-220.0,-146.46435662934482,False
Test year,-70.0,-136.4651926476258,False
Test year,-68.0,-79.59630235934583,False
Test year,-12.0,-27.230140836297096,False
Test year,75.0,13.799213284668411,False
Test year,223.0,125.23576924968984,False
Test year,118.0,158.6685866708588,False
Test year,421.0,229.27758837709246,False
Test year,346.0,340.9968353216316,False
Test year,377.0,384.0051981417804,False
Test year,156.0,208.96712499128597,False
Test year,-35.0,-50.3250692145258,False
Test year,-149.0,-211.21445554832127,False
Test year,-17.0,-238.44422769726884,False
Test year,-182.0,-266.5863778497074,False
Test year,-200.0,-219.84125820938522,False
Test year,123.0,-300.9884392170573,False
Test year,-180.0,-27.677686356400102,False
Test year,-142.0,-116.87963544665791,False
Test year,-212.0,-131.13736339629264,False
Test year,-259.0,-160.3223586806249,False
Test year,-41.0,-158.24356506625423,False
Test year,24.0,57.29520533707813,False
Test year,250.0,114.63861491672549,False
Test year,206.0,318.6048398528597,False
Test year,209.0,300.2741053689631,False
Test year,549.0,362.61065544622016,False
Test year,656.0,576.3083583651581,False
Test year,751.0,644.3971924482928,False
Test year,482.0,587.652497057037,False
Test year,427.0,399.0603412503832,False
Test year,351.0,177.26824689300776,False
Test year,194.0,142.60260535141708,False
Test year,-154.0,-123.17677796895197,False
Test year,-236.0,-194.50658026485212,False
Test year,-184.0,-294.9988440381253,False
Test year,-280.0,-267.9085213101481,False
Test year,-434.0,-296.3216255782092,False
Test year,-392.0,-378.3010507572771,False
Test year,-284.0,-346.4767562971597,False
Test year,-321.0,-317.5918867709727,False
Test year,-311.0,-250.74188623160433,False
Test year,-325.0,-286.98475359690013,False
Test year,-248.0,-283.54866210372217,False
Test year,-265.0,-226.0478927369723,False
Test year,-169.0,-227.7363744509978,False
Test year,-271.0,-206.95743669312213,False
Test year,-189.0,-213.7686829491583,False
Test year,-141.0,-204.63211178518776,False
Test year,-126.0,-120.12231084337753,False
Test year,-25.0,-95.39897403752747,False
Test year,-19.0,-16.8191904910515,False
Test year,34.0,10.588468205862,False
Test year,152.0,101.85091251117242,False
Test year,161.0,112.60847436152955,False
Test year,347.0,250.40995614625612,False
Test year,351.0,286.7127191243798,False
Test year,310.0,386.88269961216855,False
Test year,49.0,139.0389375067076,False
Test year,7.0,-142.50713445977715,False
Test year,-121.0,-249.16107545109324,False
Test year,-43.0,-235.1099061526301,False
Test year,-141.0,-289.546949860606,False
Test year,-65.0,-131.6279027684855,False
Test year,95.0,-185.53851473659202,False
Test year,-68.0,-55.4219399844296,False
Test year,-173.0,-17.52805095135426,False
Test year,-175.0,-141.53370148161054,False
Test year,-257.0,-70.28439070335298,False
Test year,130.0,-88.87544314282184,False
Test year,467.0,128.27068677471834,False
Test year,384.0,434.4238086355549,False
Test year,372.0,353.0984210166696,False
Test year,303.0,339.86422606706265,False
Test year,393.0,349.3254705187401,False
Test year,337.0,371.63766308709563,False
Test year,497.0,371.1085770670997,False
Test year,358.0,372.3707709139166,False
Test year,135.0,282.77808495851525,False
Test year,-11.0,21.952827516569812,False
Test year,-50.0,3.188327942396768,False
Test year,-217.0,-193.52905293566715,False
Test year,-230.0,-196.0125283879487,False
Test year,-203.0,-271.913237555441,False
Test year,-186.0,-236.35282331660363,False
Test year,-280.0,-233.19794603530374,False
Test year,-319.0,-287.407009757006,False
Test year,-159.0,-274.0794542394917,False
Test year,-158.0,-245.6201181877925,False
Test year,-257.0,-168.03969179222435,False
Test year,-267.0,-242.69739100247267,False
Test year,-306.0,-255.44770389422098,False
Test year,-208.0,-250.80527252259475,False
Test year,-218.0,-229.60190996752107,False
Test year,-238.0,-230.9475923228503,False
Test year,-201.0,-221.17656055935151,False
Test year,-112.0,-216.92535469695179,False
Test year,-99.0,-123.56153124483575,False
Test year,-70.0,-95.11565878069183,False
Test year,-55.0,-46.69156973075428,False
Test year,-44.0,-20.626046765096476,False
Test year,11.0,52.92271738457964,False
Test year,50.0,26.879396609649945,False
Test year,120.0,180.28078403317676,False
Test year,129.0,141.18460957134107,False
Test year,122.0,262.74052648081243,False
Test year,-5.0,86.59023887174092,False
Test year,78.0,-149.427515069834,False
Test year,-52.0,-172.58449223037107,False
Test year,-26.0,-211.53654254242355,False
Test year,-35.0,-255.19830156423848,False
Test year,54.0,-74.1989097468354,False
Test year,260.0,-85.34539608992571,False
Test year,37.0,107.56107925515016,False
Test year,-8.0,30.103781107716145,False
Test year,-138.0,-71.30146985063004,False
Test year,-162.0,-165.1843143045006,False
Test year,-54.0,-114.45307699286161,False
Test year,510.0,23.42156317488991,False
Test year,616.0,405.91528319597876,False
Test year,615.0,401.11129304881456,False
Test year,13.0,392.19158769871996,False
Test year,-157.0,109.47786916015815,False
Test year,72.0,5.456943591020149,False
Test year,249.0,198.53529536594846,False
Test year,146.0,239.34088887982955,False
Test year,195.0,231.7642210130801,False
Test year,-59.0,115.8309921965822,False
Test year,-58.0,40.91291702220883,False
Test year,-108.0,-159.10938061499456,False
Test year,-30.0,-131.0075243048492,False
Test year,-140.0,-150.3264742094337,False
Test year,-80.0,-168.45270745786593,False
Test year,-247.0,-164.5772950048522,False
Test year,-238.0,-246.27092831906475,False
Test year,-171.0,-223.99728037560584,False
Test year,-188.0,-222.86629758848778,False
Test year,-170.0,-167.11145093641892,False
Test year,-244.0,-202.44445430363294,False
Test year,-206.0,-227.02906368227872,False
Test year,-153.0,-194.31004507870216,False
Test year,-167.0,-180.41793442775963,False
Test year,-266.0,-194.51742448963103,False
Test year,-178.0,-216.96453631528868,False
Test year,-131.0,-205.5189230220638,False
Test year,-114.0,-122.1890495977895,False
Test year,-54.0,-97.68702618522428,False
Test year,-35.0,-36.29179377637928,False
Test year,-29.0,-6.210821258629807,False
Test year,5.0,65.31675484035577,False
Test year,-3.0,30.33879836520751,False
Test year,129.0,161.53847715688352,False
Test year,74.0,152.39406289487704,False
Test year,139.0,241.9231170426611,False
Test year,-61.0,102.07804114413219,False
Test year,6.0,-87.44680652587078,False
Test year,-81.0,-176.72127527478386,False
Test year,60.0,-184.7535396806864,False
Test year,-145.0,-184.3969163314628,False
Test year,-67.0,-135.11614070146254,False
Test year,-83.0,-184.3455328109635,False
Test year,-110.0,-156.62911588519728,False
Test year,202.0,50.230077690985524,False
Test year,149.0,146.52894903122134,False
Test year,-89.0,73.94322904217904,False
Test year,-47.0,-111.26935372863863,False
Test year,-132.0,-57.77038344743204,False
Test year,55.0,-55.29537702487062,False
Test year,262.0,93.51645990943001,False
Test year,214.0,245.6561077160431,False
Test year,233.0,280.56409132887063,False
Test year,160.0,272.2520910863038,False
Test year,144.0,300.9656475793364,False
Test year,253.0,208.37869114789055,False
Test year,280.0,344.89952204831667,False
Test year,185.0,214.0926397731697,False
Test year,194.0,200.3962790969855,False
Test year,29.0,7.5594735700505,False
Test year,-36.0,-32.94983289262359,False
Test year,-106.0,-116.21686910493901,False
Test year,-102.0,-128.60352514185286,False
Test year,-192.0,-141.99437444722253,False
Test year,-184.0,-201.0248176576481,False
Test year,-142.0,-171.74704544237488,False
Test year,-130.0,-182.14943898815272,False
Test year,-153.0,-121.42076678370262,False
Test year,-185.0,-171.0362354728773,False
Test year,-143.0,-186.677719804697,False
Test year,-158.0,-135.7554211016664,False
Test year,-93.0,-150.45276300444232,False
Test year,-208.0,-143.3003295420835,False
Test year,-178.0,-167.32973431151646,False
Test year,-59.0,-178.640763529914,False
Test year,-66.0,-75.65028396416312,False
Test year,-16.0,-55.696718424253504,False
Test year,30.0,-0.3771494333339547,False
Test year,17.0,40.44716117500039,False
Test year,181.0,103.76202281228484,False
Test year,184.0,138.5295752781927,False
Test year,381.0,275.73647223762725,False
Test year,416.0,326.8628884118561,False
Test year,312.0,456.02567537883147,False
Test year,194.0,205.69836170900598,False
Test year,-5.0,39.01486191071916,False
Test year,-134.0,-157.73772570076437,False
Test year,-152.0,-198.1622303515158,False
Test year,33.0,-278.8392869528841,False
Test year,56.0,-14.887034170552738,False
Test year,34.0,-49.512557967538726,False
Test year,-171.0,-148.59054187353354,False
Test year,-236.0,-58.73877904297717,False
Test year,-115.0,-246.93971602088885,False
Test year,-146.0,-87.71232256646252,False
Test year,-70.0,-76.31411398739289,False
Test year,-144.0,-104.05413097194722,False
Test year,-9.0,-41.592514534831025,False
Test year,43.0,95.13775280468161,False
Test year,-139.0,138.58175700494377,False
Test year,105.0,97.35180315176959,False
Test year,342.0,229.1813904064819,False
Test year,352.0,448.4085292901984,False
Test year,341.0,373.55230151196065,False
Test year,406.0,405.9663458831477,False
Test year,233.0,291.8462978177162,False
Test year,221.0,217.37424954953025,False
Test year,74.0,19.44845294360175,False
Test year,-107.0,-11.499542352643857,False
Test year,-171.0,-150.16679545143114,False
Test year,-130.0,-158.3852867499365,False
Test year,-228.0,-157.5406565569457,False
Test year,-232.0,-212.5950448468962,False
Test year,-106.0,-187.8109447379286,False
Test year,-148.0,-166.74269198221384,False
Test year,-157.0,-116.51705314002785,False
Test year,-213.0,-165.17937843843305,False
Test year,-163.0,-187.56487882149827,False
Test year,-119.0,-146.6529923346717,False
Test year,-177.0,-136.50462177690463,False
Test year,-180.0,-171.31459099935,False
Test year,-211.0,-163.92683785207464,False
Test year,-94.0,-186.34762079987314,False
Test year,-80.0,-93.04258798402742,False
Test year,-73.0,-62.7969467221603,False
Test year,-4.0,-24.31550920930289,False
Test year,47.0,22.703369893914385,False
Test year,215.0,118.17457246871805,False
Test year,169.0,161.47308214104095,False
Test year,424.0,267.5212665348648,False
Test year,418.0,356.5066310264397,False
Test year,415.0,450.324755822969,False
Test year,76.0,253.66663569796182,False
Test year,-134.0,-99.808925604058,False
Test year,-311.0,-242.46323339953415,False
Test year,-264.0,-305.2741566998112,False
Test year,-424.0,-465.13276605291077,False
Test year,-197.0,-311.84336179826323,False
Test year,103.0,-205.52480275093114,False
Test year,-47.0,65.83461570302353,False
Test year,-106.0,30.949547264734235,False
Test year,-119.0,-79.17253071508509,False
Test year,100.0,-70.71985715169188,False
Test year,39.0,129.51242864200236,False
Test year,37.0,114.11557923413193,False
Test year,29.0,121.9947224766646,False
Test year,-18.0,171.5919609340795,False
Test year,-32.0,148.77758080117098,False
Test year,115.0,208.5738596703577,False
Test year,470.0,308.0270777912125,False
Test year,405.0,577.2789343007029,False
Test year,512.0,411.85626820915076,False
Test year,499.0,513.7946938913128,False
Test year,413.0,315.2116691929062,False
Test year,296.0,277.45246894131975,False
Test year,-38.0,25.781093412343466,False
Test year,-86.0,-72.96473200848146,False
Test year,-142.0,-168.26847371962688,False
Test year,-218.0,-164.0889281011564,False
Test year,-287.0,-204.6948727674506,False
Test year,-319.0,-258.7545144890354,False
Test year,-210.0,-239.31047678155062,False
Test year,-193.0,-228.2924125690676,False
Test year,-201.0,-150.33041204646372,False
Test year,-241.0,-190.56776826494308,False
Test year,-189.0,-205.35963650198693,False
Test year,-178.0,-165.92981382936867,False
Test year,-185.0,-167.1293893609038,False
Test year,-184.0,-184.2275520363184,False
Test year,-140.0,-169.58219920183274,False
Test year,-152.0,-162.19688011089522,False
Test year,-115.0,-110.56822315591904,False
Test year,-75.0,-85.45659588764602,False
Test year,-22.0,-30.703449990130025,False
Test year,57.0,12.099734231419035,False
Test year,161.0,119.68961672208403,False
Test year,163.0,127.52321715306422,False
Test year,396.0,262.159583860971,False
Test year,370.0,334.9514563039579,False
Test year,275.0,417.8482479110084,False
Test year,49.0,140.72424083431363,False
Test year,-173.0,-139.76211282573297,False
Test year,-305.0,-331.28694478300434,False
Test year,-294.0,-348.8569203950591,False
Test year,-384.0,-421.81425306797075,False
Test year,-270.0,-271.4532089307466,False
Test year,-37.0,-250.58497145151665,False
Test year,-248.0,-65.18483508113431,False
Test year,-233.0,-78.16736246606658,False
Test year,-136.0,-67.97681215102,False
Test year,6.0,-0.5403758667027603,False
Test year,123.0,78.14098762485389,False
Test year,236.0,203.02332170747906,False
Test year,338.0,314.55691333673957,False
Test year,359.0,391.55959029254007,False
Test year,361.0,432.30623307107976,False
Test year,679.0,500.47129199054484,False
Test year,632.0,686.9581307082785,False
Test year,735.0,660.3018467166978,False
Test year,683.0,588.6725229747846,False
Test year,546.0,552.9522923003357,False
Test year,218.0,255.4746574650643,False
Test year,144.0,75.66902114755487,False
Test year,-164.0,-117.37083838726215,False
Test year,-278.0,-175.55127644022582,False
Test year,-235.0,-300.0355498323223,False
Test year,-247.0,-262.6932652990947,False
Test year,-358.0,-264.6611389370246,False
Test year,-377.0,-322.3909897992717,False
Test year,-302.0,-302.7506298372383,False
Test year,-265.0,-298.86684442503724,False
Test year,-259.0,-213.09315361288617,False
Test year,-319.0,-240.7619567984156,False
Test year,-197.0,-257.00952098132353,False
Test year,-193.0,-189.99821443890193,False
Test year,-221.0,-180.3148182251258,False
Test year,-272.0,-204.71667392534124,False
Test year,-188.0,-210.68337827705926,False
Test year,-105.0,-195.16304069483311,False
Test year,-54.0,-98.13356507746073,False
Test year,-77.0,-56.30912735719491,False
Test year,-4.0,-27.132106356353347,False
Test year,-17.0,19.311607396312155,False
Test year,132.0,85.62772835740674,False
Test year,220.0,107.23933294919286,False
Test year,364.0,294.3647156987685,False
Test year,344.0,309.60706200433253,False
Test year,321.0,398.0685318377369,False
Test year,-60.0,175.77086996346293,False
Test year,-163.0,-206.4165906449124,False
Test year,-312.0,-336.9477796606742,False
Test year,-344.0,-339.6804591006651,False
Test year,-313.0,-428.704621020029,False
Test year,-280.0,-250.75331186852537,False
Test year,-98.0,-228.71357170959925,False
Test year,-188.0,-89.48797235201914,False
Test year,-243.0,-32.87406186368668,False
Test year,-142.0,-68.99335163293608,False
Test year,-86.0,-11.9079207346295,False
Test year,1.0,67.61524804057836,False
Test year,59.0,127.60176010230018,False
Test year,74.0,199.73881434310977,False
Test year,109.0,201.90128761203505,False
Test year,152.0,287.93434573492976,False
Test year,424.0,372.2152941309324,False
Test year,450.0,484.28172171375206,False
Test year,572.0,535.8465841390275,False
Test year,556.0,525.3790463081536,False
Test year,601.0,519.4048377100809,False
Test year,280.0,375.6088538001625,False
Test year,154.0,209.01272427461686,False
Test year,11.0,-21.007858528493557,False
Test year,-108.0,-44.43106994119634,False
Test year,-60.0,-165.62539533308382,False
Test year,-317.0,-121.35579353784067,False
Test year,-159.0,-225.04453922847313,False
Test year,-237.0,-221.54157701253774,False
Test year,-152.0,-190.3709698929258,False
Test year,-151.0,-194.67224667991485,False
Test year,-174.0,-130.87039480888,False
Test year,-285.0,-180.04217387295319,False
Test year,-178.0,-222.7077866294453,False
Test year,-162.0,-170.64491417384664,False
Test year,-171.0,-161.18396881613523,False
Test year,-247.0,-178.30877774359834,False
Test year,-135.0,-192.3601693356345,False
Test year,-147.0,-168.8499267306825,False
Test year,-109.0,-107.61672235638008,False
Test year,-58.0,-81.97233731089756,False
Test year,8.0,-22.392769463519528,False
Test year,39.0,27.37719697674268,False
Test year,168.0,113.02550997282856,False
Test year,174.0,131.23994141607616,False
Test year,373.0,268.3417998707729,False
Test year,397.0,318.1589401491832,False
Test year,346.0,443.7196385432582,False
Test year,68.0,232.2122337538515,False
Test year,-27.0,-28.802172290684155,False
Test year,-206.0,-183.2511289438172,False
Test year,-159.0,-212.32766757166405,False
Test year,-272.0,-312.90813782232834,False
Test year,-304.0,-201.44457452351304,False
Test year,94.0,-345.6175233410468,False
Test year,-86.0,52.987549703875544,False
Test year,-257.0,-55.05826263566297,False
Test year,-573.0,-190.57551369178537,False
Test year,-227.0,-420.19404440175276,False
Test year,41.0,-135.50024667748914,False
Test year,-248.0,85.10547453896555,False
Test year,-255.0,-68.03153153247229,False
Test year,12.0,-58.17292369505287,False
Test year,161.0,188.74092407872843,False
Test year,302.0,331.5507726445141,False
Test year,300.0,389.75312247572936,False
Test year,508.0,443.50228860581626,False
Test year,510.0,503.7894743148828,False
Test year,461.0,516.587054166563,False
Test year,207.0,332.8096353307554,False
Test year,215.0,223.92742546152851,False
Test year,67.0,44.3935070421046,False
Test year,-71.0,10.004757998142395,False
Test year,-74.0,-119.03955738402752,False
Test year,-94.0,-93.83318320550359,False
Test year,-195.0,-116.17797677742757,False
Test year,-205.0,-181.94617944411374,False
Test year,-47.0,-160.67510473630347,False
Test year,-93.0,-128.365782314932,False
Test year,-149.0,-81.81868837614434,False
Test year,-149.0,-149.93565136612608,False
Test year,-188.0,-156.49239635847408,False
Test year,-114.0,-157.53082372647526,False
Test year,-178.0,-147.12335933101636,False
Test year,-172.0,-181.2417954260659,False
Test year,-174.0,-171.5277822613849,False
Test year,-103.0,-182.55402508812972,False
Test year,-67.0,-103.77270463608994,False
Test year,-28.0,-70.28920419398406,False
Test year,-45.0,-16.449716270883414,False
Test year,-11.0,-4.734950362809826,False
Test year,77.0,76.35794438755147,False
Test year,46.0,69.76390447860007,False
Test year,185.0,190.5000973145248,False
Test year,132.0,189.31361777228668,False
Test year,136.0,277.7062268190351,False
Test year,-19.0,97.30587959052349,False
Test year,-179.0,-145.22377066396257,False
Test year,-293.0,-313.5254954446232,False
Test year,-333.0,-363.8200521002751,False
Test year,-398.0,-427.11000896632504,False
Test year,-334.0,-277.31730972957297,False
Test year,-129.0,-281.3352304921921,False
Test year,-84.0,-58.04275554407974,False
Test year,-114.0,17.787644638740232,False
Test year,-149.0,-22.311816454180473,False
Test year,-85.0,-93.26655630057417,False
Test year,-167.0,26.947002421223885,False
Test year,-68.0,-88.06639666696441,False
Test year,-5.0,81.65269202347503,False
Test year,35.0,131.55565236358387,False
Test year,279.0,207.53708679802196,False
Test year,407.0,419.6116508615922,False
Test year,409.0,472.68746933792136,False
Test year,507.0,521.7818151405814,False
Test year,467.0,516.7609193814498,False
Test year,823.0,486.55638442702667,False
Test year,376.0,579.8474581621768,False
Test year,274.0,287.08607251188647,False
Test year,121.0,68.53875128785853,False
Test year,-9.0,42.021402062139884,False
Test year,-61.0,-96.97608646240172,False
Test year,-148.0,-90.57393670734885,False
Test year,-157.0,-141.31724231820905,False
Test year,-160.0,-177.23232906319316,False
Test year,-77.0,-144.1531048653917,False
Test year,-102.0,-141.02202516107678,False
Test year,-146.0,-93.44147838268321,False
Test year,-167.0,-155.59554097384193,False
Test year,-136.0,-170.13006280674324,False
Test year,-140.0,-135.40685221259326,False
Test year,-128.0,-148.38757048828785,False
Test year,-181.0,-161.86610894605786,False
Test year,-146.0,-168.32269926890268,False
Test year,-126.0,-172.06724217395293,False
Test year,-68.0,-109.83425093693342,False
Test year,-61.0,-73.1532454817266,False
Test year,-59.0,-31.13645853199921,False
Test year,-29.0,-13.43672817398695,False
Test year,59.0,66.86406053285992,False
Test year,31.0,59.57114933477439,False
Test year,74.0,183.24250907813882,False
Test year,84.0,129.84485912204843,False
Test year,87.0,254.11096557622295,False
Test year,-9.0,66.63501889275165,False
Test year,-163.0,-156.46209724421192,False
Test year,-311.0,-316.2790775366132,False
Test year,-280.0,-346.3907113152489,False
Test year,-383.0,-407.5633857357175,False
Test year,-355.0,-266.09609266632356,False
Test year,-182.0,-305.54552786367196,False
Test year,-431.0,-142.25446724216687,False
Test year,-331.0,-208.40590969722794,False
Test year,-132.0,-195.10625573890488,False
Test year,-74.0,-72.69982522331264,False
Test year,-37.0,-1.4623397055960936,False
Test year,53.0,46.72603806292972,False
Test year,162.0,148.38077523604994,False
Test year,313.0,234.18627582726026,False
Test year,379.0,380.4631928808883,False
Test year,558.0,497.92132796865826,False
Test year,543.0,599.7194585229262,False
Test year,719.0,624.9432325752203,False
Test year,794.0,658.3736126800522,False
Test year,764.0,716.2568449026912,False
Test year,603.0,503.9924240626895,False
Test year,307.0,415.53140604763735,False
Test year,29.0,52.37485319086045,False
Test year,-29.0,-29.90398007147209,False
Test year,-137.0,-134.3921973077733,False
Test year,-167.0,-142.51928626537858,False
Test year,-227.0,-174.32689882154898,False
Test year,-296.0,-222.3759118212934,False
Test year,-121.0,-216.7750542475821,False
Test year,-146.0,-187.894864855682,False
Test year,-181.0,-122.40585229545931,False
Test year,-246.0,-179.73636071269033,False
Test year,-136.0,-208.7900484091423,False
Test year,-164.0,-137.17063824633948,False
Test year,-178.0,-148.0672865967283,False
Test year,-189.0,-173.89431775967233,False
Test year,-143.0,-166.06836700269434,False
Test year,-110.0,-160.61090951637607,False
Test year,-33.0,-91.59434685538378,False
Test year,-20.0,-45.15487078654121,False
Test year,-294.0,0.4821078268884662,False
Test year,148.0,-92.38336425062482,False
Test year,314.0,138.28858131962917,False
Test year,187.0,228.1684030023806,False
Test year,402.0,277.51899531938454,False
Test year,379.0,344.39527431300706,False
Test year,270.0,437.46760895276265,False
Test year,-2.0,188.57364097592674,False
Test year,-106.0,-187.21157446745883,False
Test year,-322.0,-268.1697594157102,False
Test year,-207.0,-328.6511484556175,False
Test year,-405.0,-371.08180000880515,False
Test year,-304.0,-267.2977592670677,False
Test year,7.0,-268.7848834664108,False
Test year,-233.0,-28.024267637427783,False
Test year,-217.0,-83.16238269483347,False
Test year,-128.0,-87.6699443653772,False
Test year,38.0,-27.39723542657518,False
Test year,56.0,115.16795290888342,False
Test year,75.0,101.78611958302173,False
Test year,434.0,174.6036382618538,False
Test year,689.0,434.1825485811581,False
Test year,419.0,587.3211006669079,False
Test year,579.0,451.8769671969108,False
Test year,345.0,516.9960549523348,False
Test year,459.0,386.08716358118204,False
Test year,292.0,389.1514365765641,False
Test year,277.0,334.1097859763114,False
Test year,47.0,181.36009889667469,False
Test year,61.0,105.91899490731686,False
Test year,-78.0,-87.76949867597415,False
Test year,-148.0,-116.19674517591636,False
Test year,-142.0,-199.03889100205635,False
Test year,-229.0,-161.5903907077053,False
Test year,-248.0,-205.9893945216865,False
Test year,-213.0,-243.95541346579392,False
Test year,-187.0,-194.1937490747215,False
Test year,-138.0,-204.40838084706002,False
Test year,-185.0,-129.157233805435,False
Test year,-253.0,-181.52022938013738,False
Test year,-162.0,-210.8573642492953,False
Test year,-177.0,-156.21695455486673,False
Test year,-191.0,-162.12464609579314,False
Test year,-209.0,-184.94490616585642,False
Test year,-165.0,-178.23480841846634,False
Test year,-131.0,-173.4674853183315,False
Test year,-23.0,-103.05926610500768,False
Test year,-75.0,-43.10480372685015,False
Test year,-15.0,-22.258664195965082,False
Test year,42.0,16.260016501229984,False
Test year,154.0,113.9805788228669,False
Test year,224.0,124.21158720168279,False
Test year,367.0,299.0833962243894,False
Test year,394.0,314.0901403458069,False
Test year,366.0,445.578181601594,False
Test year,164.0,294.8725750106062,False
Test year,-73.0,-8.265007880042106,False
Test year,-131.0,-196.97735379118853,False
Test year,16.0,-167.0449580217874,False
Test year,-40.0,-156.433687496846,False
Test year,-108.0,-82.87179413344973,False
Test year,118.0,-245.7968042751598,False
Test year,-303.0,-59.27382687785777,False
Test year,-450.0,-262.90755830087227,False
Test year,-275.0,-423.9013670326132,False
Test year,92.0,-217.08434831354634,False
Test year,147.0,171.15246472786706,False
Test year,270.0,133.4504636339405,False
Test year,168.0,238.14151025151943,False
Test year,194.0,155.01530448865236,False
Test year,280.0,220.859981160902,False
Test year,250.0,335.58664415769846,False
Test year,346.0,282.4049330383216,False
Test year,410.0,380.6957270624456,False
Test year,137.0,360.28942050001916,False
Test year,285.0,234.97453747331463,False
Test year,13.0,181.76431229033238,False
Test year,89.0,85.70006078271808,False
Test year,-9.0,-79.84011864072926,False
Test year,-126.0,-96.12449256175378,False
Test year,-122.0,-193.55722883757397,False
Test year,-197.0,-160.95559559154702,False
Test year,-238.0,-202.47286479494318,False
Test year,-250.0,-246.83166964087064,False
Test year,-173.0,-217.016961825259,False
Test year,-186.0,-214.34974141575407,False
Test year,-196.0,-154.76765584443604,False
Test year,-217.0,-199.0784089145938,False
Test year,-182.0,-206.24955591027225,False
Test year,-221.0,-169.75554129601676,False
Test year,-163.0,-190.98845207275542,False
Test year,-205.0,-188.54632010161646,False
Test year,-197.0,-180.82151038653785,False
Test year,-135.0,-191.684807292424,False
Test year,-141.0,-114.01581092160387,False
Test year,-51.0,-96.72779234073386,False
Test year,-25.0,-25.613865187338774,False
Test year,19.0,10.25750462510888,False
Test year,143.0,98.93835462380648,False
Test year,213.0,112.97912201086763,False
Test year,383.0,287.52465022693485,False
Test year,408.0,319.88066069608396,False
Test year,405.0,445.70077664265415,False
Test year,207.0,298.95756147619676,False
Test year,-1.0,48.545683814653955,False
Test year,-84.0,-150.52401027080765,False
Test year,-26.0,-121.17469911120503,False
Test year,-211.0,-242.54606084636941,False
Test year,-111.0,-190.93884641493423,False
Test year,72.0,-206.32349329768667,False
Test year,-237.0,-71.5900970111581,False
Test year,-166.0,-220.29527605397905,False
Test year,-23.0,-174.34229762080372,False
Test year,-210.0,-39.31102424210869,False
Test year,-126.0,-206.21084706384795,False
Test year,105.0,-101.04866213891094,False
Test year,145.0,123.93779548501152,False
Test year,-96.0,136.37049735755443,False
Test year,-51.0,15.05886122267026,False
Test year,242.0,143.20534998065068,False
Test year,213.0,285.44046703536617,False
Test year,369.0,333.7802058229141,False
Test year,369.0,364.34085125401634,False
Test year,331.0,406.88523634913145,False
Test year,135.0,234.42469927744185,False
Test year,102.0,168.96109443781785,False
Test year,-86.0,-50.443612751471164,False
Test year,-126.0,-111.62345801416231,False
Test year,-113.0,-176.5287965880037,False
Test year,-159.0,-136.6444193543648,False
Test year,-215.0,-168.7164267889039,False
Test year,-248.0,-217.46603696694285,False
Test year,-135.0,-198.70354474415151,False
Test year,-131.0,-186.9207896953779,False
Test year,-138.0,-119.08904733681595,False
Test year,-181.0,-162.80989661279034,False
Test year,-152.0,-180.48847414435386,False
Test year,-147.0,-145.50148321455896,False
Test year,-136.0,-152.79062496340583,False
Test year,-212.0,-164.03300074417075,False
Test year,-194.0,-176.6300773618226,False
Test year,-111.0,-187.89546970279525,False
Test year,-81.0,-100.81334068161328,False
Test year,-48.0,-67.27434174345359,False
Test year,6.0,-16.215541672975917,False
Test year,73.0,26.660297461942463,False
Test year,170.0,128.8609941853168,False
Test year,170.0,132.10040093721202,False
Test year,372.0,264.05826385568514,False
Test year,410.0,314.37885772719875,False
Test year,411.0,451.2697484600288,False
Test year,242.0,324.66358576846244,False
Test year,167.0,103.93162210205242,False
Test year,16.0,4.394258473345417,False
Test year,25.0,-47.04049898289611,False
Test year,-117.0,-182.3467315265351,False
Test year,-90.0,-159.02792427538282,False
Test year,170.0,-213.25889887494245,False
Test year,-130.0,-58.68577578059126,False
Test year,-349.0,-179.79293371970698,False
Test year,-130.0,-322.5478678658489,False
Test year,-29.0,-163.2894767062263,False
Test year,-178.0,-78.58305889844678,False
Test year,-195.0,-139.3333028253515,False
Test year,-124.0,-93.33756844438818,False
Test year,62.0,-53.200549306120934,False
Test year,5.0,92.79361542401938,False
Test year,295.0,182.0572473759035,False
Test year,209.0,324.0679541166744,False
Test year,283.0,330.9596943305192,False
Test year,256.0,303.6644833183252,False
Test year,448.0,336.1486223769669,False
Test year,36.0,316.58714727952645,False
Test year,85.0,111.0487091994344,False
Test year,-16.0,-57.245696589142426,False
Test year,-54.0,-80.38697135207818,False
Test year,-118.0,-145.49447802517298,False
Test year,-154.0,-134.93159734548496,False
Test year,-261.0,-168.96290248556363,False
Test year,-273.0,-234.2101150043893,False
Test year,-60.0,-213.3238638727242,False
Test year,-144.0,-160.0934039116076,False
Test year,-124.0,-117.12793380594564,False
Test year,-215.0,-158.18159044461567,False
Test year,-181.0,-190.89827707406567,False
Test year,-149.0,-161.43546453266868,False
Test year,-147.0,-157.1271942899461,False
Test year,-196.0,-168.62979684315548,False
Test year,-206.0,-171.72946666615258,False
Test year,-116.0,-190.51891605792144,False
Test year,-77.0,-104.65652635476516,False
Test year,-34.0,-66.5390104940634,False
Test year,14.0,-10.421282301957945,False
Test year,-17.0,30.548217691964396,False
Test year,186.0,86.29634330879276,False
Test year,146.0,137.47154069993283,False
Test year,354.0,250.6600617019187,False
Test year,430.0,302.4372118741485,False
Test year,344.0,467.0071785951893,False
Test year,30.0,235.390395261122,False
Test year,-164.0,-141.68391464699653,False
Test year,-275.0,-308.8870878307823,False
Test year,-269.0,-324.0937167336954,False
Test year,-292.0,-368.9896196208063,False
Test year,-225.0,-214.323042411303,False
Test year,83.0,-227.2405889908444,False
Test year,35.0,16.721537370244647,False
Test year,-21.0,77.82719435039797,False
Test year,-37.0,28.10374043366744,False
Test year,-79.0,23.537756975368836,False
Test year,-35.0,-23.759537022068287,False
Test year,-53.0,29.202331576168604,False
Test year,-89.0,13.237713923639262,False
Test year,9.0,15.81852945152633,False
Test year,130.0,151.70825298380294,False
Test year,374.0,312.64620401387685,False
Test year,369.0,414.65681303435844,False
Test year,336.0,455.98591262710875,False
Test year,393.0,363.3395196675429,False
Test year,373.0,431.56418106843097,False
Test year,180.0,231.9754845721136,False
Test year,123.0,169.56689842280312,False
Test year,-54.0,-26.350027350082144,False
Test year,-63.0,-79.05828338684876,False
Test year,-63.0,-147.94015737688866,False
Test year,-137.0,-107.27918120091891,False
Test year,-238.0,-152.84766967598216,False
Test year,-199.0,-219.9669511283479,False
Test year,-46.0,-180.102288532523,False
Test year,-100.0,-142.73906333130782,False
Test year,-130.0,-99.36261970946813,False
Test year,-210.0,-157.22558106853165,False
Test year,-133.0,-190.5261815199043,False
Test year,-152.0,-154.9860045592277,False
Test year,-167.0,-166.02283545357892,False
Test year,-208.0,-189.61654151603636,False
Test year,-216.0,-191.1816110745101,False
Test year,-139.0,-208.2348191808502,False
Test year,-86.0,-127.23194188583614,False
Test year,-96.0,-84.44454480891363,False
Test year,-39.0,-48.78614058348734,False
Test year,-6.0,-8.92928011193115,False
Test year,0.0,77.32991548428271,False
Test year,60.0,31.013266792685528,False
Test year,149.0,192.20126173882235,False
Test year,158.0,166.0675954707101,False
Test year,174.0,292.6002718703344,False
Test year,-25.0,143.7172384620936,False
Test year,-80.0,-136.30619034516815,False
Test year,-170.0,-269.4188218142142,False
Test year,-251.0,-254.18499262822849,False
Test year,-219.0,-439.2874522747269,False
Test year,-56.0,-144.34844574825945,False
Test year,91.0,-116.12917397414236,False
Test year,-168.0,4.962427065365603,False
Test year,-154.0,-47.788602565311635,False
Test year,-143.0,-80.37735300946201,False
Test year,-138.0,-49.25670752421536,False
Test year,0.0,39.36047536643457,False
Test year,183.0,38.62892367776061,False
Test year,494.0,226.3410753970029,False
Test year,470.0,395.050260129045,False
Test year,646.0,391.3797403404552,False
Test year,406.0,555.0369186200663,False
Test year,190.0,356.9597704517822,False
Test year,27.0,301.0745748585465,False
Test year,94.0,158.74440841999194,False
Test year,70.0,240.18159907968823,False
Test year,65.0,92.11058652372401,False
Test year,53.0,142.16309018834562,False
Test year,-35.0,-59.05978600649797,False
Test year,-128.0,-81.33432772950184,False
Test year,-96.0,-158.46788661407237,False
Test year,-107.0,-117.65457057017127,False
Test year,-151.0,-135.98964790284919,False
Test year,-142.0,-179.13706140366048,False
Test year,-29.0,-145.07037057603134,False
Test year,-57.0,-128.19941586477512,False
Test year,-157.0,-81.76063374818165,False
Test year,-153.0,-166.10649976169412,False
Test year,-146.0,-174.73578218831096,False
Test year,-145.0,-145.9898179614255,False
Test year,-165.0,-158.4931577391242,False
Test year,-190.0,-182.75702731013706,False
Test year,-166.0,-179.86466980003246,False
Test year,-137.0,-183.606763524114,False
Test year,-102.0,-117.98462962841097,False
Test year,-53.0,-89.2198006873358,False
Test year,-39.0,-31.008161860154132,False
Test year,-8.0,-4.496640718706203,False
Test year,8.0,77.43012988660371,False
Test year,31.0,36.00824316714221,False
Test year,126.0,180.61624020695245,False
Test year,124.0,156.27776309700084,False
Test year,67.0,280.43971295195286,False
Test year,6.0,94.99208373952936,False
Test year,-47.0,-115.02585637107546,False
Test year,-119.0,-208.12150030286128,False
Test year,-206.0,-243.30220218086004,False
Test year,-318.0,-377.2314697622258,False
Test year,-153.0,-207.2717552303328,False
Test year,214.0,-250.0348132816535,False
Test year,-68.0,179.19510695386708,False
Test year,-279.0,-80.50819778922755,False
Test year,-283.0,-139.72147078263208,False
Test year,-154.0,-215.99956086323255,False
Test year,-84.0,-11.542346258722318,False
Test year,-79.0,-10.24641578692939,False
Test year,40.0,109.91256615565595,False
Test year,104.0,155.72172281933408,False
Test year,193.0,242.4054696442301,False
Test year,325.0,360.77403329102634,False
Test year,493.0,412.4710110762793,False
Test year,642.0,567.5867746565003,False
Test year,629.0,579.445584188557,False
Test year,620.0,578.3328137886458,False
Test year,443.0,415.03346796123117,False
Test year,255.0,330.7700700636333,False
Test year,50.0,41.95780555014642,False
Test year,-24.0,-36.7951013880982,False
Test year,-91.0,-133.7387329036399,False
Test year,-194.0,-123.25538682475803,False
Test year,-250.0,-182.4888001497083,False
Test year,-192.0,-235.9185546250887,False
Test year,-136.0,-184.36592111769107,False
Test year,-133.0,-181.98119412570134,False
Test year,-192.0,-123.06370762211202,False
Test year,-203.0,-186.45587547732669,False
Test year,-152.0,-197.71369935792086,False
Test year,-138.0,-140.82206755744278,False
Test year,-163.0,-142.7576192534455,False
Test year,-171.0,-167.77926589436652,False
Test year,-100.0,-159.21317837855946,False
Test year,-151.0,-142.68424974717323,False
Test year,-72.0,-104.78271156171266,False
Test year,2.0,-66.54556083450277,False
Test year,-22.0,7.207335806833356,False
Test year,71.0,17.61466374381851,False
Test year,171.0,127.18575586606102,False
Test year,205.0,134.33539834792174,False
Test year,399.0,287.5734082839548,False
Test year,392.0,338.6006044976479,False
Test year,387.0,445.25610117386054,False
Test year,120.0,279.1428137296275,False
Test year,-103.0,-62.77992204445184,False
Test year,-217.0,-257.8369833815517,False
Test year,-171.0,-242.02141327114782,False
Test year,-318.0,-410.6121908939956,False
Test year,-169.0,-174.59915223802062,False
Test year,22.0,-169.35133126546032,False
Test year,-89.0,-129.3632310016128,False
Test year,50.0,-13.343728942570579,False
Test year,2.0,53.77864975422773,False
Test year,-582.0,-12.550675678471976,False
Test year,-7.0,-327.08661326214093,False
Test year,-287.0,52.447084096922595,False
Test year,-173.0,3.3710160523634727,False
Test year,99.0,30.196516194080573,False
Test year,11.0,201.99987178851632,False
Test year,405.0,276.26218865666186,False
Test year,516.0,467.9687908648099,False
Test year,606.0,592.0271754073785,False
Test year,424.0,559.4556784129036,False
Test year,693.0,428.0929885431989,False
Test year,331.0,467.1124487353494,False
Test year,184.0,236.65830584931945,False
Test year,-133.0,-6.167790193452618,False
Test year,-204.0,-129.73042231080132,False
Test year,-96.0,-217.80097364477442,False
Test year,-138.0,-141.1437867315398,False
Test year,-226.0,-161.23704414942569,False
Test year,-195.0,-220.51786644672404,False
Test year,-150.0,-181.6505343563805,False
Test year,-201.0,-186.34086801131338,False
Test year,-198.0,-147.15902435306646,False
Test year,-199.0,-191.54067851780246,False
Test year,-142.0,-190.6810693737221,False
Test year,-196.0,-139.9238089724427,False
Test year,-192.0,-166.73042826484198,False
Test year,-190.0,-187.2264646413555,False
Test year,-146.0,-170.65908621562642,False
Test year,-122.0,-163.3260193258725,False
Test year,-43.0,-97.18056333487698,False
Test year,-46.0,-50.653308800589684,False
Test year,-9.0,-11.148117645462435,False
Test year,20.0,21.434978529250003,False
Test year,160.0,104.05669404064116,False
Test year,182.0,126.65410235933786,False
Test year,369.0,273.76454932587194,False
Test year,403.0,315.6247056659592,False
Test year,341.0,450.66219944524687,False
Test year,118.0,241.23831057030844,False
Test year,-194.0,-77.75553041313736,False
Test year,-227.0,-331.57947247154596,False
Test year,-331.0,-326.99329396269434,False
Test year,-358.0,-409.2826751995048,False
Test year,-152.0,-283.7923155503804,False
Test year,15.0,-136.27058291741412,False
Test year,-189.0,-64.01870442560258,False
Test year,-262.0,-29.41684265044546,False
Test year,-250.0,-173.1114295158696,False
Test year,-155.0,-76.61125100295448,False
Test year,-41.0,-6.878268425756573,False
Test year,-53.0,76.27744369146313,False
Test year,68.0,121.79783094551317,False
Test year,70.0,180.2439301790255,False
Test year,214.0,254.92765896584336,False
Test year,464.0,393.28172954330995,False
Test year,541.0,526.1360366318532,False
Test year,656.0,614.4173595726357,False
Test year,526.0,579.7197526679465,False
Test year,480.0,477.74130634293306,False
Test year,208.0,278.32386526781943,False
Test year,174.0,164.8593920451713,False
Test year,-1.0,-2.8817298899824095,False
Test year,-115.0,-78.63884787146449,False
Test year,-189.0,-176.96664669236014,False
Test year,-169.0,-170.37271294093586,False
Test year,-244.0,-184.88244492608464,False
Test year,-289.0,-231.81105706968384,False
Test year,-111.0,-218.6097795223369,False
Test year,-175.0,-184.25683845002771,False
Test year,-195.0,-132.87142313043955,False
Test year,-220.0,-187.11133610410388,False
Test year,-98.0,-198.12366391132588,False
Test year,-187.0,-129.95429706403098,False
Test year,-167.0,-163.53982734869157,False
Test year,-221.0,-180.8513721691242,False
Test year,-176.0,-183.47249402148162,False
Test year,-134.0,-182.62476230445662,False
Test year,-94.0,-108.42172868759258,False
Test year,-38.0,-75.84231276048394,False
Test year,9.0,-14.044628831682473,False
Test year,24.0,27.584099202952927,False
Test year,178.0,104.26804663388157,False
Test year,169.0,134.53694559978808,False
Test year,386.0,263.5284213133141,False
Test year,394.0,324.8425458767407,False
Test year,320.0,441.0170411326674,False
Test year,50.0,220.94009373991463,False
Test year,-195.0,-128.42805269431545,False
Test year,-346.0,-356.4211733768235,False
Test year,-333.0,-368.28646067063323,False
Test year,-366.0,-454.7232798395788,False
Test year,-340.0,-267.51519714334177,False
Test year,-59.0,-266.3253454507402,False
Test year,-243.0,-104.19106835217701,False
Test year,-270.0,-76.07610413815928,False
Test year,-176.0,-96.05691589512486,False
Test year,-121.0,-28.206131666574464,False
Test year,84.0,27.31068289485603,False
Test year,168.0,163.67867539892086,False
Test year,183.0,267.92405461010924,False
Test year,182.0,282.0006542187076,False
Test year,364.0,305.45358735669026,False
Test year,725.0,481.4197179726985,False
Test year,722.0,693.3081401236241,False
Test year,678.0,688.7932177403057,False
Test year,382.0,522.6484149428115,False
Test year,355.0,368.50126356122036,False
Test year,41.0,188.53645953891112,False
Test year,108.0,93.30266399329764,False
Test year,-48.0,-57.233870929596435,False
Test year,-130.0,-119.34626692125786,False
Test year,-181.0,-193.2336819657681,False
Test year,-198.0,-178.69509376625643,False
Test year,-260.0,-204.16069310771275,False
Test year,-279.0,-249.6313740591757,False
Test year,-176.0,-225.01466468806234,False
Test year,-151.0,-214.18246227360527,False
Test year,-265.0,-136.55567800223804,False
Test year,-218.0,-215.47863620462198,False
Test year,-148.0,-211.4977407249886,False
Test year,-179.0,-148.53608700957903,False
Test year,-165.0,-164.15425048128378,False
Test year,-185.0,-177.95296787102444,False
Test year,-194.0,-168.32691613559643,False
Test year,-101.0,-183.58167081393987,False
Test year,-165.0,-96.28098462549872,False
Test year,1.0,-99.53404436218239,False
Test year,-15.0,-2.4426770111496694,False
Test year,29.0,20.561022874752382,False
Test year,193.0,106.96432213194393,False
Test year,124.0,145.07672044626844,False
Test year,356.0,239.91499524084045,False
Test year,359.0,305.3629819539133,False
Test year,385.0,421.6187441833049,False
Test year,98.0,292.8204267683335,False
Test year,-43.0,-88.29037318277733,False
Test year,-308.0,-243.5193898535454,False
Test year,-231.0,-323.15283585284527,False
Test year,-190.0,-354.19360764894367,False
Test year,61.0,-175.21471089188105,False
Test year,192.0,-79.06870052988836,False
Test year,-179.0,135.70798755931713,False
Test year,-356.0,-213.23680892477765,False
Test year,-124.0,-236.82120117647142,False
Test year,176.0,37.495610975206375,False
Test year,270.0,188.64907464680164,False
Test year,-7.0,211.51454231934926,False
Test year,-53.0,78.04301540921136,False
Test year,325.0,51.84981737907839,False
Test year,446.0,312.657172931748,False
Test year,654.0,440.98336422873933,False
Test year,58.0,521.2197813238428,False
Test year,400.0,212.8690904743755,False
Test year,158.0,348.1021044299783,False
Test year,159.0,251.65266122279408,False
Test year,-185.0,116.70026221284036,False
Test year,-42.0,13.9843659559088,False
Test year,-114.0,-138.37096085180767,False
Test year,-103.0,-141.02015287651298,False
Test year,-175.0,-167.3464618577066,False
Test year,-166.0,-157.9861536498321,False
Test year,-265.0,-176.97103200323517,False
Test year,-278.0,-234.44600228853665,False
Test year,-114.0,-213.527531415804,False
Test year,-163.0,-179.5265141522715,False
Test year,-127.0,-125.22166410151894,False
Test year,-226.0,-157.29862364943767,False
Test year,-132.0,-191.33448631729664,False
Test year,-155.0,-140.76436568693066,False
Test year,-215.0,-151.21968624321175,False
Test year,-216.0,-192.62028203024607,False
Test year,-226.0,-185.05526268919385,False
Test year,-127.0,-198.56245827127918,False
Test year,-18.0,-109.83722955754001,False
Test year,-96.0,-40.562266818914736,False
Test year,-22.0,-30.888666257260866,False
Test year,42.0,11.540847155153529,False
Test year,169.0,113.58435361200429,False
Test year,141.0,132.83047691837785,False
Test year,345.0,251.18423358329738,False
Test year,403.0,301.23359674875184,False
Test year,393.0,458.1622630816955,False
Test year,228.0,313.96638068128937,False
Test year,62.0,82.80576864160707,False
Test year,-209.0,-129.56710131382152,False
Test year,-298.0,-251.60867055538932,False
Test year,-340.0,-410.3921900432572,False
Test year,-368.0,-261.68637720474953,False
Test year,69.0,-321.94383333432097,False
Test year,64.0,-3.423130338716959,False
Test year,54.0,88.56207781314384,False
Test year,-80.0,47.028302830308974,False
Test year,-34.0,-42.34767035354588,False
Test year,-16.0,-11.113428912528036,False
Test year,-272.0,-93.5401713455928,False
Test year,47.0,-123.40250487865205,False
Test year,-23.0,86.00127788521635,False
Test year,-242.0,68.3195522838488,False
Test year,681.0,5.600102221862244,False
Test year,110.0,611.8558507820421,False
Test year,543.0,265.88037033914276,False
Test year,233.0,507.3713524177531,False
Test year,232.0,329.6004336203601,False
Test year,152.0,193.97764296732964,False
Test year,158.0,206.6666757577986,False
Test year,50.0,8.802959209161372,False
Test year,-94.0,-41.42945519390457,False
Test year,-114.0,-137.22304037859843,False
Test year,-190.0,-117.41302535233021,False
Test year,-164.0,-164.1944405636878,False
Test year,-241.0,-186.16703256357937,False
Test year,-49.0,-175.0717414665877,False
Test year,-96.0,-138.54427429434114,False
Test year,-125.0,-86.84179984760905,False
Test year,-174.0,-144.4427580498343,False
Test year,-110.0,-167.06989075538644,False
Test year,-147.0,-133.46427830711258,False
Test year,-140.0,-155.0299565598262,False
Test year,-245.0,-172.46028312732807,False
Test year,-172.0,-197.31952145552702,False
Test year,-145.0,-192.81411855198616,False
Test year,-106.0,-121.09652835087371,False
Test year,-76.0,-91.04236855530871,False
Test year,-19.0,-40.464102534196456,False
Test year,19.0,3.118208259386961,False
Test year,8.0,91.53198367448869,False
Test year,44.0,37.66552800042922,False
Test year,194.0,186.95881991743283,False
Test year,218.0,194.8902791113134,False
Test year,214.0,334.6782404013221,False
Test year,118.0,190.0404532512801,False
Test year,-83.0,-29.13447778937939,False
Test year,-289.0,-263.35252035220185,False
Test year,-188.0,-323.62755279516034,False
Test year,-472.0,-332.9836158576118,False
Test year,-485.0,-363.42209798419907,False
Test year,-138.0,-433.1549925629082,False
Test year,-584.0,-167.40355317883257,False
Test year,-490.0,-320.9704004154063,False
Test year,-304.0,-269.77282404300456,False
Test year,-55.0,-138.33670428863596,False
Test year,17.0,14.914192816865693,False
Test year,40.0,107.84293163306728,False
Test year,26.0,155.08285014479122,False
Test year,132.0,145.12252400395474,False
Test year,94.0,232.72468339503223,False
Test year,340.0,298.7317340151055,False
Test year,449.0,393.7161219736448,False
Test year,555.0,534.3281246184135,False
Test year,489.0,526.5862717373659,False
Test year,597.0,486.99585819927546,False
Test year,586.0,426.05694125125194,False
Test year,400.0,477.68819714393766,False
Test year,112.0,178.64354337791042,False
Test year,19.0,3.2638691093768557,False
Test year,-100.0,-77.74493994534092,False
Test year,-123.0,-95.19080812397706,False
Test year,-113.0,-129.80709879133542,False
Test year,-143.0,-153.9121994614979,False
Test year,-47.0,-130.4518747672384,False
Test year,-85.0,-124.81039677047539,False
Test year,-125.0,-83.12916112036913,False
Test year,-149.0,-145.27918642976135,False
Test year,-111.0,-160.65679098321448,False
Test year,-96.0,-123.83157433495398,False
Test year,-176.0,-128.92360208057642,False
Test year,-171.0,-177.25177614475598,False
Test year,-160.0,-169.9335556050484,False
Test year,-80.0,-176.41901589121738,False
Test year,-88.0,-92.54855865984786,False
Test year,-20.0,-77.27111092367124,False
Test year,-36.0,-14.877764447164964,False
Test year,-29.0,-0.7262772887771689,False
Test year,49.0,68.57952919388964,False
Test year,50.0,54.66570368938707,False
Test year,83.0,192.1073802050263,False
Test year,142.0,135.11482860092923,False
Test year,146.0,293.7146177953288,False
Test year,38.0,147.12586115149693,False
Test year,-151.0,-102.59062880222552,False
Test year,-320.0,-322.5724094349681,False
Test year,-318.0,-354.49166202493876,False
Test year,-466.0,-419.1232134541733,False
Test year,-418.0,-333.6348332502547,False
Test year,-186.0,-354.77913191437017,False
Test year,-345.0,-162.63623095485445,False
Test year,-381.0,-186.9311889889861,False
Test year,-139.0,-176.51165464238886,False
Test year,-68.0,-41.673056439068574,False
Test year,126.0,7.219430685644738,False
Test year,54.0,168.40683384069445,False
Test year,-24.0,129.74336919384524,False
Test year,171.0,84.10496127765458,False
Test year,202.0,270.07899910720874,False
Test year,478.0,351.509750567045,False
Test year,477.0,499.6748180635875,False
Test year,549.0,552.4053021347439,False
Test year,674.0,517.5708034858314,False
Test year,671.0,631.556407421657,False
Test year,554.0,462.0277729583639,False
Test year,328.0,451.6010304398468,False
Test year,101.0,127.52323241501472,False
Test year,-61.0,-8.160952681046098,False
Test year,-98.0,-114.95556586592926,False
Test year,-113.0,-100.90913822041944,False
Test year,-154.0,-127.44843879953896,False
Test year,-208.0,-170.12035744058664,False
Test year,-109.0,-159.83025151004296,False
Test year,-130.0,-156.91043476475951,False
Test year,-80.0,-103.91887278176142,False
Test year,-179.0,-129.21919414448843,False
Test year,-91.0,-166.63915765103008,False
Test year,-168.0,-105.2269556696902,False
Test year,-83.0,-141.99186510615772,False
Test year,-167.0,-134.0061377275257,False
Test year,-144.0,-146.37646089687615,False
Test year,-97.0,-157.48609387778203,False
Test year,-43.0,-85.87912931447227,False
Test year,-27.0,-47.929007345440226,False
Test year,44.0,-2.841787054296617,False
Test year,45.0,47.30618122346908,False
Test year,125.0,118.37026184753864,False
Test year,208.0,109.22595916293128,False
Test year,364.0,292.010200145089,False
Test year,469.0,319.2946204812083,False
Test year,446.0,513.2771937062764,False
Test year,143.0,337.7168115120954,False
Test year,-276.0,-41.72036813830874,False
Test year,-355.0,-341.23157010300804,False
Test year,-353.0,-352.7244836792779,False
Test year,-461.0,-463.3888551029201,False
Test year,-375.0,-326.364307394598,False
Test year,-1.0,-320.7167607006785,False
Test year,-199.0,-38.74928225594718,False
Test year,-159.0,-69.05942633021101,False
Test year,-329.0,-82.37002986881976,False
Test year,-190.0,-169.01846013171001,False
Test year,-123.0,-35.9818929900693,False
Test year,-6.0,20.029637739828217,False
Test year,60.0,125.97641383702171,False
Test year,-66.0,121.90531208452768,False
Test year,230.0,182.08262062928804,False
Test year,390.0,377.99101311756357,False
Test year,505.0,453.0303983688553,False
Test year,544.0,583.5069601065113,False
Test year,590.0,529.5415222339636,False
Test year,656.0,559.1345380866926,False
Test year,282.0,453.710191209345,False
Test year,238.0,248.98888257040886,False
Test year,45.0,73.98514292950318,False
Test year,-43.0,-45.36607488878198,False
Test year,-175.0,-113.14142947083175,False
Test year,-134.0,-133.25873083626055,False
Test year,-192.0,-145.55889476527716,False
Test year,-240.0,-186.64572908072915,False
Test year,-153.0,-174.02843788770502,False
Test year,-139.0,-174.48366857561922,False
Test year,-108.0,-106.24012319895442,False
Test year,-156.0,-135.14375532961526,False
Test year,-109.0,-152.848205449109,False
Test year,-153.0,-112.38572960321994,False
Test year,-128.0,-139.3906698445108,False
Test year,-175.0,-151.65852402692343,False
Test year,-148.0,-153.84683075222557,False
Test year,-136.0,-159.60424805781804,False
Test year,-48.0,-101.14504939474295,False
Test year,-29.0,-52.59668907820958,False
Test year,-67.0,-2.7252872601278,False
Test year,48.0,-1.1758418912088757,False
Test year,195.0,115.3866449489006,False
Test year,210.0,150.96913096383747,False
Test year,421.0,294.26818554124407,False
Test year,479.0,358.1490586008051,False
Test year,334.0,512.3576631427333,False
Test year,50.0,255.9356301424225,False
Test year,-214.0,-97.87735227371991,False
Test year,-428.0,-328.2055253201944,False
Test year,-426.0,-388.1900367951696,False
Test year,-551.0,-512.0157075022241,False
Test year,-353.0,-356.863411506656,False
Test year,3.0,-301.3824582246863,False
Test year,-231.0,-41.13884240216686,False
Test year,-147.0,-41.77548553218452,False
Test year,-241.0,-66.39266026754382,False
Test year,-114.0,-88.66346872373373,False
Test year,-130.0,32.982075325732524,False
Test year,-17.0,6.762928148920196,False
Test year,63.0,118.1972513928522,False
Test year,171.0,196.560184539971,False
Test year,195.0,271.86093647315045,False
Test year,323.0,378.5561075056087,False
Test year,533.0,428.8829575207118,False
Test year,559.0,605.4667122050095,False
Test year,601.0,524.5071032670437,False
Test year,557.0,559.1312162609833,False
Test year,445.0,375.109467109369,False
Test year,176.0,364.1429566912084,False
Test year,36.0,22.574412741587167,False
Test year,-65.0,-57.961463932004165,False
Test year,-178.0,-129.00777637157947,False
Test year,-152.0,-142.10917014707394,False
Test year,-215.0,-158.54356681668003,False
Test year,-234.0,-202.03276825607918,False
Test year,-111.0,-179.00256969780793,False
Test year,-82.0,-161.3910159929646,False
Test year,-178.0,-84.3215426241847,False
Test year,-234.0,-161.42566846834615,False
Test year,-134.0,-192.66990777832086,False
Test year,-157.0,-137.92093826693343,False
Test year,-136.0,-148.0943573997829,False
Test year,-178.0,-159.41562827400935,False
Test year,-163.0,-159.40513798008027,False
Test year,-159.0,-168.99556483302695,False
Test year,-68.0,-114.70268246053058,False
Test year,-19.0,-66.12937084335977,False
Test year,30.0,-2.218993321475068,False
Test year,-6.0,39.858105292224224,False
Test year,162.0,92.85317384642048,False
Test year,166.0,126.15840489129826,False
Test year,402.0,265.01509917459,False
Test year,418.0,341.08000362066036,False
Test year,364.0,465.8818942182344,False
Test year,110.0,274.81287397504707,False
Test year,-238.0,-67.16837735411212,False
Test year,-471.0,-357.24435279027637,False
Test year,-416.0,-428.5929487905029,False
Test year,-425.0,-492.1143978284804,False
Test year,-285.0,-302.6869513059461,False
Test year,-155.0,-290.42780291176757,False
Test year,-374.0,-132.95663809920822,False
Test year,-347.0,-147.42017789103886,False
Test year,-255.0,-165.03616545620918,False
Test year,-123.0,-90.60534701788754,False
Test year,32.0,39.31306652254699,False
Test year,58.0,111.56939248268787,False
Test year,97.0,188.87835094190825,False
Test year,204.0,204.75452214048545,False
Test year,323.0,321.5571058005759,False
Test year,522.0,460.29173721047067,False
Test year,571.0,560.1536378799995,False
Test year,656.0,622.5539073598129,False
Test year,551.0,579.0385869977305,False
Test year,548.0,507.79901053553635,False
Test year,309.0,351.46479462332655,False
Test year,183.0,261.8838208701044,False
Test year,-27.0,22.636660294164187,False
Test year,-108.0,-97.18348794284535,False
Test year,-173.0,-154.48025999303894,False
Test year,-175.0,-149.5658780231687,False
Test year,-135.0,-172.0979707272794,False
Test year,-226.0,-180.44392756405875,False
Test year,-116.0,-173.45218538750066,False
Test year,-136.0,-169.56626503776172,False
Test year,-188.0,-112.93070064928494,False
Test year,-155.0,-175.71557125837154,False
Test year,-123.0,-169.15050284653756,False
Test year,-153.0,-124.8785530834574,False
Test year,-161.0,-146.82359158212267,False
Test year,-198.0,-169.60201233712263,False
Test year,-155.0,-169.97740045324304,False
Test year,-114.0,-167.9676464634856,False
Test year,-61.0,-95.21825710623853,False
Test year,-90.0,-57.826574212387015,False
Test year,-29.0,-30.999708272806743,False
Test year,52.0,9.229180473117168,False
Test year,173.0,118.26139576747971,False
Test year,206.0,135.83651283362963,False
Test year,317.0,288.9379476650235,False
Test year,401.0,281.596808640679,False
Test year,362.0,456.74989892543573,False
Test year,78.0,282.4663286666604,False
Test year,-215.0,-82.60915270864689,False
Test year,-313.0,-341.8566748613662,False
Test year,-375.0,-319.01036786762864,False
Test year,-397.0,-471.3109501897016,False
Test year,-366.0,-305.94800384606054,False
Test year,-127.0,-317.89176857800214,False
Test year,-221.0,-115.2419398572269,False
Test year,-275.0,-70.1859631256203,False
Test year,-202.0,-93.59563902088075,False
Test year,-96.0,-76.54572604539891,False
Test year,-117.0,4.000886712629949,False
Test year,28.0,39.19744484221519,False
Test year,43.0,164.69581438785576,False
Test year,166.0,180.82277230112044,False
Test year,292.0,290.14905998425945,False
Test year,467.0,436.6036766778351,False
Test year,481.0,518.3122233614902,False
Test year,654.0,555.2330471037019,False
Test year,577.0,579.3142940225357,False
Test year,555.0,530.6308278973206,False
Test year,250.0,355.58280205957817,False
Test year,132.0,226.37909711908227,False
Test year,-7.0,-4.954816145443772,False
Test year,-141.0,-91.18259673870003,False
Test year,-122.0,-163.60104658788396,False
Test year,-164.0,-132.4839801113801,False
Test year,-224.0,-162.4223340517372,False
Test year,-239.0,-212.06681836266517,False
Test year,-53.0,-187.23498838674396,False
Test year,-135.0,-144.70729856403415,False
Test year,-182.0,-106.52579973924745,False
Test year,-226.0,-172.53668656532545,False
Test year,-119.0,-194.49556823575887,False
Test year,-164.0,-132.95288639602109,False
Test year,-157.0,-151.13260069874724,False
Test year,-159.0,-169.58827461040238,False
Test year,-191.0,-154.7903492926851,False
Test year,-176.0,-177.66341591429256,False
Test year,-95.0,-124.35424928855008,False
Test year,-92.0,-78.55121286503459,False
Test year,-36.0,-34.37261694785951,False
Test year,-71.0,6.150488455429695,False
Test year,64.0,62.73074322837317,False
Test year,4.0,70.99355909366304,False
Test year,130.0,182.02052917808624,False
Test year,162.0,168.01649691415818,False
Test year,102.0,314.5049121071674,False
Test year,-19.0,145.32833218100203,False
Test year,-71.0,-86.29366395009566,False
Test year,-319.0,-257.57537800715653,False
Test year,-282.0,-321.0486898407472,False
Test year,-278.0,-403.45138983567654,False
Test year,-256.0,-231.14462925619233,False
Test year,-47.0,-207.03023589122654,False
Test year,-13.0,-69.82354465691168,False
Test year,-118.0,42.60975624804263,False
Test year,-48.0,-14.280970142337821,False
Test year,-36.0,40.784841487768915,False
Test year,94.0,45.51622676095633,False
Test year,-162.0,129.33350799677478,False
Test year,4.0,36.29784109925805,False
Test year,41.0,44.607621885943075,False
Test year,287.0,193.66606918956114,False
Test year,441.0,389.5041044786928,False
Test year,428.0,456.92718646896594,False
Test year,447.0,503.53694215250806,False
Test year,449.0,448.50026773142133,False
Test year,426.0,487.7927942305211,False
Test year,249.0,337.6389528812458,False
Test year,197.0,282.53032550463973,False
Test year,41.0,48.55775665810427,False
Test year,-96.0,-42.722884227395014,False
Test year,-130.0,-116.63082027088535,False
Test year,-167.0,-107.53139580303275,False
Test year,-83.0,-142.02751925989315,False
Test year,-163.0,-138.59594818929764,False
Test year,7.0,-127.46417767015282,False
Test year,-84.0,-95.75104030071415,False
Test year,-95.0,-71.95140580495962,False
Test year,-150.0,-125.32543507339204,False
Test year,-87.0,-149.86077441223694,False
Test year,-88.0,-117.14135966903274,False
Test year,-137.0,-126.20326655461713,False
Test year,-201.0,-163.386014553589,False
Test year,-156.0,-178.8894403421785,False
Test year,-145.0,-179.53142065870276,False
Test year,-128.0,-118.74778511156882,False
Test year,-48.0,-99.55768964035349,False
Test year,-33.0,-30.49379694580142,False
Test year,-25.0,-0.7976599953792061,False
Test year,-2.0,70.9126810531755,False
Test year,60.0,31.210087088359757,False
Test year,174.0,195.11587239672878,False
Test year,170.0,185.90847451837107,False
Test year,138.0,311.9570053098014,False
Test year,150.0,176.50507825906703,False
Test year,131.0,73.69525005288551,False
Test year,-4.0,-66.03636748244378,False
Test year,57.0,-74.79973014525729,False
Test year,-22.0,-115.90141455687586,False
Test year,78.0,-58.31271798046487,False
Test year,24.0,-57.710674252180354,False
Test year,-241.0,-105.77834640290678,False
Test year,0.0,-152.9152747144945,False
Test year,-52.0,-40.91050725101127,False
Test year,64.0,-107.03122724945666,False
Test year,-183.0,9.347748850514222,False
Test year,-96.0,-166.5528917401095,False
Test year,11.0,-20.957247401317034,False
Test year,30.0,4.250283752906057,False
Test year,29.0,79.60600885882684,False
Test year,39.0,139.26946163229746,False
Test year,140.0,160.5703483486244,False
Test year,159.0,312.99468832525145,False
Test year,24.0,241.16525843415332,False
Test year,392.0,229.13495529890318,False
Test year,291.0,320.0180547179807,False
Test year,133.0,306.72887508313215,False
Test year,53.0,8.264224965861843,False
Test year,-79.0,-41.13024493195459,False
Test year,-67.0,-112.51117766222583,False
Test year,-109.0,-85.22213246783565,False
Test year,-127.0,-119.35914976926153,False
Test year,-103.0,-156.05759520689406,False
Test year,-21.0,-114.41491746649046,False
Test year,-85.0,-108.99048593571598,False
Test year,-85.0,-80.97702994905049,False
Test year,-202.0,-129.10781435591082,False
Test year,-102.0,-177.4117439214461,False
Test year,-86.0,-126.30496575268148,False
Test year,-149.0,-123.93358212057927,False
Test year,-175.0,-165.788295106082,False
Test year,-134.0,-168.54510808989335,False
Test year,-159.0,-166.74791361330932,False
Test year,-57.0,-121.80348106902153,False
Test year,-100.0,-72.08156656721619,False
Test year,-41.0,-46.60314863457182,False
Test year,-27.0,-8.863256260437822,False
Test year,-40.0,68.98204435364073,False
Test year,-17.0,13.578766655737496,False
Test year,28.0,156.07429250237402,False
Test year,102.0,104.78375577761993,False
Test year,195.0,271.6926350859927,False
Test year,84.0,201.77002210170755,False
Test year,-23.0,29.448625283519675,False
Test year,-83.0,-178.3427842637135,False
Test year,-139.0,-197.97014735316554,False
Test year,-270.0,-317.5753769955027,False
Test year,-132.0,-210.65159406123888,False
Test year,93.0,-178.66802201858872,False
Test year,-288.0,-24.26930250983105,False
Test year,-113.0,-175.238122971272,False
Test year,33.0,-119.40247790048744,False
Test year,-179.0,56.45385600907696,False
Test year,-305.0,-142.51712146348484,False
Test year,-294.0,-178.62385806090532,False
Test year,-173.0,-95.09971314983966,False
Test year,150.0,-75.99433888239474,False
Test year,204.0,241.850264506523,False
Test year,135.0,323.4263029258151,False
Test year,335.0,259.8759041499338,False
Test year,479.0,451.4791868048381,False
Test year,578.0,454.61852120078976,False
Test year,482.0,570.5206862462594,False
Test year,388.0,364.6564987399203,False
Test year,365.0,373.68925471856767,False
Test year,200.0,167.0373844385305,False
Test year,-53.0,39.33388781596196,False
Test year,-109.0,-96.12806387172918,False
Test year,-192.0,-97.29536983372083,False
Test year,-95.0,-151.46679969776744,False
Test year,-100.0,-148.38156566422316,False
Test year,-89.0,-106.87085818947037,False
Test year,-107.0,-133.324121744227,False
Test year,14.0,-90.38982088586482,False
Test year,-74.0,-84.93746827383393,False
Test year,-89.0,-118.60806266111362,False
Test year,-97.0,-94.23874733413214,False
Test year,-59.0,-114.26440170526325,False
Test year,-147.0,-117.69942140363594,False
Test year,-185.0,-137.43662762320034,False
Test year,-168.0,-171.82534770264664,False
Test year,-135.0,-119.39234714781446,False
Test year,-66.0,-93.34245541277141,False
Test year,-75.0,-27.47696097661634,False
Test year,-43.0,-8.829447554755177,False
Test year,29.0,71.19500258523396,False
Test year,4.0,55.534349216693045,False
Test year,99.0,180.85908841006062,False
Test year,83.0,153.22895916525738,False
Test year,165.0,275.8092700675995,False
Test year,-17.0,199.32280515001636,False
Test year,32.0,-58.06497272243081,False
Test year,-307.0,-129.42337354295208,False
Test year,-101.0,-329.697364408714,False
Test year,-155.0,-245.5800576642531,False
Test year,-123.0,-107.15598950890796,False
Test year,52.0,-191.94430406570433,False
Test year,115.0,14.164667243009035,False
Test year,439.0,151.92889412771606,False
Test year,459.0,306.1382427445777,False
Test year,115.0,287.22825581647146,False
Test year,15.0,12.297273570384107,False
Test year,57.0,-17.07657070836177,False
Test year,-41.0,47.7680123659664,False
Test year,-138.0,-74.94135682357575,False
Test year,-182.0,-18.219827587148984,False
Test year,12.0,53.383155471863034,False
Test year,-62.0,155.7270407940161,False
Test year,263.0,195.60118382954295,False
Test year,321.0,337.6063143643976,False
Test year,371.0,420.9634354295289,False
Test year,434.0,310.6926209460054,False
Test year,361.0,416.79156440261045,False
Test year,193.0,155.3835523481511,False
Test year,-103.0,29.203868663549997,False
Test year,-210.0,-119.35600953596531,False
Test year,-234.0,-140.87817844305408,False
Test year,-109.0,-176.22177321000464,False
Test year,-134.0,-155.92250632510468,False
Test year,-125.0,-116.5632411521969,False
Test year,-142.0,-144.42504016581802,False
Test year,-26.0,-99.74801784853932,False
Test year,-77.0,-98.21797435964294,False
Test year,-142.0,-113.89376018130295,False
Test year,-110.0,-117.072960322537,False
Test year,-75.0,-125.20453395009855,False
Test year,-108.0,-125.98216939304956,False
Test year,-155.0,-123.19187298684352,False
Test year,-211.0,-155.79786813724894,False
Test year,-73.0,-131.6884484880456,False
Test year,-114.0,-72.43095886748674,False
Test year,-93.0,-40.22168528451715,False
Test year,-101.0,-18.757946920469408,False
Test year,53.0,47.03672966451478,False
Test year,113.0,64.4853280534802,False
Test year,214.0,237.9690958487821,False
Test year,206.0,224.2300350248996,False
Test year,355.0,346.31099396241723,False
Test year,130.0,314.23307323307336,False
Test year,30.0,-7.67627182262504,False
Test year,-156.0,-201.42138371754237,False
Test year,-200.0,-256.0213419815199,False
Test year,-361.0,-344.2994588448367,False
Test year,-379.0,-248.6098095803802,False
Test year,-255.0,-342.80489196838334,False
Test year,-260.0,-219.26326990252878,False
Test year,-200.0,-122.9596564503297,False
Test year,-113.0,-96.31096584860268,False
Test year,-101.0,14.21986439552279,False
Test year,137.0,43.91838185803567,False
Test year,227.0,204.51532981046864,False
Test year,317.0,272.24351428908017,False
Test year,355.0,349.76815766116295,False
Test year,524.0,385.91045954732346,False
Test year,315.0,539.6384683549273,False
Test year,514.0,382.33762955619926,False
Test year,397.0,565.6675627680503,False
Test year,387.0,386.214351541636,False
Test year,478.0,427.89875873986404,False
Test year,321.0,324.3945722402001,False
Test year,124.0,285.1318737287261,False
Test year,-6.0,-24.162107246211576,False
Test year,-105.0,-105.00266097346477,False
Test year,-278.0,-153.64756466175282,False
Test year,-196.0,-192.00185567176504,False
Test year,-242.0,-195.8928881577741,False
Test year,-166.0,-222.03194192237805,False
Test year,-183.0,-162.2839982069311,False
Test year,-216.0,-184.85788179173045,False
Test year,-65.0,-146.09006393976148,False
Test year,-133.0,-133.46878524121018,False
Test year,-179.0,-146.7795105485605,False
Test year,-160.0,-146.72419834653886,False
Test year,-141.0,-157.78637146157,False
Test year,-129.0,-164.79372022151858,False
Test year,-188.0,-143.64195480192342,False
Test year,-195.0,-175.60181230670833,False
Test year,-181.0,-133.3296045415937,False
Test year,-101.0,-116.84573151734918,False
Test year,-82.0,-48.514292358018224,False
Test year,-46.0,-15.470176181266197,False
Test year,29.0,68.58938399312035,False
Test year,47.0,54.64651421843536,False
Test year,188.0,200.58002506914622,False
Test year,216.0,203.88264436357633,False
Test year,312.0,349.3025279177146,False
Test year,180.0,283.62102182068986,False
Test year,36.0,42.30447087302548,False
Test year,-193.0,-217.0620208631767,False
Test year,-247.0,-283.0407306569602,False
Test year,-415.0,-396.51795216109315,False
Test year,-286.0,-290.3236013263704,False
Test year,-82.0,-289.5256963890454,False
Test year,-149.0,-94.66193401393383,False
Test year,-177.0,-51.1725801153475,False
Test year,-119.0,-71.41548319192992,False
Test year,-83.0,-20.69083769691059,False
Test year,-80.0,39.377369895860056,False
Test year,80.0,24.86067309973248,False
Test year,112.0,199.13263697023893,False
Test year,217.0,231.72729919813588,False
Test year,266.0,323.59538320620715,False
Test year,328.0,408.27532070055037,False
Test year,794.0,397.54483742146624,False
Test year,553.0,789.5622658087141,False
Test year,580.0,465.03623501917366,False
Test year,412.0,516.378727443099,False
Test year,183.0,262.8506249348692,False
Test year,192.0,203.7044039021549,False
Test year,71.0,16.211073571991506,False
Test year,-72.0,-71.00622699197189,False
Test year,-267.0,-140.59786435506518,False
Test year,-175.0,-190.25225285024464,False
Test year,-169.0,-192.4366432189879,False
Test year,-149.0,-199.6477447944073,False
Test year,-217.0,-154.91846965260783,False
Test year,-189.0,-204.34498329152586,False
Test year,-105.0,-148.39716816094864,False
Test year,-165.0,-153.4434286901494,False
Test year,-124.0,-168.72033890177056,False
Test year,-148.0,-130.63850161692602,False
Test year,-137.0,-148.79853327024472,False
Test year,-155.0,-163.2496322506995,False
Test year,-178.0,-154.21274293087248,False
Test year,-221.0,-174.55904732679556,False
Test year,-127.0,-141.52039118706517,False
Test year,-149.0,-98.11775273221616,False
Test year,-35.0,-60.51244428899895,False
Test year,-25.0,0.9866105592595318,False
Test year,26.0,82.52670502703535,False
Test year,77.0,55.81240972515681,False
Test year,179.0,216.37246343843026,False
Test year,182.0,199.8807885161832,False
Test year,328.0,328.9135593829769,False
Test year,137.0,300.203103854573,False
Test year,-52.0,10.308456356372801,False
Test year,-150.0,-256.1554377755525,False
Test year,-248.0,-270.909072305372,False
Test year,-303.0,-383.29573172920277,False
Test year,-309.0,-243.3169480939908,False
Test year,-125.0,-274.0033057636599,False
Test year,-279.0,-125.70596123719059,False
Test year,-184.0,-141.66899674831646,False
Test year,-24.0,-57.69734778385339,False
Test year,-52.0,28.465053652998392,False
Test year,32.0,51.935820558348894,False
Test year,226.0,120.80808322145572,False
Test year,182.0,291.44334183250896,False
Test year,400.0,269.883615232079,False
Test year,443.0,431.06256397986346,False
Test year,422.0,519.1682442970334,False
Test year,637.0,460.51394251395425,False
Test year,602.0,635.8655495474634,False
Test year,538.0,490.0222057393997,False
Test year,454.0,471.11846114683357,False
Test year,152.0,268.92125303598897,False
Test year,88.0,164.30631359165875,False
Test year,8.0,-73.99281734669898,False
Test year,-178.0,-125.27009048922264,False
Test year,-221.0,-201.91849783274318,False
Test year,-199.0,-201.2426514848285,False
Test year,-183.0,-211.3894825500779,False
Test year,-185.0,-223.8167076542315,False
Test year,-264.0,-184.67474297124647,False
Test year,-243.0,-237.97410320911263,False
Test year,-101.0,-185.45071867571465,False
Test year,-204.0,-167.81787470286173,False
Test year,-199.0,-190.22079714080405,False
Test year,-177.0,-171.97053810193336,False
Test year,-81.0,-174.52472786476758,False
Test year,-178.0,-149.9635633724606,False
Test year,-197.0,-163.1391399551352,False
Test year,-213.0,-188.81191617605623,False
Test year,-176.0,-144.03034027845126,False
Test year,-98.0,-118.75095906182594,False
Test year,-57.0,-47.45859445914118,False
Test year,-63.0,-5.18433059131425,False
Test year,-28.0,63.22980343145673,False
Test year,84.0,27.529888423260758,False
Test year,171.0,215.8378830457563,False
Test year,197.0,193.57998609438192,False
Test year,347.0,335.5313384188249,False
Test year,163.0,317.0122442976922,False
Test year,65.0,71.17157873632584,False
Test year,-59.0,-140.69579799788437,False
Test year,-117.0,-208.33293226861343,False
Test year,-156.0,-314.00045690274436,False
Test year,-119.0,-167.9562405397451,False
Test year,140.0,-157.04503971349334,False
Test year,246.0,69.9222788694371,False
Test year,-76.0,184.95525610457832,False
Test year,-111.0,-99.32721164227229,False
Test year,-70.0,-97.54036321229125,False
Test year,-54.0,-28.96853413828444,False
Test year,-76.0,-66.05646074633654,False
Test year,-22.0,32.82663622935502,False
Test year,337.0,45.865274934491794,False
Test year,370.0,340.8981033302086,False
Test year,64.0,402.26847725494036,False
Test year,293.0,187.7365321257629,False
Test year,187.0,382.7979581821366,False
Test year,467.0,244.40417843416066,False
Test year,270.0,473.8863726270564,False
Test year,212.0,177.6046965298442,False
Test year,128.0,225.31393464018578,False
Test year,-44.0,-41.39855146871889,False
Test year,-168.0,-129.78614543823687,False
Test year,-242.0,-184.70472392461392,False
Test year,-195.0,-192.41090352860516,False
Test year,-154.0,-198.34055445833263,False
Test year,-171.0,-199.12682301713863,False
Test year,-171.0,-164.35235885872441,False
Test year,-220.0,-192.69104823190304,False
Test year,-49.0,-157.54904721852495,False
Test year,-118.0,-138.6676977305824,False
Test year,-130.0,-150.61036911824658,False
Test year,-199.0,-146.40305406626567,False
Test year,-106.0,-186.46654769792013,False
Test year,-173.0,-174.38358727074814,False
Test year,-184.0,-174.72502999065114,False
Test year,-280.0,-194.70711883473615,False
Test year,-128.0,-179.09904733381677,False
Test year,-148.0,-121.30897520991073,False
Test year,-113.0,-73.4228364518982,False
Test year,-39.0,-44.29813589625027,False
Test year,-32.0,57.81066527324106,False
Test year,21.0,16.35250016145804,False
Test year,32.0,173.7970520535701,False
Test year,116.0,107.81639195613937,False
Test year,124.0,277.8051755138627,False
Test year,-42.0,171.20999119682605,False
Test year,-143.0,-70.7226206019464,False
Test year,-222.0,-302.68621199914077,False
Test year,-225.0,-312.39874466068454,False
Test year,-324.0,-389.1745196890624,False
Test year,-246.0,-276.7387106236479,False
Test year,-187.0,-250.80740089978212,False
Test year,-283.0,-148.3651807603489,False
Test year,-301.0,-167.43565080911844,False
Test year,-211.0,-159.79667051582157,False
Test year,-167.0,-97.53257369156205,False
Test year,18.0,-52.862603196832424,False
Test year,-44.0,76.80380634398006,False
Test year,90.0,111.82743628893923,False
Test year,102.0,168.07636867149077,False
Test year,366.0,232.09493856495243,False
Test year,491.0,452.1225017328542,False
Test year,497.0,505.37430629626954,False
Test year,618.0,544.3993997315614,False
Test year,674.0,537.5133528702058,False
Test year,585.0,607.4420343410284,False
Test year,357.0,401.87090312636167,False
Test year,279.0,333.75217630149757,False
Test year,74.0,80.18869320990325,False
Test year,-58.0,-52.564145682531034,False
Test year,-196.0,-117.08527152829595,False
Test year,-158.0,-149.1825743081148,False
Test year,-121.0,-164.53556624130067,False
Test year,-107.0,-170.55196513001812,False
Test year,-101.0,-127.1237268384981,False
Test year,-163.0,-152.56475598640725,False
Test year,-33.0,-125.29708279360025,False
Test year,-113.0,-122.64724929857073,False
Test year,-140.0,-147.0745895004987,False
Test year,-126.0,-139.02249200345,False
Test year,-85.0,-149.96234889901507,False
Test year,-159.0,-149.54277627177714,False
Test year,-163.0,-161.0488499714624,False
Test year,-195.0,-179.93195062786413,False
Test year,-83.0,-140.9217943542124,False
Test year,-133.0,-88.45590814759206,False
Test year,-68.0,-62.28554341479901,False
Test year,-91.0,-23.586121007198813,False
Test year,6.0,39.97747791086192,False
Test year,3.0,29.687675039398073,False
Test year,73.0,167.92971572668398,False
Test year,65.0,127.97484042342336,False
Test year,139.0,254.31901316237747,False
Test year,-13.0,174.67553848494003,False
Test year,-213.0,-57.77786270148033,False
Test year,-256.0,-332.59854286228153,False
Test year,-269.0,-323.6791786419707,False
Test year,-348.0,-398.0912473037597,False
Test year,-203.0,-252.44539003991457,False
Test year,-280.0,-225.8713799679552,False
Test year,-312.0,-288.01479335126953,False
Test year,-432.0,-144.2238697187078,False
Test year,-154.0,-255.6200407359321,False
Test year,-206.0,-105.46956640001159,False
Test year,-13.0,-49.59108666162814,False
Test year,-85.0,-11.0517203672008,False
Test year,110.0,86.3300875615393,False
Test year,215.0,170.051080741334,False
Test year,296.0,274.76647719011146,False
Test year,493.0,397.1222935947087,False
Test year,554.0,499.4990115071265,False
Test year,701.0,582.1491247091386,False
Test year,726.0,613.2173973284445,False
Test year,698.0,659.7760897364126,False
Test year,487.0,504.2309842698178,False
Test year,404.0,432.1294093702352,False
Test year,158.0,157.96888437155945,False
Test year,-130.0,-11.394128663846118,False
Test year,-115.0,-143.4836553298897,False
Test year,-157.0,-123.62927041075977,False
Test year,-153.0,-154.8830310814023,False
Test year,-98.0,-182.07842183563116,False
Test year,-118.0,-125.6457552532583,False
Test year,-212.0,-157.0626714196972,False
Test year,-47.0,-143.48940183298072,False
Test year,-87.0,-132.08876509963977,False
Test year,-107.0,-134.85570677242904,False
Test year,-188.0,-108.9341090132719,False
Test year,-98.0,-156.49338641303473,False
Test year,-110.0,-147.20452088934627,False
Test year,-112.0,-128.56994716426186,False
Test year,-160.0,-141.34569927623568,False
Test year,-121.0,-109.55512172600007,False
Test year,-104.0,-87.5506665650621,False
Test year,-62.0,-42.07596097519587,False
Test year,-34.0,-6.446095660647131,False
Test year,30.0,76.25117151159458,False
Test year,45.0,56.72353690599812,False
Test year,219.0,200.33210951298196,False
Test year,258.0,223.23448438884256,False
Test year,383.0,376.5085177439288,False
Test year,187.0,340.02067217472165,False
Test year,-67.0,43.59442420446658,False
Test year,-207.0,-269.65175888937847,False
Test year,-345.0,-295.96325949689435,False
Test year,-452.0,-418.9595478560284,False
Test year,-371.0,-316.34809405733284,False
Test year,-263.0,-328.423750076671,False
Test year,-386.0,-206.47972591747265,False
Test year,-278.0,-200.33358967532862,False
Test year,-243.0,-166.66239441093828,False
Test year,-172.0,-92.96505533307268,False
Test year,-46.0,-41.54051751564384,False
Test year,-10.0,56.833159724053075,False
Test year,97.0,129.80430583670244,False
Test year,149.0,198.44874768892905,False
Test year,255.0,257.9288300462451,False
Test year,499.0,385.8140977457008,False
Test year,577.0,516.9069009447473,False
Test year,606.0,614.0455720623085,False
Test year,684.0,537.6603978276364,False
Test year,677.0,633.4705270352156,False
Test year,426.0,487.43609988392666,False
Test year,415.0,382.019524231595,False
Test year,63.0,160.49791675622902,False
Test year,-46.0,-70.15999979984136,False
Test year,-210.0,-118.3613581520799,False
Test year,-193.0,-158.87364110667983,False
Test year,-111.0,-182.8232549745112,False
Test year,-188.0,-172.518517449056,False
Test year,-127.0,-157.11810617381178,False
Test year,-210.0,-169.20412571456188,False
Test year,-33.0,-141.01738116084584,False
Test year,-89.0,-123.17773414134268,False
Test year,-204.0,-131.7990372630757,False
Test year,-123.0,-152.52244432944804,False
Test year,-63.0,-146.42295874587347,False
Test year,-145.0,-130.04565303141072,False
Test year,-202.0,-143.61181647013598,False
Test year,-190.0,-182.67456617357192,False
Test year,-180.0,-132.53636626039088,False
Test year,-88.0,-114.52442947753593,False
Test year,-56.0,-41.51559496571406,False
Test year,-64.0,-1.7246229982008288,False
Test year,27.0,64.92038905861926,False
Test year,69.0,54.310105602043365,False
Test year,223.0,212.96241770926764,False
Test year,232.0,226.44596210555773,False
Test year,427.0,358.7607333237937,False
Test year,264.0,369.3136377088797,False
Test year,-113.0,83.94843956653227,False
Test year,-346.0,-294.393014498043,False
Test year,-376.0,-348.68313654054964,False
Test year,-488.0,-459.80197941337104,False
Test year,-484.0,-338.92856311686,False
Test year,-278.0,-373.8384018823181,False
Test year,-368.0,-229.8789319000778,False
Test year,-306.0,-178.7466449600014,False
Test year,-226.0,-150.56715272837033,False
Test year,-65.0,-82.48558213750806,False
Test year,13.0,-8.229507431589866,False
Test year,-4.0,100.10925653989341,False
Test year,93.0,149.13101617796963,False
Test year,179.0,210.8332191917279,False
Test year,302.0,284.2663279256415,False
Test year,421.0,423.96776724569884,False
Test year,533.0,465.2705783842244,False
Test year,622.0,584.0286152104901,False
Test year,694.0,551.9043543810601,False
Test year,631.0,637.1480560533261,False
Test year,354.0,448.3118559845149,False
Test year,381.0,337.02135573862273,False
Test year,99.0,137.78968873179952,False
Test year,-36.0,-47.665535180761594,False
Test year,-255.0,-112.28998683902029,False
Test year,-135.0,-173.50937463294412,False
Test year,-191.0,-166.48206241308287,False
Test year,-233.0,-195.5610959066205,False
Test year,-144.0,-180.31509111729588,False
Test year,-213.0,-178.75659748008596,False
Test year,-66.0,-140.88593133013663,False
Test year,-124.0,-134.05890958131937,False
Test year,-126.0,-144.10190737008898,False
Test year,-176.0,-126.34940860704552,False
Test year,-100.0,-159.47338569547264,False
Test year,-110.0,-152.0780958710797,False
Test year,-176.0,-133.80071377483364,False
Test year,-197.0,-170.44636240278976,False
Test year,-143.0,-133.49151696175295,False
Test year,-146.0,-102.62240419024766,False
Test year,-106.0,-62.43579202747401,False
Test year,-61.0,-29.761093925904362,False
Test year,30.0,60.40454089781116,False
Test year,68.0,54.281047915919004,False
Test year,220.0,211.04760247348793,False
Test year,262.0,223.44662466138504,False
Test year,403.0,377.1149319282302,False
Test year,216.0,353.02526621746046,False
Test year,-95.0,61.24374412678367,False
Test year,-280.0,-281.00444825701425,False
Test year,-405.0,-333.09772595456377,False
Test year,-490.0,-456.43116911344566,False
Test year,-406.0,-348.4796775004634,False
Test year,-202.0,-345.54004889407827,False
Test year,-348.0,-184.6670227607574,False
Test year,-311.0,-170.68929313297036,False
Test year,-197.0,-157.11533112886417,False
Test year,-122.0,-78.38929574048905,False
Test year,-68.0,-0.6166173164627935,False
Test year,50.0,62.19482082264062,False
Test year,156.0,155.86638780205192,False
Test year,206.0,242.77046279273213,False
Test year,292.0,295.57533534105636,False
Test year,476.0,415.74764293628556,False
Test year,560.0,500.9734266885046,False
Test year,639.0,597.4121968729986,False
Test year,587.0,558.8725426704457,False
Test year,634.0,547.4653525795866,False
Test year,337.0,463.6628422763887,False
Test year,312.0,326.99057415355963,False
Test year,125.0,86.23093443898341,False
Test year,-136.0,-29.64163660889554,False
Test year,-224.0,-148.947793581457,False
Test year,-218.0,-167.1024439035881,False
Test year,-129.0,-189.59970357702372,False
Test year,-151.0,-178.13556787729755,False
Test year,-60.0,-140.29154887361057,False
Test year,-188.0,-135.22723074557712,False
Test year,-87.0,-125.7377626216377,False
Test year,-131.0,-141.05901291981718,False
Test year,-129.0,-149.8413029918716,False
Test year,-170.0,-125.61076116903024,False
Test year,-77.0,-154.65199020969857,False
Test year,-124.0,-139.3123480968357,False
Test year,-178.0,-135.0531628825246,False
Test year,-170.0,-170.32066580860885,False
Test year,-141.0,-121.21604680257991,False
Test year,-145.0,-96.71463788061624,False
Test year,-51.0,-60.15568643525751,False
Test year,-22.0,-5.238624153248168,False
Test year,35.0,83.00391996051951,False
Test year,69.0,60.486623177853375,False
Test year,220.0,212.97167090490342,False
Test year,214.0,224.6112781959413,False
Test year,358.0,348.175572568854,False
Test year,223.0,325.7205547572996,False
Test year,-54.0,75.48178390191606,False
Test year,-244.0,-250.42697191867234,False
Test year,-308.0,-309.12284948859985,False
Test year,-419.0,-416.08930686365574,False
Test year,-398.0,-304.91932837021284,False
Test year,-195.0,-331.3077711363761,False
Test year,-309.0,-195.62898114232365,False
Test year,-326.0,-157.20085580197568,False
Test year,-204.0,-147.95298701308536,False
Test year,-40.0,-80.97015698673914,False
Test year,36.0,36.64586573219941,False
Test year,49.0,118.90796801394606,False
Test year,168.0,161.4959143838056,False
Test year,311.0,259.12490096743545,False
Test year,398.0,355.5860927820586,False
Test year,524.0,470.30744468286014,False
Test year,569.0,507.7427908116105,False
Test year,587.0,580.163666454863,False
Test year,425.0,507.40937920082615,False
Test year,442.0,448.8450368403299,False
Test year,233.0,333.24698198832107,False
Test year,314.0,262.97983166703705,False
Test year,54.0,75.54001011255605,False
Test year,-142.0,-70.48610218148585,False
Test year,-206.0,-158.50301454634123,False
Test year,-187.0,-165.94867008680382,False
Test year,-214.0,-180.3718793123196,False
Test year,-140.0,-210.19027180486574,False
Test year,-172.0,-148.99178844144393,False
Test year,-210.0,-179.55287894201655,False
Test year,-52.0,-144.47240970014798,False
Test year,-139.0,-129.2319187580219,False
Test year,-149.0,-150.00652058229338,False
Test year,-150.0,-135.71237436430658,False
Test year,-92.0,-150.33635381790543,False
Test year,-135.0,-144.52235044031903,False
Test year,-165.0,-141.72173602634393,False
Test year,-188.0,-167.33468104687864,False
Test year,-184.0,-127.5590333470347,False
Test year,-132.0,-116.50236707889758,False
Test year,-27.0,-60.46768313129684,False
Test year,-44.0,6.026067264145695,False
Test year,10.0,74.51656337410236,False
Test year,35.0,46.97257057274416,False
Test year,227.0,194.85407286592692,False
Test year,201.0,227.48755004618474,False
Test year,351.0,340.1667094315948,False
Test year,162.0,328.2038192626636,False
Test year,-41.0,52.42556741363177,False
Test year,-211.0,-259.44672505236474,False
Test year,-170.0,-242.3674453038147,False
Test year,-237.0,-318.1725729161269,False
Test year,-279.0,-207.19103078509022,False
Test year,-165.0,-257.7466683303532,False
Test year,-167.0,-190.61877825443509,False
Test year,-192.0,-104.78202611286582,False
Test year,11.0,-84.06690835457249,False
Test year,-131.0,78.52073238248249,False
Test year,-138.0,-23.253433819850102,False
Test year,-54.0,-22.494152141216944,False
Test year,113.0,58.40879359888288,False
Test year,235.0,218.133354946223,False
Test year,133.0,287.9630372306765,False
Test year,441.0,297.9374353021124,False
Test year,563.0,458.0234373816967,False
Test year,590.0,571.9320172106359,False
Test year,404.0,527.6748685103636,False
Test year,333.0,437.6532614567436,False
Test year,237.0,264.33728557861343,False
Test year,273.0,271.5165105577884,False
Test year,-9.0,50.802280076697,False
Test year,-131.0,-92.73482355866642,False
Test year,-250.0,-150.3181352353598,False
Test year,-200.0,-174.78882343622826,False
Test year,-110.0,-185.13110944780868,False
Test year,-154.0,-167.09773123096443,False
Test year,-92.0,-139.00834840382157,False
Test year,-192.0,-147.4045286042005,False
Test year,-6.0,-128.28583291292446,False
Test year,-101.0,-107.01533724286742,False
Test year,-125.0,-133.06439669314855,False
Test year,-131.0,-135.48579475385344,False
Test year,-119.0,-153.66269021915883,False
Test year,-116.0,-166.37534916994474,False
Test year,-185.0,-149.51125168250798,False
Test year,-219.0,-185.9557236867205,False
Test year,-159.0,-154.2742605451653,False
Test year,-125.0,-122.96997970281774,False
Test year,-68.0,-66.76035904307389,False
Test year,-84.0,-22.880360328916424,False
Test year,-29.0,42.95768549655992,False
Test year,4.0,14.704721443082235,False
Test year,88.0,166.6083099837187,False
Test year,71.0,135.5668682529211,False
Test year,200.0,257.16350951695193,False
Test year,100.0,217.68521024921063,False
Test year,-121.0,13.842047166446434,False
Test year,-242.0,-290.4353075434476,False
Test year,-308.0,-326.50314215240496,False
Test year,-422.0,-431.93701259234354,False
Test year,-389.0,-316.69534141514856,False
Test year,-215.0,-346.05202543081083,False
Test year,-373.0,-196.44362466826644,False
Test year,-324.0,-183.02050244337445,False
Test year,-206.0,-188.94049256295898,False
Test year,-208.0,-95.96911708296307,False
Test year,-96.0,-45.63134321971404,False
Test year,-37.0,9.34388256370778,False
Test year,100.0,95.83546330488582,False
Test year,162.0,194.66782868213338,False
Test year,245.0,251.53771063046236,False
Test year,465.0,363.14687927312025,False
Test year,526.0,473.4678661028279,False
Test year,704.0,554.8271954241641,False
Test year,721.0,600.7210146766172,False
Test year,654.0,653.5728639229944,False
Test year,413.0,477.78153371167036,False
Test year,359.0,391.9472392780076,False
Test year,117.0,117.21466453728098,False
Test year,-101.0,-23.56543514756504,False
Test year,-168.0,-126.8396183595354,False
Test year,-111.0,-136.4951446061819,False
Test year,-28.0,-138.09042004278405,False
Test year,-76.0,-124.91039459634925,False
Test year,-120.0,-105.89328711456866,False
Test year,-137.0,-156.2302738268276,False
Test year,-29.0,-115.70012770798337,False
Test year,-53.0,-117.2505349286863,False
Test year,-105.0,-122.23721562174777,False
Test year,-122.0,-120.77247577315154,False
Test year,-113.0,-145.91625025634016,False
Test year,-136.0,-161.06783363268977,False
Test year,-150.0,-155.12951030651237,False
Test year,-178.0,-172.931194509198,False
Test year,-174.0,-133.5365248408138,False
Test year,-97.0,-123.1929777167257,False
Test year,-98.0,-57.17750949116214,False
Test year,-17.0,-32.76175970639275,False
Test year,-36.0,68.98342594150543,False
Test year,-30.0,15.963180504220759,False
Test year,73.0,150.6384696181728,False
Test year,107.0,125.98991379102381,False
Test year,212.0,276.05671149755625,False
Test year,34.0,228.84633826100978,False
Test year,-118.0,-11.245324503796326,False
Test year,-322.0,-282.0499183078647,False
Test year,-324.0,-357.56775604255256,False
Test year,-401.0,-443.4908813599214,False
Test year,-416.0,-320.16728908234353,False
Test year,-164.0,-348.2374640627919,False
Test year,-373.0,-203.29864391491182,False
Test year,-383.0,-190.76191357482105,False
Test year,-165.0,-217.14991702079345,False
Test year,-163.0,-107.29836906938573,False
Test year,-30.0,-52.62229138141737,False
Test year,3.0,30.183355368942898,False
Test year,97.0,104.96087537307318,False
Test year,145.0,179.57364150226243,False
Test year,279.0,224.9965938740889,False
Test year,459.0,372.2673368487007,False
Test year,628.0,460.82462823932997,False
Test year,635.0,631.1532213655646,False
Test year,744.0,539.2434713497538,False
Test year,687.0,687.6701545457054,False
Test year,487.0,511.6961533051599,False
Test year,353.0,445.9119278734176,False
Test year,171.0,102.70179636603967,False
Test year,-90.0,3.6453774611149754,False
Test year,-201.0,-126.07576520139068,False
Test year,-132.0,-151.7053175187596,False
Test year,-90.0,-153.22465302635578,False
Test year,-126.0,-154.34744586583537,False
Test year,-114.0,-130.7969127289204,False
Test year,-184.0,-158.0501383948848,False
Test year,-66.0,-132.78040251184999,False
Test year,-89.0,-136.7517353721234,False
Test year,-161.0,-137.58902159828182,False
Test year,-103.0,-130.6320397502484,False
Test year,-69.0,-129.12491091574748,False
Test year,-118.0,-127.08566899185718,False
Test year,-159.0,-130.49897501616488,False
Test year,-197.0,-161.4356566501644,False
Test year,-124.0,-129.12831333631573,False
Test year,-105.0,-93.26378987913648,False
Test year,-28.0,-42.64837340224989,False
Test year,-55.0,8.187434185657139,False
Test year,35.0,69.65847365719156,False
Test year,59.0,57.852824443646085,False
Test year,238.0,207.52161449557784,False
Test year,271.0,235.56691382570486,False
Test year,465.0,384.5958251378363,False
Test year,429.0,409.68701737009707,False
Test year,5.0,228.33896191433723,False
Test year,-246.0,-231.14299507459154,False
Test year,-367.0,-314.89588621613876,False
Test year,-488.0,-443.8416277820031,False
Test year,-456.0,-349.40975676206983,False
Test year,-193.0,-374.78557451853385,False
Test year,-290.0,-182.2939748772561,False
Test year,-271.0,-138.34591748610342,False
Test year,4.0,-83.62865307146774,False
Test year,-17.0,19.49943861762702,False
Test year,-41.0,62.19878697335389,False
Test year,-94.0,5.650758744270206,False
Test year,-21.0,84.46145113369602,False
Test year,116.0,116.72247129431159,False
Test year,156.0,210.69830796333758,False
Test year,410.0,304.2849329779076,False
Test year,442.0,445.77674010095245,False
Test year,513.0,498.21520116055984,False
Test year,568.0,483.5080602386166,False
Test year,633.0,564.489733139442,False
Test year,417.0,485.7124902521333,False
Test year,436.0,390.8776789910728,False
Test year,92.0,152.9069641721511,False
Test year,-109.0,-52.01123139322263,False
Test year,-192.0,-143.20356299483865,False
Test year,-214.0,-157.11268807890127,False
Test year,-118.0,-188.24147981887904,False
Test year,-167.0,-177.88325230515272,False
Test year,-146.0,-149.66275227006497,False
Test year,-222.0,-173.8915853033468,False
Test year,-102.0,-147.22709803704893,False
Test year,-137.0,-151.76954290011747,False
Test year,-163.0,-153.3410702591101,False
Test year,-140.0,-138.57848691788553,False
Test year,-161.0,-145.98434799644355,False
Test year,-97.0,-168.32136050707868,False
Test year,-198.0,-130.98829550447124,False
Test year,-181.0,-174.33067654872798,False
Test year,-139.0,-126.90217477707694,False
Test year,-155.0,-96.18803601121948,False
Test year,-41.0,-62.9248413200479,False
Test year,-51.0,-1.0672123578044932,False
Test year,21.0,72.10591544006274,False
Test year,82.0,53.111310872537274,False
Test year,224.0,220.1693420105114,False
Test year,252.0,228.71439706341923,False
Test year,432.0,372.9625555215652,False
Test year,398.0,387.77877449187156,False
Test year,129.0,239.0134923313458,False
Test year,-129.0,-105.91336777832953,False
Test year,-189.0,-205.88052226454352,False
Test year,-290.0,-328.9701341894581,False
Test year,-305.0,-207.79845284425608,False
Test year,-9.0,-313.4185813521824,False
Test year,-199.0,-85.70360824034708,False
Test year,64.0,-131.29702197238484,False
Test year,26.0,89.83660595257075,False
Test year,-44.0,-17.097290937445848,False
Test year,-210.0,-49.529206006980246,False
Test year,-105.0,-127.36586178850155,False
Test year,51.0,32.20977495727152,False
Test year,49.0,121.73985482652623,False
Test year,159.0,150.103203386404,False
Test year,207.0,282.8470717846309,False
Test year,194.0,287.41500211227054,False
Test year,342.0,351.9642601035666,False
Test year,396.0,374.95431257275277,False
Test year,448.0,454.50679585361934,False
Test year,391.0,356.4975272131968,False
Test year,402.0,374.9750802143117,False
Test year,85.0,118.77513143596508,False
Test year,-125.0,-56.59588034036085,False
Test year,-179.0,-153.60774854744818,False
Test year,-172.0,-158.05455121153778,False
Test year,-158.0,-175.8738234122963,False
Test year,-171.0,-192.8295105615989,False
Test year,-187.0,-159.59080379463546,False
Test year,-205.0,-193.36831386269574,False
Test year,-111.0,-148.3676146884457,False
Test year,-154.0,-155.42926597494449,False
Test year,-173.0,-162.52967272599858,False
Test year,-155.0,-149.8610740446582,False
Test year,-49.0,-157.95854984820426,False
Test year,-116.0,-130.10010292978387,False
Test year,-163.0,-134.04970877092276,False
Test year,-242.0,-167.58506053464987,False
Test year,-161.0,-150.35714126744335,False
Test year,-74.0,-116.92299679796548,False
Test year,-102.0,-35.996118096397424,False
Test year,-43.0,-22.125225507068592,False
Test year,30.0,67.75114371454117,False
Test year,39.0,54.74568412190766,False
Test year,201.0,195.94665641747758,False
Test year,245.0,209.77958349826616,False
Test year,482.0,364.98459015666657,False
Test year,416.0,421.8047843502091,False
Test year,130.0,250.92631008273486,False
Test year,-68.0,-111.69620162807348,False
Test year,-246.0,-196.16885995833917,False
Test year,-435.0,-343.3396396773188,False
Test year,-300.0,-348.0144594803352,False
Test year,-107.0,-312.4447783313341,False
Test year,34.0,-59.63265172346496,False
Test year,-193.0,-0.6423335112581583,False
Test year,-73.0,-111.03647369936607,False
Test year,-259.0,-105.74090462537748,False
Test year,-172.0,-146.74605664701687,False
Test year,-72.0,-76.51088968567672,False
Test year,-159.0,50.804609448021665,False
Test year,-60.0,3.9274661012597107,False
Test year,69.0,87.19901327262784,False
Test year,197.0,264.8101939855386,False
Test year,427.0,299.5420175025784,False
Test year,471.0,505.09065498543885,False
Test year,569.0,445.98454016686134,False
Test year,632.0,565.3252736306971,False
Test year,382.0,486.1997149951087,False
Test year,361.0,359.6136548466156,False
Test year,66.0,89.45494405399666,False
Test year,-101.0,-61.79910839734333,False
Test year,-187.0,-142.98409159268917,False
Test year,-164.0,-157.52041456736788,False
Test year,-145.0,-172.92453822275763,False
Test year,-140.0,-186.46876687022137,False
Test year,-168.0,-146.74305024522067,False
Test year,-152.0,-183.89949918911407,False
Test year,-129.0,-128.29188581011323,False
Test year,-142.0,-158.8956792593686,False
Test year,-142.0,-162.51653517476768,False
Test year,-102.0,-135.56441495013564,False
Test year,-100.0,-133.2811300422528,False
Test year,-132.0,-145.863595270347,False
Test year,-130.0,-143.83462569650885,False
Test year,-255.0,-155.71606787803563,False
Test year,-122.0,-150.78065807648335,False
Test year,-145.0,-102.43891804872368,False
Test year,-30.0,-59.30123635751221,False
Test year,-17.0,2.8735522112532976,False
Test year,12.0,85.69539093178173,False
Test year,74.0,49.02519462453117,False
Test year,201.0,213.34098175694248,False
Test year,238.0,211.34609032489664,False
Test year,425.0,360.42265912856726,False
Test year,425.0,380.3469766977212,False
Test year,136.0,248.54106193387503,False
Test year,-43.0,-99.80211150729212,False
Test year,-155.0,-186.60962739488355,False
Test year,-340.0,-305.6578346524398,False
Test year,-212.0,-227.43182550161794,False
Test year,-81.0,-269.4523470669143,False
Test year,-211.0,-136.54685236918735,False
Test year,-230.0,-155.35976133466656,False
Test year,-186.0,-188.06417910255857,False
Test year,-154.0,-111.83104278051454,False
Test year,-184.0,-61.0167290417989,False
Test year,-71.0,-88.66543970259374,False
Test year,-113.0,57.36955436989001,False
Test year,75.0,55.18414054831595,False
Test year,88.0,183.18064555326504,False
Test year,327.0,268.59429391648644,False
Test year,270.0,377.15766945088063,False
Test year,426.0,387.3697410315403,False
Test year,492.0,432.2809577803032,False
Test year,532.0,504.1096734305793,False
Test year,286.0,411.7965979365731,False
Test year,423.0,303.6591093366943,False
Test year,82.0,137.60253313229396,False
Test year,-73.0,-55.19376360825959,False
Test year,-234.0,-131.28668733827251,False
Test year,-64.0,-172.1196313191778,False
Test year,-146.0,-140.54216944619333,False
Test year,-121.0,-178.97780498965147,False
Test year,-194.0,-141.34703707233217,False
Test year,-250.0,-193.39423050261888,False
Test year,-49.0,-168.50124616047702,False
Test year,-126.0,-139.36790870969446,False
Test year,-153.0,-150.05369211165407,False
Test year,-142.0,-140.91049415126764,False
Test year,-89.0,-152.60116497647448,False
Test year,-147.0,-147.07513938590972,False
Test year,-169.0,-150.23405518442706,False
Test year,-245.0,-173.68772382771613,False
Test year,-157.0,-152.03323810971983,False
Test year,-114.0,-115.37957050804863,False
Test year,-56.0,-51.096685445465994,False
Test year,-53.0,-5.653316662247164,False
Test year,9.0,68.00370639372977,False
Test year,67.0,45.1362512971952,False
Test year,210.0,209.46557202976942,False
Test year,233.0,216.39931380165302,False
Test year,474.0,357.13830606234956,False
Test year,330.0,416.84217252366307,False
Test year,130.0,173.21480178491402,False
Test year,-126.0,-151.3109023806232,False
Test year,-359.0,-247.84173894468154,False
Test year,-496.0,-436.79552507409244,False
Test year,-284.0,-357.42008386517057,False
Test year,-247.0,-300.5683714599562,False
Test year,-151.0,-185.14031624228613,False
Test year,-201.0,-58.77546889603585,False
Test year,101.0,-87.5758057211196,False
Test year,66.0,121.4050705575261,False
Test year,-66.0,102.04066264413495,False
Test year,-21.0,-3.914062879153164,False
Test year,73.0,65.17333666335753,False
Test year,28.0,167.29795091698978,False
Test year,-26.0,155.02181857157092,False
Test year,345.0,205.05010798516918,False
Test year,301.0,389.0491406562109,False
Test year,493.0,405.4266622208463,False
Test year,493.0,467.7224193579399,False
Test year,401.0,512.7436856135209,False
Test year,285.0,314.9925567753924,False
Test year,230.0,308.91817999382675,False
Test year,-33.0,10.346340549206104,False
Test year,-110.0,-92.80158726915786,False
Test year,-167.0,-139.39855164177962,False
Test year,-178.0,-139.57942644635574,False
Test year,-110.0,-165.29017316800565,False
Test year,-89.0,-164.82246362919938,False
Test year,-89.0,-115.20350999345783,False
Test year,-196.0,-142.3946477151905,False
Test year,-68.0,-131.98257260019213,False
Test year,-56.0,-135.49680821218146,False
Test year,-138.0,-120.30383629981364,False
Test year,-163.0,-138.80276555306216,False
Test year,-38.0,-168.8550149298024,False
Test year,-147.0,-138.47879683938385,False
Test year,-175.0,-157.18126580904382,False
Test year,-287.0,-186.7499398707339,False
Test year,-45.0,-179.48208454811828,False
Test year,-97.0,-87.80883956911293,False
Test year,-157.0,-46.00780504384187,False
Test year,-92.0,-56.87368197879027,False
Test year,-3.0,31.034831961550935,False
Test year,53.0,25.410258113476715,False
Test year,76.0,190.91132121846294,False
Test year,-19.0,130.67178995769098,False
Test year,172.0,213.39012116155902,False
Test year,60.0,205.78204209315538,False
Test year,-33.0,37.83836398093774,False
Test year,-133.0,-201.07836977099834,False
Test year,-292.0,-244.40896143071473,False
Test year,-259.0,-394.0372467447464,False
Test year,-419.0,-302.6342946966243,False
Test year,-291.0,-375.88978538094557,False
Test year,-241.0,-238.0553694399576,False
Test year,-275.0,-162.0443137787542,False
Test year,-115.0,-101.56468879495293,False
Test year,-26.0,-55.21588658742337,False
Test year,-32.0,-24.20987141692808,False
Test year,40.0,69.95884504215735,False
Test year,88.0,123.02804117804175,False
Test year,130.0,176.977407117602,False
Test year,195.0,216.33731892162024,False
Test year,309.0,325.0858083879999,False
Test year,377.0,362.1052679862403,False
Test year,555.0,445.19648308739016,False
Test year,556.0,502.2793096709692,False
Test year,575.0,541.1189152023106,False
Test year,318.0,447.5621807871107,False
Test year,267.0,337.7516159631672,False
Test year,38.0,44.99443289113327,False
Test year,-42.0,-48.82853045286922,False
Test year,-152.0,-98.58853158467693,False
Test year,-128.0,-120.96118154228179,False
Test year,-63.0,-138.43881371591038,False
Test year,-97.0,-136.2723641804551,False
Test year,-98.0,-111.5940657607693,False
Test year,-121.0,-144.49245758835178,False
Test year,-44.0,-103.41352521962156,False
Test year,-64.0,-117.8982532967438,False
Test year,-100.0,-123.82902249809925,False
Test year,-185.0,-115.8323594606465,False
Test year,-34.0,-166.39088309180397,False
Test year,-106.0,-132.51956393078422,False
Test year,-144.0,-134.87521667607615,False
Test year,-206.0,-166.15877679170944,False
Test year,-153.0,-142.57293555533766,False
Test year,-128.0,-117.91962692571485,False
Test year,-21.0,-66.8924229122195,False
Test year,-19.0,-2.651818462613477,False
Test year,22.0,73.94314038046929,False
Test year,13.0,42.25606787178515,False
Test year,70.0,173.28198945078867,False
Test year,94.0,126.88135852323393,False
Test year,130.0,269.2307019512862,False
Test year,65.0,191.26813917909072,False
Test year,-39.0,39.493622781476404,False
Test year,-210.0,-217.77791035448894,False
Test year,-249.0,-286.18921571228924,False
Test year,-336.0,-391.94521637222067,False
Test year,-321.0,-293.41172519986327,False
Test year,-300.0,-330.3450764476043,False
Test year,-300.0,-229.4541085720255,False
Test year,-312.0,-192.18537922564713,False
Test year,-117.0,-176.834894953512,False
Test year,-144.0,-76.95518017653177,False
Test year,22.0,-50.49632722750397,False
Test year,-57.0,68.65098266532317,False
Test year,104.0,80.9587811937298,False
Test year,181.0,165.10650411868025,False
Test year,246.0,235.4240093173584,False
Test year,375.0,345.7611188624394,False
Test year,567.0,392.62881839539415,False
Test year,638.0,589.1156806734906,False
Test year,615.0,554.7062268150784,False
Test year,549.0,594.1806008698474,False
Test year,271.0,432.7052706595507,False
Test year,341.0,310.5714475805955,False
Test year,-134.0,91.79605949452147,False
Test year,-196.0,-118.58354050609489,False
Test year,67.0,-164.9810963824707,False
Test year,-98.0,-36.54116202720857,False
Test year,-81.0,-108.62407596126505,False
Test year,-85.0,-138.0469200304733,False
Test year,-88.0,-105.2324157937665,False
Test year,-91.0,-136.6431485865898,False
Test year,-32.0,-88.44287413474771,False
Test year,-91.0,-108.4075318514237,False
Test year,-102.0,-132.33770828709183,False
Test year,-135.0,-104.55128999544417,False
Test year,-36.0,-133.152988795029,False
Test year,-104.0,-114.11157471968482,False
Test year,-211.0,-121.06339611732412,False
Test year,-166.0,-179.1913670580493,False
Test year,-20.0,-122.7705493984559,False
Test year,-155.0,-45.55483896764102,False
Test year,-103.0,-54.731107451152695,False
Test year,-59.0,-28.59525734481784,False
Test year,95.0,62.31076735016012,False
Test year,5.0,87.8628450198197,False
Test year,49.0,183.89804420679008,False
Test year,57.0,127.88348911338636,False
Test year,181.0,261.5579201634842,False
Test year,132.0,231.68078780876363,False
Test year,-67.0,89.92506322206168,False
Test year,-221.0,-224.18621671480685,False
Test year,-316.0,-296.2814738069284,False
Test year,-300.0,-422.04159043626004,False
Test year,-236.0,-261.21875348506717,False
Test year,-226.0,-248.15293468180766,False
Test year,-283.0,-185.85996742233766,False
Test year,-235.0,-136.8754586909298,False
Test year,-65.0,-126.83868761948185,False
Test year,6.0,9.249445707788823,False
Test year,8.0,21.300260092013218,False
Test year,37.0,75.85699495622526,False
Test year,91.0,119.3101477075794,False
Test year,159.0,174.34580784703496,False
Test year,312.0,233.78912276909034,False
Test year,333.0,402.42684420019185,False
Test year,464.0,381.1237109227825,False
Test year,558.0,514.9000482640006,False
Test year,576.0,512.7813675462307,False
Test year,570.0,578.2903390272988,False
Test year,362.0,457.6932709916024,False
Test year,329.0,370.15462607258235,False
Test year,47.0,80.03147717794627,False
Test year,-107.0,-45.56129772359003,False
Test year,-201.0,-123.88926155474465,False
Test year,-187.0,-142.27318231704749,False
Test year,-98.0,-162.5629888355778,False
Test year,-124.0,-150.9417652058383,False
Test year,-172.0,-117.55727228450854,False
Test year,-161.0,-166.7919167371307,False
Test year,-66.0,-116.44269027027605,False
Test year,-111.0,-120.45100978138044,False
Test year,-59.0,-132.60362938746823,False
Test year,-133.0,-88.9565744790957,False
Test year,-2.0,-129.3276781318571,False
Test year,-140.0,-99.63628624936575,False
Test year,-182.0,-133.76130436253194,False
Test year,-192.0,-171.09980088637815,False
Test year,-178.0,-128.36550833440128,False
Test year,-104.0,-112.41306776389314,False
Test year,121.0,-46.565533699708794,False
Test year,-122.0,82.57876996333088,False
Test year,-2.0,48.98365981295734,False
Test year,52.0,36.51167972560927,False
Test year,204.0,203.97340043036758,False
Test year,248.0,215.90523310427506,False
Test year,487.0,371.8106101361453,False
Test year,499.0,438.14303099239277,False
Test year,145.0,315.0728475188538,False
Test year,-212.0,-147.1697020299015,False
Test year,-342.0,-298.5092654220631,False
Test year,-578.0,-431.16639039399746,False
Test year,-406.0,-385.62726786726284,False
Test year,-239.0,-400.78750783967695,False
Test year,-360.0,-198.4932432686416,False
Test year,-267.0,-186.23014504035064,False
Test year,-60.0,-143.34305449797154,False
Test year,-114.0,4.9416785371321055,False
Test year,-19.0,41.685067883973204,False
Test year,9.0,41.57990198298734,False
Test year,48.0,137.83591712949988,False
Test year,219.0,168.7190902629625,False
Test year,253.0,280.86169324988276,False
Test year,378.0,374.0264727531708,False
Test year,483.0,411.06524253656676,False
Test year,541.0,529.5117166284833,False
Test year,590.0,491.79060480881935,False
Test year,557.0,576.626960275453,False
Test year,283.0,427.81596857428246,False
Test year,365.0,299.24531444685306,False
Test year,14.0,85.37397205641827,False
Test year,-192.0,-81.9650296111119,False
Test year,-188.0,-176.518756563143,False
Test year,-157.0,-162.44398549952058,False
Test year,-130.0,-164.58476200103655,False
Test year,-133.0,-174.35573797630866,False
Test year,-163.0,-137.1796022180581,False
Test year,-228.0,-175.93733793680485,False
Test year,-34.0,-150.4087433615669,False
Test year,-125.0,-124.50069334593604,False
Test year,-157.0,-143.90456518023072,False
Test year,-139.0,-140.25918303135268,False
Test year,-80.0,-149.83673556601417,False
Test year,-130.0,-141.74467888934618,False
Test year,-205.0,-141.8965737636943,False
Test year,-211.0,-184.9381878134655,False
Test year,-159.0,-143.53816757924722,False
Test year,-154.0,-111.56140591847532,False
Test year,71.0,-67.90202437131734,False
Test year,-104.0,47.71482949984659,False
Test year,91.0,51.99226097592947,False
Test year,-1.0,79.91167468142845,False
Test year,198.0,178.88670381108597,False
Test year,265.0,205.69493425886714,False
Test year,431.0,377.0742737090998,False
Test year,426.0,388.5284326610865,False
Test year,132.0,269.5435972532119,False
Test year,-261.0,-159.6508840027459,False
Test year,-410.0,-321.26689833558373,False
Test year,-489.0,-471.1478910587112,False
Test year,-373.0,-354.6818298634095,False
Test year,-278.0,-342.8316981132662,False
Test year,-281.0,-261.7094651770302,False
Test year,-295.0,-139.9699715451524,False
Test year,-119.0,-149.67068556605614,False
Test year,-38.0,-44.67892023922761,False
Test year,-20.0,29.944766342680282,False
Test year,35.0,83.05757026294646,False
Test year,286.0,139.4172362586088,False
Test year,262.0,310.29946314937774,False
Test year,266.0,303.46461150625987,False
Test year,333.0,373.7457392035306,False
Test year,424.0,359.29450759298567,False
Test year,485.0,491.0578235969081,False
Test year,477.0,444.2411730443788,False
Test year,430.0,489.09015117726096,False
Test year,279.0,340.18102938104914,False
Test year,245.0,295.70895063771707,False
Test year,-34.0,2.738099761773526,False
Test year,-109.0,-97.24152494806819,False
Test year,-178.0,-146.8485909198087,False
Test year,-197.0,-150.94923230480538,False
Test year,-66.0,-180.099197150054,False
Test year,-192.0,-156.14545506596426,False
Test year,-138.0,-156.65479972759056,False
Test year,-225.0,-175.6695581997722,False
Test year,-68.0,-149.3819000557617,False
Test year,-113.0,-140.963435990761,False
Test year,-113.0,-144.0948931126915,False
Test year,-186.0,-120.42561656237643,False
Test year,-7.0,-162.0682314499253,False
Test year,-162.0,-114.80161105711954,False
Test year,-158.0,-148.42592273665673,False
Test year,-196.0,-168.95017669105033,False
Test year,-193.0,-130.64076907994001,False
Test year,-141.0,-121.37643501693606,False
Test year,71.0,-65.21932690398756,False
Test year,-125.0,50.77205224273638,False
Test year,84.0,45.26167749983995,False
Test year,47.0,76.06904085622165,False
Test year,187.0,202.85469408034646,False
Test year,258.0,202.54114967224154,False
Test year,445.0,373.578515348355,False
Test year,347.0,400.5608770530905,False
Test year,103.0,212.18919737265668,False
Test year,-159.0,-147.24527689883723,False
Test year,-316.0,-275.6477010567706,False
Test year,-424.0,-416.08273407764966,False
Test year,-286.0,-322.123836750829,False
Test year,-188.0,-303.56778688485474,False
Test year,-191.0,-165.07352498183036,False
Test year,-141.0,-84.40094882468924,False
Test year,16.0,-9.609131597862415,False
Test year,-163.0,-15.419157884222784,False
Test year,-58.0,-47.24918530237869,False
Test year,24.0,41.81867286398193,False
Test year,20.0,101.30892226048132,False
Test year,83.0,149.14374590456663,False
Test year,241.0,188.33574598174107,False
Test year,396.0,351.48628874647875,False
Test year,394.0,421.1583089843063,False
Test year,486.0,456.2196078933827,False
Test year,500.0,453.4980340006391,False
Test year,373.0,511.14211977535945,False
Test year,245.0,297.22340453675247,False
Test year,322.0,274.3637376757196,False
Test year,-98.0,50.42273282100331,False
Test year,-109.0,-125.06032694959444,False
Test year,-179.0,-151.78674773338105,False
Test year,-155.0,-151.30449514946065,False
Test year,-81.0,-164.7012418642242,False
Test year,-121.0,-157.94583011168714,False
Test year,-228.0,-132.00102608113997,False
Test year,-184.0,-202.79274616081602,False
Test year,-79.0,-145.29457562845909,False
Test year,-127.0,-140.03097030322044,False
Test year,-191.0,-150.25232413104845,False
Test year,-134.0,-153.14710416976357,False
Test year,-9.0,-151.06443101571352,False
Test year,-190.0,-110.90751427135535,False
Test year,-194.0,-160.1626573671383,False
Test year,-146.0,-186.88377462596696,False
Test year,-178.0,-116.11065629774072,False
Test year,-125.0,-110.20822423045996,False
Test year,-34.0,-57.713953109035344,False
Test year,-63.0,2.8690855917755584,False
Test year,95.0,65.436413346662,False
Test year,106.0,86.5824011964354,False
Test year,135.0,232.28471026946985,False
Test year,187.0,173.32692535477736,False
Test year,386.0,328.888007354572,False
Test year,325.0,359.1212700694647,False
Test year,203.0,210.09009662654057,False
Test year,-47.0,-64.94237077466215,False
Test year,-247.0,-193.55198709113432,False
Test year,-433.0,-388.0495069018284,False
Test year,-285.0,-315.4741517986013,False
Test year,-186.0,-305.96060283075553,False
Test year,-265.0,-172.2863248283042,False
Test year,-179.0,-146.80069795231682,False
Test year,107.0,-89.55214897169384,False
Test year,3.0,90.5482977310912,False
Test year,-5.0,49.368207959916106,False
Test year,-14.0,31.990256118033756,False
Test year,67.0,57.46375790199778,False
Test year,8.0,153.24490147132718,False
Test year,11.0,127.17482169574578,False
Test year,304.0,211.76208101823062,False
Test year,313.0,356.98463643505744,False
Test year,424.0,413.50756622675755,False
Test year,530.0,413.26507536690343,False
Test year,458.0,535.9369486774681,False
Test year,232.0,362.8897949164529,False
Test year,203.0,263.4173643944588,False
Test year,-111.0,-20.151542134658598,False
Test year,-149.0,-121.91226900371089,False
Test year,-196.0,-161.1467389056237,False
Test year,-151.0,-154.00744613174766,False
Test year,-113.0,-157.86617903917318,False
Test year,-97.0,-162.4980163715157,False
Test year,-143.0,-118.17673978395419,False
Test year,-173.0,-162.81518912271622,False
Test year,-25.0,-126.77546286586232,False
Test year,-52.0,-113.60138611727007,False
Test year,-145.0,-115.31941375134554,False
Test year,-141.0,-140.61237434278618,False
Test year,-40.0,-160.57488944672224,False
Test year,-162.0,-136.98124181017545,False
Test year,-185.0,-162.94198357676726,False
Test year,-209.0,-191.86356983816432,False
Test year,-179.0,-151.32692410244266,False
Test year,-91.0,-130.01378076956604,False
Test year,-25.0,-55.8187515524088,False
Test year,-167.0,-1.8611467675072788,False
Test year,-73.0,12.123399183206402,False
Test year,-11.0,-12.601583014380736,False
Test year,79.0,156.5507439855062,False
Test year,58.0,129.85878419539358,False
Test year,206.0,250.04144448054564,False
Test year,181.0,235.47888789215028,False
Test year,-32.0,136.28806326329806,False
Test year,-108.0,-187.39375107306057,False
Test year,-34.0,-228.2046481806711,False
Test year,-274.0,-260.717814906,False
Test year,-149.0,-258.3790285138236,False
Test year,-52.0,-242.21430237334596,False
Test year,-83.0,-65.52954514425582,False
Test year,-126.0,-72.69399230169324,False
Test year,220.0,-61.569535442694416,False
Test year,109.0,184.68003545371363,False
Test year,-18.0,72.72078417279988,False
Test year,43.0,-46.830827656958604,False
Test year,-67.0,95.99739464465745,False
Test year,-31.0,44.99627400217241,False
Test year,166.0,66.58725078153498,False
Test year,289.0,277.91771236012215,False
Test year,483.0,325.97876104169313,False
Test year,229.0,508.6259214721474,False
Test year,247.0,290.67628666993306,False
Test year,365.0,365.01251612569047,False
Test year,177.0,313.56960715659096,False
Test year,233.0,232.98533530233368,False
Test year,-21.0,0.36457102801620067,False
Test year,-150.0,-78.63933311415065,False
Test year,-135.0,-152.46927020636286,False
Test year,-178.0,-129.97299929260214,False
Test year,-70.0,-161.26996055589638,False
Test year,-123.0,-149.2425309198435,False
Test year,-113.0,-126.20979237320256,False
Test year,-174.0,-155.76868103669085,False
Test year,15.0,-127.50441790714046,False
Test year,-74.0,-100.08054390384103,False
Test year,-98.0,-127.17498727220789,False
Test year,-187.0,-118.04654440456693,False
Test year,-30.0,-168.96283413283487,False
Test year,-99.0,-132.95568874944064,False
Test year,-217.0,-133.46723244469692,False
Test year,14.0,-195.02164478817087,False
Test year,-271.0,-62.08626367885233,False
Test year,-161.0,-145.01727060977913,False
Test year,-74.0,-96.81527832818824,False
Test year,-101.0,-29.274312376746195,False
Test year,-55.0,35.385905362477445,False
Test year,31.0,1.7921135471086416,False
Test year,21.0,177.33574306582807,False
Test year,114.0,103.88469317550903,False
Test year,128.0,278.2991447302017,False
Test year,117.0,198.4341976661142,False
Test year,31.0,138.22369369281523,False
Test year,-75.0,-137.30598263125353,False
Test year,-151.0,-183.4586630280544,False
Test year,-128.0,-326.17737079956544,False
Test year,-112.0,-163.60541866485994,False
Test year,-90.0,-216.27449680932477,False
Test year,-137.0,-124.05853876490562,False
Test year,-307.0,-149.97365267079425,False
Test year,-73.0,-216.32612975728284,False
Test year,-9.0,-79.01081762884783,False
Test year,-28.0,72.4000240548026,False
Test year,129.0,5.3940408680377345,False
Test year,275.0,148.3610890271184,False
Test year,72.0,249.6188634572235,False
Test year,140.0,147.70794263347113,False
Test year,258.0,262.54486551920195,False
Test year,251.0,313.60327485319783,False
Test year,551.0,371.81402481278997,False
Test year,516.0,513.1484252088733,False
Test year,395.0,533.6336344580589,False
Test year,318.0,327.7933428467255,False
Test year,232.0,317.9691091288165,False
Test year,1.0,-5.921204068239831,False
Test year,-133.0,-74.5283282486003,False
Test year,-189.0,-150.04113975652672,False
Test year,-122.0,-153.2441230168185,False
Test year,-166.0,-149.71849245765748,False
Test year,-96.0,-183.87445327789715,False
Test year,-142.0,-126.61421618703446,False
Test year,-198.0,-166.17734010259636,False
Test year,-82.0,-140.30025852949547,False
Test year,-92.0,-144.36921090606893,False
Test year,-175.0,-139.04743193424383,False
Test year,-105.0,-135.31351159182566,False
Test year,-57.0,-130.28867071736653,False
Test year,-66.0,-121.428472211197,False
Test year,-232.0,-108.20296397504279,False
Test year,-49.0,-184.93072567146783,False
Test year,-142.0,-79.36377196502576,False
Test year,-88.0,-86.11074024410567,False
Test year,-153.0,-37.89117035324239,False
Test year,-64.0,-42.2243053121602,False
Test year,111.0,55.04145011892183,False
Test year,79.0,95.72326511049633,False
Test year,174.0,219.69687759990882,False
Test year,173.0,196.9841011594287,False
Test year,448.0,324.7250600623145,False
Test year,395.0,413.16682988846253,False
Test year,242.0,294.7553354986841,False
Test year,168.0,37.83625663719016,False
Test year,48.0,4.373609570441147,False
Test year,-44.0,-118.3603263038433,False
Test year,47.0,-34.595237597362825,False
Test year,-54.0,-83.00997371864804,False
Test year,-151.0,-170.94993985920382,False
Test year,106.0,-196.04659715866208,False
Test year,150.0,31.83536334140024,False
Test year,-3.0,24.156763369209557,False
Test year,35.0,-106.12029972703601,False
Test year,-1.0,-57.55572859209923,False
Test year,-221.0,-24.854409951615423,False
Test year,-292.0,-112.04946517517226,False
Test year,122.0,-129.88105843587556,False
Test year,68.0,216.94457137355462,False
Test year,132.0,189.44098507895308,False
Test year,271.0,295.79841443905804,False
Test year,248.0,315.73866674625697,False
Test year,321.0,360.7480606594196,False
Test year,308.0,273.86891753383327,False
Test year,218.0,293.6132620456398,False
Test year,-31.0,-26.706232656499537,False
Test year,-164.0,-103.71041957864256,False
Test year,-273.0,-176.7515504998289,False
Test year,-178.0,-197.48248933364556,False
Test year,-157.0,-190.389324012603,False
Test year,-160.0,-191.35076427126336,False
Test year,-160.0,-153.78847080369212,False
Test year,-261.0,-180.7583762986958,False
Test year,-105.0,-164.69916541804128,False
Test year,-148.0,-159.55797469404013,False
Test year,-178.0,-158.32546530722323,False
Test year,-161.0,-145.6249782231448,False
Test year,37.0,-155.71955202704407,False
Test year,-127.0,-88.63020455108943,False
Test year,-154.0,-130.71540332379345,False
Test year,-268.0,-162.16474144956476,False
Test year,-162.0,-156.45602242299515,False
Test year,-160.0,-118.6507204768838,False
Test year,-80.0,-67.87944145561858,False
Test year,-57.0,-18.412522849893833,False
Test year,37.0,66.52162305656134,False
Test year,140.0,60.130705362206925,False
Test year,190.0,251.67135910565318,False
Test year,284.0,208.49919415515203,False
Test year,455.0,392.83392347935916,False
Test year,407.0,413.9124563404311,False
Test year,98.0,278.9074058804381,False
Test year,-118.0,-138.31607782336306,False
Test year,-364.0,-251.2340838295471,False
Test year,-435.0,-435.6125994087383,False
Test year,-291.0,-337.4721496062861,False
Test year,-247.0,-336.8389801504741,False
Test year,-326.0,-203.70201796017662,False
Test year,-263.0,-186.84422831994485,False
Test year,-179.0,-157.6819866488467,False
Test year,-86.0,-75.26010847595902,False
Test year,-81.0,21.019990070409904,False
Test year,-36.0,-10.262338812466623,False
Test year,5.0,88.9513959620873,False
Test year,131.0,146.28869399940427,False
Test year,335.0,218.94826810120526,False
Test year,426.0,402.58445391339484,False
Test year,498.0,428.4247431012508,False
Test year,603.0,532.6005141949871,False
Test year,518.0,538.2809229996533,False
Test year,401.0,522.5903228168168,False
Test year,295.0,328.6916665302275,False
Test year,349.0,302.848456650496,False
Test year,-32.0,66.69399878200988,False
Test year,-83.0,-97.47545272843766,False
Test year,-211.0,-138.5941489929481,False
Test year,-167.0,-162.94013166174147,False
Test year,-147.0,-174.71620119252412,False
Test year,-130.0,-184.90704905454766,False
Test year,-176.0,-140.52273108434326,False
Test year,-194.0,-183.42525459190546,False
Test year,-105.0,-141.93411938912772,False
Test year,-137.0,-150.96723307481898,False
Test year,-145.0,-155.0296273392902,False
Test year,-136.0,-137.247331248068,False
Test year,-50.0,-147.74231867790417,False
Test year,-151.0,-129.9651197097188,False
Test year,-198.0,-148.8856897018074,False
Test year,-202.0,-185.28674710709294,False
Test year,-65.0,-139.4916462376779,False
Test year,-169.0,-72.98769171564012,False
Test year,-16.0,-65.51921152713322,False
Test year,-36.0,4.580998160842597,False
Test year,29.0,76.50938652110318,False
Test year,51.0,54.13657518473832,False
Test year,198.0,200.9653075013034,False
Test year,266.0,207.23001197980813,False
Test year,526.0,376.39419576125704,False
Test year,500.0,461.1417424242425,False
Test year,179.0,336.432938920232,False
Test year,-119.0,-89.80797975143622,False
Test year,-341.0,-245.71404981745343,False
Test year,-599.0,-422.1012996533882,False
Test year,-419.0,-405.51486880266646,False
Test year,-248.0,-404.1138548630859,False
Test year,-255.0,-231.26356210562713,False
Test year,23.0,-148.61761181402585,False
Test year,-157.0,-41.10633242624672,False
Test year,-323.0,-72.90493859709579,False
Test year,15.0,-74.5240514290042,False
Test year,-63.0,26.54163865741924,False
Test year,92.0,59.73387019253994,False
Test year,222.0,168.249874986478,False
Test year,190.0,253.46268236899618,False
Test year,228.0,314.71027744395786,False
Test year,389.0,307.2922104480194,False
Test year,530.0,465.0972278570573,False
Test year,580.0,491.13915017887956,False
Test year,504.0,576.0173561744072,False
Test year,362.0,396.73515698181603,False
Test year,245.0,334.94191734727644,False
Test year,38.0,-10.275638084708476,False
Test year,-62.0,-70.08710526242814,False
Test year,-206.0,-134.2383963796455,False
Test year,-198.0,-167.26023714470108,False
Test year,-107.0,-192.86456889457696,False
Test year,-146.0,-180.42808875006813,False
Test year,-182.0,-150.0060963853353,False
Test year,-215.0,-194.07620919273336,False
Test year,-98.0,-156.87211670154477,False
Test year,-126.0,-156.96713788967497,False
Test year,-119.0,-156.0994815619312,False
Test year,-169.0,-128.04136325697095,False
Test year,-67.0,-159.74705514308005,False
Test year,-140.0,-141.56967821242546,False
Test year,-194.0,-146.20308840911477,False
Test year,-203.0,-182.53801744008757,False
Test year,-159.0,-139.21412686920428,False
Test year,-127.0,-110.39680744687826,False
Test year,-37.0,-56.606980579751564,False
Test year,-34.0,1.1451091549472778,False
Test year,111.0,77.3438770517522,False
Test year,163.0,96.45850979341148,False
Test year,224.0,262.99445426504667,False
Test year,179.0,223.64305546922915,False
Test year,540.0,320.4654483703277,False
Test year,467.0,470.37081218884697,False
Test year,133.0,306.0256061347965,False
Test year,-229.0,-132.90177640165814,False
Test year,-399.0,-299.60993291375746,False
Test year,-531.0,-473.13635284389426,False
Test year,-343.0,-406.29412878570946,False
Test year,-178.0,-345.9057452177088,False
Test year,84.0,-127.95688746695973,False
Test year,45.0,118.54226407684527,False
Test year,-411.0,53.42123304285201,False
Test year,-340.0,-416.79759739671056,False
Test year,-218.0,-144.3992115611337,False
Test year,-87.0,-102.67318330049105,False
Test year,-2.0,69.25546641011863,False
Test year,131.0,144.6602400962974,False
Test year,149.0,222.98130626774616,False
Test year,376.0,298.2772240661733,False
Test year,464.0,414.88850668583194,False
Test year,756.0,510.9475013093493,False
Test year,632.0,651.1660840605446,False
Test year,674.0,588.9564307623052,False
Test year,559.0,513.7424305184501,False
Test year,533.0,451.3729794755518,False
Test year,100.0,150.74606072538484,False
Test year,-38.0,-88.64443841139845,False
Test year,-156.0,-161.83601879009555,False
Test year,-111.0,-186.8285657834022,False
Test year,-157.0,-195.20438242010175,False
Test year,-214.0,-231.3252658823837,False
Test year,-307.0,-218.8057751768519,False
Test year,-303.0,-281.2694937565044,False
Test year,-180.0,-235.1957361600339,False
Test year,-229.0,-225.73225922492867,False
Test year,-237.0,-223.05799409870548,False
Test year,-178.0,-202.7730220989722,False
Test year,-94.0,-191.71056058291714,False
Test year,-160.0,-166.39920202930688,False
Test year,-208.0,-167.48940222749866,False
Test year,-253.0,-199.76123207316436,False
Test year,-138.0,-167.6423825321591,False
Test year,-126.0,-115.51871338629093,False
Test year,-19.0,-59.295488258556475,False
Test year,-87.0,3.773357236016494,False
Test year,18.0,51.46588591152772,False
Test year,95.0,41.744723727250175,False
Test year,282.0,218.1807127135702,False
Test year,327.0,253.60829616250857,False
Test year,572.0,404.77498422384406,False
Test year,570.0,478.3776187714069,False
Test year,283.0,358.95564837039694,False
Test year,-188.0,-85.05247662732984,False
Test year,-445.0,-325.51134329641536,False
Test year,-564.0,-499.53639953867594,False
Test year,-526.0,-416.6377878572041,False
Test year,-434.0,-447.77665752211425,False
Test year,-316.0,-329.1000401492446,False
Test year,-317.0,-221.1557489998971,False
Test year,-260.0,-169.1582325571751,False
Test year,-264.0,-120.06076531297819,False
Test year,-96.0,-62.932979775438696,False
Test year,-109.0,5.907268711740812,False
Test year,97.0,77.26498441693246,False
Test year,76.0,182.92192438144568,False
Test year,221.0,196.1629720485294,False
Test year,409.0,339.94914310814636,False
Test year,506.0,421.74987753499653,False
Test year,569.0,539.5552108965795,False
Test year,690.0,503.6148815150369,False
Test year,620.0,654.8884446617758,False
Test year,357.0,477.99627023833904,False
Test year,324.0,311.78979784153887,False
Test year,-45.0,32.54526595734524,False
Test year,-103.0,-114.23632745901935,False
Test year,-133.0,-159.9217671322761,False
Test year,-134.0,-149.2388335852093,False
Test year,-111.0,-168.88710901655503,False
Test year,-166.0,-185.12130826255566,False
Test year,-151.0,-168.77771844750265,False
Test year,-175.0,-195.91435443190989,False
Test year,-77.0,-150.53199969481432,False
Test year,-172.0,-156.55931280425824,False
Test year,-229.0,-184.56019203059464,False
Test year,-172.0,-198.6940844233127,False
Test year,-52.0,-195.74430477002068,False
Test year,-178.0,-156.87231227613768,False
Test year,-206.0,-180.22450030658217,False
Test year,-185.0,-210.57607821304282,False
Test year,-174.0,-151.7171254536084,False
Test year,-108.0,-130.69388250292963,False
Test year,2.0,-66.93235984008237,False
Test year,-136.0,3.8843630191478553,False
Test year,1.0,22.10261752056232,False
Test year,-56.0,19.07274473996395,False
Test year,86.0,137.73491084900678,False
Test year,110.0,125.18958929961268,False
Test year,303.0,269.76550583926434,False
Test year,254.0,290.80193719828975,False
Test year,113.0,168.89526861789443,False
Test year,-101.0,-142.7580995946962,False
Test year,-271.0,-267.1063124612332,False
Test year,-427.0,-416.2552829759817,False
Test year,-445.0,-339.91362126353226,False
Test year,-347.0,-383.83590583264356,False
Test year,-430.0,-298.9660645601317,False
Test year,-333.0,-266.121847244234,False
Test year,-159.0,-188.14662721155014,False
Test year,-227.0,-91.20436404372253,False
Test year,-72.0,-55.87781199671815,False
Test year,17.0,15.884172242574664,False
Test year,88.0,125.0875921737748,False
Test year,51.0,176.79967638010177,False
Test year,240.0,173.53456995461164,False
Test year,383.0,338.5051858704343,False
Test year,563.0,391.1435942279326,False
Test year,577.0,574.4197055665999,False
Test year,618.0,499.01394162182834,False
Test year,608.0,598.4974213000455,False
Test year,352.0,485.3051050686672,False
Test year,350.0,330.5317064241347,False
Test year,11.0,68.45965337139819,False
Test year,-91.0,-74.93584627539227,False
Test year,-125.0,-137.49482795083847,False
Test year,-58.0,-131.18443978052255,False
Test year,-67.0,-125.79442816853867,False
Test year,-102.0,-150.7937395624495,False
Test year,-103.0,-132.08301850874784,False
Test year,-105.0,-164.30608375222153,False
Test year,-15.0,-114.57237229006307,False
Test year,-142.0,-121.36021048095034,False
Test year,-134.0,-168.96220016474595,False
Test year,-165.0,-149.7978459475932,False
Test year,-77.0,-173.77018099448986,False
Test year,-125.0,-159.22059626714815,False
Test year,-194.0,-155.0537078139618,False
Test year,-186.0,-194.9873617441064,False
Test year,-213.0,-146.6248641711053,False
Test year,-112.0,-142.5116517304881,False
Test year,-62.0,-70.65188426929168,False
Test year,-40.0,-21.224218957735644,False
Test year,14.0,60.263126077354855,False
Test year,6.0,35.404887545329814,False
Test year,51.0,167.96299278573076,False
Test year,137.0,114.90947374465931,False
Test year,211.0,288.6986349888521,False
Test year,203.0,241.1532589024257,False
Test year,152.0,152.5217894114915,False
Test year,-175.0,-97.00042755622746,False
Test year,-318.0,-285.05917194521277,False
Test year,-365.0,-429.82313519864397,False
Test year,-353.0,-322.9546496264309,False
Test year,-312.0,-340.2986277786627,False
Test year,-303.0,-246.7880013157087,False
Test year,-282.0,-195.52431624985238,False
Test year,-175.0,-162.73802396996047,False
Test year,-176.0,-66.16648020963476,False
Test year,-57.0,-61.44214366933892,False
Test year,3.0,5.357759046798037,False
Test year,137.0,99.3145309850184,False
Test year,296.0,182.45191147496678,False
Test year,297.0,286.00823075794335,False
Test year,369.0,365.46618791445763,False
Test year,482.0,382.2879928217268,False
Test year,537.0,523.0754897410167,False
Test year,517.0,486.5437203082199,False
Test year,441.0,537.3387852880278,False
Test year,325.0,369.85406466394295,False
Test year,284.0,319.5185379832815,False
Test year,85.0,29.911828156274055,False
Test year,-41.0,-34.19024252358676,False
Test year,-93.0,-112.44323318002046,False
Test year,-162.0,-113.8543929597356,False
Test year,-69.0,-161.50463532988374,False
Test year,-109.0,-157.37787931361635,False
Test year,-169.0,-130.80367515536415,False
Test year,-161.0,-185.47375422672422,False
Test year,-134.0,-136.87889462667079,False
Test year,-157.0,-167.54492552133286,False
Test year,-95.0,-174.90128531347318,False
Test year,-142.0,-115.24231408708596,False
Test year,68.0,-141.5869949002563,False
Test year,-183.0,-73.71174457112716,False
Test year,-211.0,-153.3781952551864,False
Test year,-214.0,-191.82181296123986,False
Test year,-102.0,-144.10375082485234,False
Test year,-119.0,-87.81267182212815,False
Test year,-67.0,-46.97489269525761,False
Test year,4.0,-10.31049537082987,False
Test year,29.0,92.60176366683424,False
Test year,48.0,58.039485810857656,False
Test year,190.0,201.28515297721944,False
Test year,267.0,204.82496187912304,False
Test year,524.0,380.8199760954093,False
Test year,532.0,467.7773893339976,False
Test year,264.0,383.365820717116,False
Test year,-8.0,0.26283289670266186,False
Test year,-241.0,-155.85386328641493,False
Test year,-314.0,-346.81453144346716,False
Test year,-148.0,-266.29997680406626,False
Test year,-73.0,-238.5711352808625,False
Test year,-287.0,-127.59820086089297,False
Test year,-258.0,-227.29936314790632,False
Test year,-191.0,-228.5467227686308,False
Test year,-101.0,-69.89771380613502,False
Test year,-182.0,-91.44772137950059,False
Test year,-104.0,-74.30596559435384,False
Test year,14.0,9.3364873051475,False
Test year,46.0,110.09810485618232,False
Test year,126.0,145.689383157877,False
Test year,305.0,269.3397478270226,False
Test year,350.0,338.2626420824607,False
Test year,532.0,440.038848438381,False
Test year,469.0,496.4330634952402,False
Test year,441.0,501.5001991682267,False
Test year,338.0,365.782465742706,False
Test year,390.0,310.41979060199367,False
Test year,-1.0,84.56071458235442,False
Test year,-165.0,-95.94277394233106,False
Test year,-164.0,-178.90490487987114,False
Test year,-199.0,-162.7340752567216,False
Test year,-162.0,-189.70191523856738,False
Test year,-160.0,-202.62920789333543,False
Test year,-232.0,-160.69985036875175,False
Test year,-221.0,-212.88488135270404,False
Test year,-147.0,-163.6330339099768,False
Test year,-104.0,-173.77502050296664,False
Test year,-179.0,-148.6366745401304,False
Test year,-153.0,-145.45044372440202,False
Test year,-51.0,-156.13240397827332,False
Test year,-120.0,-129.93410182277222,False
Test year,-218.0,-134.42639756907596,False
Test year,-95.0,-187.22052977346186,False
Test year,-249.0,-98.2819360000828,False
Test year,-178.0,-131.78044530672912,False
Test year,78.0,-87.34165314482993,False
Test year,-140.0,50.70069530517435,False
Test year,-4.0,40.169688441313724,False
Test year,119.0,33.1151131069806,False
Test year,181.0,237.53502354044238,False
Test year,259.0,201.96184056074247,False
Test year,466.0,375.24977746434166,False
Test year,484.0,421.56942616067465,False
Test year,269.0,347.8290611839511,False
Test year,-74.0,6.771417315917233,False
Test year,-187.0,-194.20381566220874,False
Test year,-306.0,-307.14419907441106,False
Test year,-94.0,-226.83189289509914,False
Test year,-12.0,-208.22139360225538,False
Test year,-7.0,-84.33577819877814,False
Test year,-129.0,-52.30808727827534,False
Test year,-111.0,-158.93287689784114,False
Test year,-125.0,-126.21178246737136,False
Test year,-8.0,-64.17350150889041,False
Test year,-229.0,-50.183695565669694,False
Test year,-73.0,-62.291623369078195,False
Test year,-76.0,27.327120695013406,False
Test year,82.0,87.5600499476796,False
Test year,162.0,228.039292998094,False
Test year,283.0,256.9559380994499,False
Test year,425.0,392.44042770286075,False
Test year,446.0,423.1052054702789,False
Test year,509.0,490.1616260503151,False
Test year,353.0,412.86513732368934,False
Test year,315.0,310.76557304920755,False
Test year,-82.0,30.525900500900264,False
Test year,-95.0,-126.30646468402608,False
Test year,-169.0,-156.6856921312492,False
Test year,-151.0,-158.2346586220977,False
Test year,-154.0,-173.99317332021297,False
Test year,-210.0,-196.4022532516521,False
Test year,-215.0,-180.66081374383828,False
Test year,-229.0,-214.27152546564332,False
Test year,-105.0,-165.46597148444482,False
Test year,-155.0,-160.1997116800494,False
Test year,-164.0,-166.11359925226537,False
Test year,-124.0,-150.00761881210542,False
Test year,11.0,-148.33413693125868,False
Test year,-207.0,-105.59361760952788,False
Test year,-191.0,-170.07910834752298,False
Test year,-226.0,-191.56693688251448,False
Test year,-199.0,-149.79129439725648,False
Test year,-142.0,-130.54013665621898,False
Test year,-111.0,-68.74178228624169,False
Test year,-15.0,-32.30505186667796,False
Test year,7.0,79.06759899608824,False
Test year,72.0,45.621020445573606,False
Test year,217.0,210.88044138193715,False
Test year,213.0,219.92887340757434,False
Test year,510.0,343.99160846224953,False
Test year,431.0,453.5690867990838,False
Test year,281.0,306.81277236264015,False
Test year,-38.0,19.698006709787194,False
Test year,-201.0,-177.95423648258367,False
Test year,-350.0,-332.24523004908724,False
Test year,-130.0,-277.52487417357327,False
Test year,-63.0,-240.89864919664106,False
Test year,-81.0,-73.66072121309759,False
Test year,-51.0,-80.14102807345444,False
Test year,-10.0,-104.73210022669065,False
Test year,-109.0,-54.19533902190861,False
Test year,-59.0,-115.35530928399601,False
Test year,16.0,-25.50950304605533,False
Test year,90.0,78.56308164829693,False
Test year,35.0,108.72122826837716,False
Test year,37.0,112.14266520398718,False
Test year,156.0,196.38628655170012,False
Test year,265.0,238.03762846482215,False
Test year,338.0,376.9093992367309,False
Test year,346.0,359.4946258028891,False
Test year,407.0,424.03984785325986,False
Test year,364.0,334.8015955122173,False
Test year,287.0,313.5474945008859,False
Test year,-68.0,8.499496363004312,False
Test year,-76.0,-124.77893988522948,False
Test year,-212.0,-153.36585250691502,False
Test year,-134.0,-177.58048080976295,False
Test year,-123.0,-177.41162940535952,False
Test year,-196.0,-187.850150226324,False
Test year,-159.0,-177.88752799593584,False
Test year,-301.0,-197.97364501239014,False
Test year,-98.0,-191.0442238018553,False
Test year,-131.0,-174.4933093716039,False
Test year,-202.0,-161.61760600964163,False
Test year,-146.0,-162.85398935222662,False
Test year,-20.0,-161.97502394194726,False
Test year,-149.0,-121.57406509948771,False
Test year,-226.0,-148.9845130505739,False
Test year,-227.0,-197.5195559584388,False
Test year,-190.0,-153.80187574312856,False
Test year,-189.0,-126.04037219561167,False
Test year,73.0,-84.68586686708949,False
Test year,-5.0,45.37447067077275,False
Test year,25.0,94.809222178749,False
Test year,52.0,54.692899650469144,False
Test year,163.0,201.8125727686771,False
Test year,204.0,186.95092175990152,False
Test year,463.0,338.315818909163,False
Test year,474.0,417.37319670828737,False
Test year,289.0,341.0807589138544,False
Test year,-92.0,9.2855280300559,False
Test year,-352.0,-242.68748158558958,False
Test year,-504.0,-434.751770978205,False
Test year,-285.0,-354.9465480002807,False
Test year,-81.0,-327.6337078758481,False
Test year,-139.0,-119.36833405087111,False
Test year,-134.0,-114.31438845613874,False
Test year,87.0,-38.17590360294196,False
Test year,-30.0,80.209773020402,False
Test year,-24.0,-24.96698980644618,False
Test year,-68.0,-1.9574621066406053,False
Test year,-40.0,25.482713010333555,False
Test year,88.0,57.715371993921565,False
Test year,133.0,154.82410993704087,False
Test year,230.0,258.2574205851346,False
Test year,407.0,283.79776770214085,False
Test year,344.0,477.0900898335019,False
Test year,413.0,362.67973507333465,False
Test year,383.0,475.969122961611,False
Test year,391.0,322.014267362699,False
Test year,213.0,336.4169641412993,False
Test year,92.0,-30.63701650720151,False
Test year,-125.0,-46.96114548905251,False
Test year,-159.0,-161.6642131473307,False
Test year,-142.0,-159.192668294903,False
Test year,-123.0,-171.73652317422068,False
Test year,-164.0,-186.67073604587415,False
Test year,-217.0,-164.41164873340097,False
Test year,-255.0,-214.32797466241823,False
Test year,-79.0,-179.84164373389996,False
Test year,-26.0,-158.3597899624607,False
Test year,-226.0,-118.42999836734333,False
Test year,-215.0,-167.23316532533858,False
Test year,-32.0,-194.22278098498322,False
Test year,-167.0,-136.69701061685885,False
Test year,-203.0,-157.9135978536823,False
Test year,-230.0,-191.81057782460647,False
Test year,-181.0,-152.73091584488117,False
Test year,-119.0,-123.9154458945896,False
Test year,-46.0,-56.92020487782776,False
Test year,-14.0,-2.88349205241002,False
Test year,3.0,84.51470024124086,False
Test year,42.0,43.576108602144274,False
Test year,191.0,195.567276512461,False
Test year,264.0,202.54101519528805,False
Test year,462.0,374.7608313296663,False
Test year,464.0,415.3274295133601,False
Test year,268.0,342.71855966065624,False
Test year,-93.0,-0.3558644992531299,False
Test year,-268.0,-222.93789893503697,False
Test year,-358.0,-387.738561185966,False
Test year,-191.0,-294.53259631137684,False
Test year,-221.0,-223.74570032234948,False
Test year,-222.0,-239.10023873111214,False
Test year,-189.0,-151.61391281966186,False
Test year,171.0,-125.60201369808334,False
Test year,36.0,92.31372933174285,False
Test year,1.0,73.43284154753235,False
Test year,-19.0,-17.358447437391078,False
Test year,8.0,35.0696285385057,False
Test year,-39.0,80.5559199234871,False
Test year,-42.0,89.80107155423366,False
Test year,171.0,160.4377093685375,False
Test year,305.0,254.57098645675347,False
Test year,411.0,400.8683212821908,False
Test year,358.0,413.4866236781234,False
Test year,420.0,425.7010762199352,False
Test year,295.0,355.31513474780337,False
Test year,207.0,275.2128690822853,False
Test year,-47.0,-25.100538181786362,False
Test year,-133.0,-100.33021542563117,False
Test year,-175.0,-158.84231939710713,False
Test year,-145.0,-153.80877970341055,False
Test year,-114.0,-162.6178580115573,False
Test year,-112.0,-171.7970758989233,False
Test year,-162.0,-133.29355402229947,False
Test year,-207.0,-179.94181707124625,False
Test year,-33.0,-148.99890709244755,False
Test year,-106.0,-128.00728095794437,False
Test year,-138.0,-143.8260992131579,False
Test year,-190.0,-147.45265889137352,False
Test year,-45.0,-182.87131765450744,False
Test year,-153.0,-148.25325382404344,False
Test year,-196.0,-162.93690571038792,False
Test year,-263.0,-197.74248083205902,False
Test year,-36.0,-174.79151715379686,False
Test year,-137.0,-81.50690263449485,False
Test year,-176.0,-62.6025502785123,False
Test year,-145.0,-68.8668962087209,False
Test year,-15.0,6.9806355035358365,False
Test year,-23.0,14.621362873241225,False
Test year,67.0,154.81611882887273,False
Test year,150.0,122.56056907091457,False
Test year,189.0,297.46319025671727,False
Test year,193.0,230.5334362929312,False
Test year,99.0,183.25807392381034,False
Test year,3.0,-74.26659433182425,False
Test year,-97.0,-181.7502655886326,False
Test year,-169.0,-293.13082317795084,False
Test year,-141.0,-176.74619882877073,False
Test year,-116.0,-253.05914382574667,False
Test year,-239.0,-109.95152927262927,False
Test year,-129.0,-187.27936633210473,False
Test year,-116.0,-122.47783435097585,False
Test year,-178.0,-134.0524414174488,False
Test year,-55.0,-35.55193305349644,False
Test year,58.0,-30.75378721723257,False
Test year,146.0,101.89639466817675,False
Test year,114.0,163.08208811275307,False
Test year,75.0,164.33177886566222,False
Test year,467.0,222.1414875954109,False
Test year,270.0,437.9183727007105,False
Test year,432.0,370.09573026020195,False
Test year,308.0,432.90490972718,False
Test year,316.0,405.06189200607446,False
Test year,248.0,288.99531840849374,False
Test year,207.0,252.80273654830705,False
Test year,-37.0,-12.039614179167188,False
Test year,-120.0,-86.02903907696293,False
Test year,-139.0,-143.98039452364222,False
Test year,-141.0,-131.04529100402738,False
Test year,-63.0,-150.5729087998148,False
Test year,-111.0,-145.82695249188993,False
Test year,-101.0,-124.82239024395369,False
Test year,-119.0,-153.889167887557,False
Test year,-66.0,-109.41719372581727,False
Test year,-55.0,-133.19209085768495,False
Test year,-123.0,-127.40104401038056,False
Test year,-171.0,-129.5906226765245,False
Test year,53.0,-167.46612945836364,False
Test year,-114.0,-96.13237585762062,False
Test year,-243.0,-138.83008632522072,False
Test year,-208.0,-208.66730593855107,False
Test year,-160.0,-158.29933416722577,False
Test year,-116.0,-122.34160630530471,False
Test year,-107.0,-63.66957743266829,False
Test year,-68.0,-38.31028111553201,False
Test year,-29.0,46.15258710053649,False
Test year,-15.0,15.709351410800537,False
Test year,69.0,157.76137331463116,False
Test year,71.0,124.86879588270449,False
Test year,172.0,257.1755325215129,False
Test year,128.0,223.81522348301272,False
Test year,164.0,166.13817082711233,False
Test year,58.0,13.967808973498904,False
Test year,85.0,-86.81091801802211,False
Test year,-9.0,-115.8706961938471,False
Test year,-30.0,-76.97473240345255,False
Test year,103.0,-145.21382739787464,False
Test year,-5.0,-42.837583180023614,False
Test year,-110.0,-40.744844891485116,False
Test year,-27.0,-138.17889841385136,False
Test year,-23.0,-99.64504449725865,False
Test year,13.0,-68.72220324987921,False
Test year,30.0,-31.040584310219458,False
Test year,84.0,40.19527945935653,False
Test year,109.0,95.25673551928952,False
Test year,33.0,130.79400698924513,False
Test year,189.0,170.2091217038619,False
Test year,148.0,252.4899549080879,False
Test year,280.0,300.3545135186331,False
Test year,295.0,333.45699546489294,False
Test year,320.0,404.90392411351365,False
Test year,303.0,282.6842640179364,False
Test year,228.0,265.73497658311305,False
Test year,-58.0,-9.400927922353048,False
Test year,-156.0,-108.01986927964671,False
Test year,-157.0,-170.96229857831082,False
Test year,-178.0,-151.7396523802082,False
Test year,-140.0,-174.98952385166353,False
Test year,-119.0,-186.92266980117716,False
Test year,-242.0,-139.41974668875025,False
Test year,-185.0,-211.18083658492174,False
Test year,-31.0,-152.01609579811776,False
Test year,-149.0,-125.21485893384448,False
Test year,-101.0,-161.52880064826252,False
Test year,-198.0,-115.03697546628376,False
Test year,3.0,-161.72105469746066,False
Test year,-141.0,-108.66520920935778,False
Test year,-171.0,-137.22026688232435,False
Test year,-119.0,-169.7197675468356,False
Test year,-197.0,-100.84507108315358,False
Test year,-99.0,-113.92437157641791,False
Test year,-67.0,-49.11489840703331,False
Test year,-75.0,-8.28463825218796,False
Test year,80.0,58.39604521642036,False
Test year,93.0,78.45567782316445,False
Test year,228.0,225.99353901789172,False
Test year,243.0,229.39141833095454,False
Test year,413.0,365.55009897922514,False
Test year,411.0,388.3491673549132,False
Test year,444.0,342.2627325097276,False
Test year,228.0,235.27688859662805,False
Test year,148.0,71.29830138199452,False
Test year,11.0,-63.66741871708962,False
Test year,70.0,1.2585059968699852,False
Test year,155.0,-76.08658252863205,False
Test year,70.0,25.54817391137442,False
Test year,-93.0,-69.9651571077984,False
Test year,46.0,-156.57029104743992,False
Test year,-40.0,-83.53338902519562,False
Test year,-102.0,-130.00709280015263,False
Test year,-173.0,-179.794206828117,False
Test year,-144.0,-161.23595098840156,False
Test year,134.0,-71.16086315834656,False
Test year,92.0,122.08439902912721,False
Test year,-18.0,196.03777929822658,False
Test year,119.0,113.38859766588496,False
Test year,228.0,274.8257852492656,False
Test year,201.0,275.5885892154657,False
Test year,175.0,314.9122465423802,False
Test year,314.0,160.12042769615846,False
Test year,206.0,248.96914254888478,False
Test year,-41.0,-47.20182699441102,False
Test year,-146.0,-127.37254595951293,False
Test year,-223.0,-192.0268931635942,False
Test year,-298.0,-199.2133521159356,False
Test year,-173.0,-246.7055040950978,False
Test year,-192.0,-232.41000578958318,False
Test year,-231.0,-183.17294173986596,False
Test year,-245.0,-224.03832807019427,False
Test year,-73.0,-178.8868844741924,False
Test year,-143.0,-155.4672040214538,False
Test year,-183.0,-164.40584121164926,False
Test year,-218.0,-157.097110578789,False
Test year,-40.0,-186.20154361789537,False
Test year,-156.0,-137.2166561441615,False
Test year,-229.0,-151.03403811473873,False
Test year,-221.0,-197.6853540299851,False
Test year,-200.0,-150.7259584805027,False
Test year,-162.0,-128.02029720448667,False
Test year,-75.0,-74.58613711213076,False
Test year,27.0,-17.47069552082951,False
Test year,-31.0,103.29819343101295,False
Test year,83.0,32.69344151018828,False
Test year,214.0,216.40149007983274,False
Test year,217.0,220.16329607717947,False
Test year,436.0,348.0630048316311,False
Test year,493.0,400.6906966106293,False
Test year,339.0,384.75079177293566,False
Test year,116.0,124.07141003868657,False
Test year,-91.0,-65.6067654166132,False
Test year,-163.0,-230.77202455141708,False
Test year,-15.0,-130.0074841862239,False
Test year,55.0,-183.99522581525775,False
Test year,42.0,-19.66364360147179,False
Test year,-313.0,-45.09589499039913,False
Test year,-100.0,-376.0326292274529,False
Test year,-3.0,-174.31708278162517,False
Test year,109.0,-45.01573481249392,False
Test year,153.0,33.0085418165433,False
Test year,58.0,95.47645634716753,False
Test year,-180.0,47.30550852153846,False
Test year,-131.0,-71.55755261035927,False
Test year,189.0,79.68228020079397,False
Test year,219.0,234.84306639566512,False
Test year,267.0,337.6643201672574,False
Test year,218.0,305.9850866075741,False
Test year,386.0,338.93863107897965,False
Test year,306.0,309.6533393592674,False
Test year,275.0,255.82805992603042,False
Test year,-89.0,-2.326049269797636,False
Test year,-112.0,-140.54127944338165,False
Test year,-245.0,-176.17707565129848,False
Test year,-221.0,-198.58589623525864,False
Test year,-132.0,-218.5852360424106,False
Test year,-180.0,-203.8566660016627,False
Test year,-217.0,-174.61529400254824,False
Test year,-277.0,-218.91765400525725,False
Test year,-154.0,-190.1747505196974,False
Test year,-180.0,-192.23446751756944,False
Test year,-181.0,-184.82283167605675,False
Test year,-141.0,-162.9837821972514,False
Test year,97.0,-159.69683244343304,False
Test year,-190.0,-69.18354077362477,False
Test year,-247.0,-164.50896615624288,False
Test year,-255.0,-213.7159546230053,False
Test year,-179.0,-170.23741274758083,False
Test year,-82.0,-128.3308015160255,False
Test year,-111.0,-43.20766387127583,False
Test year,-62.0,-27.686624429041643,False
Test year,7.0,57.7695517396827,False
Test year,76.0,41.74804848045437,False
Test year,245.0,211.94892857762107,False
Test year,315.0,235.7816106711539,False
Test year,538.0,406.1652368692165,False
Test year,558.0,468.563763304021,False
Test year,321.0,401.611703434999,False
Test year,-91.0,12.902825101306405,False
Test year,-374.0,-264.1596322811788,False
Test year,-559.0,-465.7563061486379,False
Test year,-507.0,-414.76244639222597,False
Test year,-280.0,-452.9314382238824,False
Test year,-301.0,-289.5843104867686,False
Test year,-121.0,-194.32669109937459,False
Test year,-35.0,-82.38818987706674,False
Test year,-130.0,47.92450781282503,False
Test year,-21.0,-65.06493021933414,False
Test year,-59.0,52.18406573024174,False
Test year,-94.0,37.271546987450506,False
Test year,168.0,81.96169222785804,False
Test year,159.0,218.8260165751794,False
Test year,344.0,286.24397736137905,False
Test year,406.0,363.585139282993,False
Test year,525.0,462.7456079222369,False
Test year,570.0,466.9350114026905,False
Test year,562.0,573.6595841734947,False
Test year,498.0,448.5448570067922,False
Test year,341.0,394.23385307077103,False
Test year,20.0,33.28465989074016,False
Test year,-40.0,-97.68132790281851,False
Test year,-147.0,-145.24443650127472,False
Test year,-142.0,-164.2953903195047,False
Test year,-143.0,-187.0257288617924,False
Test year,-159.0,-210.3014222629086,False
Test year,-211.0,-179.87731490767902,False
Test year,-274.0,-226.22921862467553,False
Test year,-157.0,-199.66211245119962,False
Test year,-171.0,-203.56329050695473,False
Test year,-226.0,-191.73111752225225,False
Test year,-160.0,-183.48448500847235,False
Test year,-57.0,-176.82092504523473,False
Test year,-71.0,-144.59075205974096,False
Test year,-273.0,-126.32648630085419,False
Test year,-231.0,-213.00128658165806,False
Test year,-206.0,-166.32037538614384,False
Test year,-131.0,-135.6561631813887,False
Test year,-59.0,-66.50903608344703,False
Test year,-38.0,-10.515528217989498,False
Test year,20.0,72.49840040649792,False
Test year,60.0,49.365093840073854,False
Test year,226.0,204.31035588656806,False
Test year,335.0,222.5804480742035,False
Test year,571.0,417.7601144422481,False
Test year,559.0,489.28349266737195,False
Test year,401.0,395.3586067729659,False
Test year,-39.0,72.76986495638039,False
Test year,-392.0,-241.0927716054946,False
Test year,-595.0,-473.1991743564118,False
Test year,-273.0,-408.57299887149463,False
Test year,-322.0,-361.51855884877915,False
Test year,-422.0,-262.7982376258773,False
Test year,-267.0,-269.1395474898006,False
Test year,-43.0,-195.50595719384495,False
Test year,-149.0,-64.64142144584576,False
Test year,-205.0,-2.8861234306248775,False
Test year,46.0,-34.11866659070188,False
Test year,67.0,111.68925960179877,False
Test year,64.0,145.69381422674294,False
Test year,181.0,165.01734206479546,False
Test year,467.0,286.50419550783215,False
Test year,464.0,451.98708204700586,False
Test year,489.0,495.032384139867,False
Test year,450.0,463.9015934910064,False
Test year,499.0,491.8953344613319,False
Test year,382.0,400.35331848909027,False
Test year,322.0,307.79081927401285,False
Test year,56.0,27.401963439187966,False
Test year,-61.0,-80.39084720682439,False
Test year,-112.0,-152.38694217255704,False
Test year,-171.0,-152.53004107769368,False
Test year,-133.0,-194.80708805485534,False
Test year,-164.0,-209.90985666569975,False
Test year,-230.0,-181.05833451452753,False
Test year,-324.0,-233.95741548826697,False
Test year,-166.0,-219.6184052203248,False
Test year,-187.0,-214.162491809884,False
Test year,-221.0,-197.14706263920363,False
Test year,-193.0,-183.94930995115357,False
Test year,-47.0,-188.84551192064765,False
Test year,-179.0,-143.6133631275619,False
Test year,-224.0,-166.9562071904966,False
Test year,-192.0,-203.85493640548788,False
Test year,-170.0,-143.34749841507386,False
Test year,-145.0,-116.36025153430381,False
Test year,-39.0,-67.54989324672164,False
Test year,-37.0,-3.769125980514616,False
Test year,73.0,73.91483755101734,False
Test year,163.0,74.42991232662172,False
Test year,227.0,259.81412447551213,False
Test year,200.0,222.54370630260226,False
Test year,494.0,328.7884033609113,False
Test year,493.0,431.723568227477,False
Test year,352.0,356.0249728990885,False
Test year,-91.0,64.34886666518491,False
Test year,-366.0,-212.91933445425002,False
Test year,-471.0,-419.5769256355732,False
Test year,-281.0,-353.195127194516,False
Test year,1.0,-320.7181557337709,False
Test year,-72.0,-63.99189343756427,False
Test year,-142.0,-64.98205170339429,False
Test year,49.0,-146.05816264363608,False
Test year,-20.0,-78.81010262309488,False
Test year,44.0,7.551515350480656,False
Test year,-57.0,-36.55162409800306,False
Test year,-6.0,46.4290462257938,False
Test year,-8.0,60.58977977583564,False
Test year,56.0,93.55229124102436,False
Test year,231.0,199.4890205006037,False
Test year,317.0,280.2401236168636,False
Test year,368.0,405.63015067806265,False
Test year,409.0,376.8034137181928,False
Test year,315.0,465.090215253876,False
Test year,302.0,263.0594520390609,False
Test year,154.0,259.4372282952013,False
Test year,44.0,-67.98342780695555,False
Test year,-154.0,-76.28984560142973,False
Test year,-170.0,-178.7789614705112,False
Test year,-178.0,-170.21164497785054,False
Test year,-53.0,-189.82494268984522,False
Test year,-161.0,-166.97530083149974,False
Test year,-157.0,-162.75060447628738,False
Test year,-237.0,-197.72878429634784,False
Test year,-50.0,-173.05070969767468,False
Test year,-161.0,-151.83506876446347,False
Test year,-205.0,-176.6332728091183,False
Test year,-193.0,-186.98192410764415,False
Test year,-58.0,-198.83664410339856,False
Test year,-154.0,-160.3222170360201,False
Test year,-238.0,-169.7418350493578,False
Test year,-115.0,-218.13003096627205,False
Test year,-275.0,-127.88579473695881,False
Test year,-107.0,-160.27121278698394,False
Test year,-170.0,-79.4840123905031,False
Test year,-97.0,-64.8487826278718,False
Test year,-73.0,25.92077131687205,False
Test year,40.0,-6.769556699282532,False
Test year,70.0,178.29267271881116,False
Test year,129.0,124.74427107409983,False
Test year,227.0,283.0815598517696,False
Test year,241.0,249.26048859632112,False
Test year,156.0,205.91165765559504,False
Test year,62.0,-0.24527337506174263,False
Test year,20.0,-120.00428788708575,False
Test year,-100.0,-241.43544134240113,False
Test year,-98.0,-169.5722544701767,False
Test year,-9.0,-182.4218744258129,False
Test year,-123.0,-96.14785308222804,False
Test year,-228.0,-102.7184697412751,False
Test year,54.0,-222.53850365753993,False
Test year,126.0,1.5581791611836024,False
Test year,56.0,75.49240611810535,False
Test year,74.0,5.589069137776448,False
Test year,-9.0,63.09889959021075,False
Test year,-29.0,39.72327534981531,False
Test year,53.0,47.73899301898723,False
Test year,156.0,190.60946974833678,False
Test year,326.0,225.73335496482218,False
Test year,309.0,408.2605275819256,False
Test year,395.0,336.8602467375718,False
Test year,354.0,458.73958572584735,False
Test year,305.0,287.76943824941435,False
Test year,211.0,251.08364811008875,False
Test year,-46.0,-35.92730016620277,False
Test year,-155.0,-118.44270705891168,False
Test year,-193.0,-185.49854141013054,False
Test year,-131.0,-180.41643261942045,False
Test year,-137.0,-176.7408812285567,False
Test year,-100.0,-196.1897869144588,False
Test year,-156.0,-147.60662596841792,False
Test year,-156.0,-193.52117020355047,False
Test year,-290.0,-146.57093017302225,False
Test year,-176.0,-236.11499547157757,False
Test year,-119.0,-211.3989939422367,False
Test year,-144.0,-145.98913309667762,False
Test year,-14.0,-162.67396686224794,False
Test year,-192.0,-129.66682530746914,False
Test year,-208.0,-176.47475126572365,False
Test year,-229.0,-207.00223610388178,False
Test year,-179.0,-164.17902945420485,False
Test year,-141.0,-134.14131387650508,False
Test year,-86.0,-76.93209618542079,False
Test year,-56.0,-32.872301095144735,False
Test year,-40.0,52.577990403028934,False
Test year,88.0,11.43920845529621,False
Test year,42.0,206.06641328147674,False
Test year,55.0,114.78285034619952,False
Test year,114.0,247.02873424193956,False
Test year,156.0,188.5436734014675,False
Test year,49.0,167.84131194218168,False
Test year,75.0,-37.80751782112634,False
Test year,91.0,-98.1023984557524,False
Test year,-53.0,-195.62797653026905,False
Test year,-35.0,-111.38642116557799,False
Test year,-91.0,-190.67555768731256,False
Test year,-23.0,-120.29708271090658,False
Test year,-49.0,-29.762863877870217,False
Test year,94.0,-96.58460745256343,False
Test year,32.0,3.262495486534249,False
Test year,27.0,25.499690154907285,False
Test year,53.0,-21.397053732541963,False
Test year,109.0,48.56213179241911,False
Test year,169.0,105.19173796685777,False
Test year,-10.0,167.34455825759602,False
Test year,228.0,151.42178085056224,False
Test year,255.0,270.65705420295603,False
Test year,261.0,368.268940199954,False
Test year,282.0,311.8579200952387,False
Test year,352.0,386.1970837153259,False
Test year,314.0,296.27665787163744,False
Test year,220.0,254.82059565825756,False
Test year,-63.0,-22.45015158655002,False
Test year,-138.0,-120.45317434193552,False
Test year,-192.0,-175.23975760632248,False
Test year,-147.0,-173.52350484334522,False
Test year,-119.0,-177.86902379047785,False
Test year,-109.0,-186.04408680826418,False
Test year,-244.0,-144.65916184925044,False
Test year,-145.0,-221.6069588530832,False
Test year,-131.0,-147.46663191168392,False
Test year,-143.0,-169.80261430784662,False
Test year,-204.0,-173.91844706797667,False
Test year,-171.0,-159.6902825868595,False
Test year,-45.0,-166.9472736609871,False
Test year,-102.0,-129.66302900310342,False
Test year,-213.0,-127.27386999110158,False
Test year,-187.0,-184.4695721151316,False
Test year,-167.0,-134.36991093377026,False
Test year,-122.0,-110.47998097158052,False
Test year,46.0,-55.059918019412805,False
Test year,-96.0,39.778555645449586,False
Test year,109.0,55.452334864775025,False
Test year,50.0,91.18016946796203,False
Test year,273.0,204.07107482898806,False
Test year,174.0,255.12806204052183,False
Test year,505.0,321.1761702498475,False
Test year,438.0,453.5597392323442,False
Test year,389.0,339.3647540196413,False
Test year,118.0,150.9804668264431,False
Test year,-166.0,-85.3542123811336,False
Test year,-315.0,-300.2798034482737,False
Test year,-120.0,-245.65459725234695,False
Test year,-89.0,-239.25027681460315,False
Test year,-58.0,-102.91919037554294,False
Test year,-102.0,-76.38198646105485,False
Test year,-85.0,-169.53267443106165,False
Test year,-58.0,-128.9551906284296,False
Test year,-20.0,-53.25424651902853,False
Test year,-127.0,-63.92464433322476,False
Test year,45.0,-46.464231852608805,False
Test year,195.0,84.47585639651817,False
Test year,-6.0,194.09861559080514,False
Test year,158.0,160.94033982785055,False
Test year,135.0,231.93112016442353,False
Test year,297.0,294.6606225463381,False
Test year,356.0,330.98113529213504,False
Test year,363.0,432.60355126762124,False
Test year,386.0,305.3455594791655,False
Test year,215.0,312.74359654953514,False
Test year,-54.0,-35.06706096730113,False
Test year,-49.0,-119.27341082186408,False
Test year,-267.0,-143.4811037180757,False
Test year,-229.0,-196.9797193164735,False
Test year,-116.0,-219.71464535791688,False
Test year,-160.0,-193.60270677900786,False
Test year,-216.0,-160.9628752279931,False
Test year,-266.0,-211.93499064675223,False
Test year,-175.0,-182.49015186790928,False
Test year,-139.0,-194.77079187268959,False
Test year,-182.0,-168.1664281865623,False
Test year,-154.0,-151.46766291584356,False
Test year,-2.0,-158.03096881365087,False
Test year,-99.0,-109.97146023669995,False
Test year,-178.0,-125.05421869380055,False
Test year,-203.0,-171.97084874632026,False
Test year,-171.0,-136.85339338398194,False
Test year,-137.0,-114.43884294165088,False
Test year,-149.0,-61.33440976911578,False
Test year,-82.0,-44.79003178854953,False
Test year,43.0,48.93960448852437,False
Test year,95.0,60.40876678866286,False
Test year,244.0,226.61660078906348,False
Test year,221.0,239.02470080676335,False
Test year,486.0,350.0902452376194,False
Test year,433.0,437.25133013988994,False
Test year,422.0,343.0097106135284,False
Test year,203.0,216.1412938360497,False
Test year,149.0,37.94891828468985,False
Test year,83.0,-35.67878462054205,False
Test year,159.0,42.82574231965771,False
Test year,75.0,-34.24556853497177,False
Test year,77.0,-77.07281197566243,False
Test year,-126.0,-62.10288547891844,False
Test year,-91.0,-214.74991856815535,False
Test year,-132.0,-221.45572918654062,False
Test year,-199.0,-180.03862922601832,False
Test year,55.0,-256.729203859372,False
Test year,-25.0,18.182765107950104,False
Test year,-170.0,4.346906155878912,False
Test year,-96.0,-90.80248818618355,False
Test year,119.0,78.86413549770734,False
Test year,143.0,195.1895371326067,False
Test year,249.0,287.11313923265254,False
Test year,292.0,287.2698721070411,False
Test year,310.0,378.9129210965747,False
Test year,256.0,241.88566273547787,False
Test year,222.0,201.7183778824687,False
Test year,-65.0,-40.30148618401762,False
Test year,-235.0,-140.774218263872,False
Test year,-242.0,-228.4136370496933,False
Test year,-189.0,-217.55514158406743,False
Test year,-183.0,-211.41030589096937,False
Test year,-188.0,-223.4969606993377,False
Test year,-232.0,-186.8179139801212,False
Test year,-255.0,-228.17226650337625,False
Test year,-137.0,-186.61124074207578,False
Test year,-153.0,-184.41149622236566,False
Test year,-161.0,-175.1994734591185,False
Test year,-173.0,-154.88768876461012,False
Test year,10.0,-172.2960939862174,False
Test year,-207.0,-116.44712948998091,False
Test year,-222.0,-174.6099077297589,False
Test year,-249.0,-207.19580891760648,False
Test year,-141.0,-165.05198128947836,False
Test year,-172.0,-113.49033491098282,False
Test year,-33.0,-75.3983911846397,False
Test year,-78.0,-4.7017148353641005,False
Test year,-9.0,56.6851775451679,False
Test year,81.0,32.85642296573556,False
Test year,227.0,213.23197651959413,False
Test year,198.0,224.06999326502316,False
Test year,421.0,332.0966108976295,False
Test year,447.0,385.1514728190592,False
Test year,328.0,354.93416051919894,False
Test year,119.0,105.51462083182167,False
Test year,-70.0,-68.24301589005677,False
Test year,-250.0,-256.48091209876725,False
Test year,-188.0,-233.2482882602318,False
Test year,-72.0,-286.30677759884014,False
Test year,-217.0,-156.77159952048078,False
Test year,-247.0,-254.56951756126205,False
Test year,59.0,-223.2648211287936,False
Test year,-56.0,4.169373742069325,False
Test year,32.0,-75.18419070637265,False
Test year,-146.0,13.707965356632542,False
Test year,-40.0,-74.79874978408526,False
Test year,104.0,55.08500092032142,False
Test year,140.0,137.07465266622404,False
Test year,178.0,237.36397907020427,False
Test year,270.0,241.04383966434114,False
Test year,405.0,367.27413297441404,False
Test year,318.0,402.8195979194521,False
Test year,309.0,404.0042455130865,False
Test year,270.0,262.8767367491095,False
Test year,226.0,226.50854357988345,False
Test year,-115.0,-20.285572291762094,False
Test year,-119.0,-141.4975291238693,False
Test year,-151.0,-172.60736999982134,False
Test year,-168.0,-157.61395228338733,False
Test year,-192.0,-182.67812098713807,False
Test year,-214.0,-216.35446723205985,False
Test year,-161.0,-189.89049826573296,False
Test year,-205.0,-198.57995444458004,False
Test year,-68.0,-154.9594121157361,False
Test year,-85.0,-148.4208439322506,False
Test year,-144.0,-143.19427192813458,False
Test year,-219.0,-139.84499599842746,False
Test year,8.0,-185.86866953205333,False
Test year,-139.0,-120.8795157537304,False
Test year,-229.0,-146.2790520816473,False
Test year,-187.0,-199.85255217030783,False
Test year,-219.0,-140.90544581958727,False
Test year,-89.0,-133.54899420236586,False
Test year,-67.0,-50.450992097860535,False
Test year,-70.0,-9.370207851447674,False
Test year,38.0,59.110351856275486,False
Test year,56.0,56.46953196781641,False
Test year,201.0,203.96922567154502,False
Test year,165.0,208.53597920592094,False
Test year,456.0,314.3789278409481,False
Test year,439.0,412.748865934436,False
Test year,342.0,353.5305194782957,False
Test year,205.0,162.3559671992359,False
Test year,-61.0,-3.343913629547785,False
Test year,-79.0,-213.63025530266646,False
Test year,-141.0,-94.76772057023038,False
Test year,16.0,-236.12236680929215,False
Test year,81.0,-121.13927929164817,False
Test year,-94.0,-8.473260710207626,False
Test year,4.0,-154.83847911992643,False
Test year,137.0,-115.89353376645673,False
Test year,45.0,38.12213855609292,False
Test year,-96.0,-10.985690043636112,False
Test year,-107.0,-116.97346746053756,False
Test year,-102.0,-57.488402616720066,False
Test year,57.0,-6.624065795821764,False
Test year,64.0,170.9756671530696,False
Test year,217.0,162.5472455235111,False
Test year,302.0,338.1040130588421,False
Test year,178.0,334.1508263649548,False
Test year,198.0,306.86321460683126,False
Test year,287.0,178.74473960490167,False
Test year,226.0,232.69636150925282,False
Test year,-73.0,-26.78351735691234,False
Test year,-116.0,-133.70932380425018,False
Test year,-240.0,-176.5813489826665,False
Test year,-172.0,-196.9747087819165,False
Test year,-122.0,-200.0992040598407,False
Test year,-181.0,-195.04887527633565,False
Test year,-229.0,-175.47046491403017,False
Test year,-255.0,-224.7487249891496,False
Test year,-67.0,-185.1676216734432,False
Test year,-132.0,-157.27776759748087,False
Test year,-201.0,-162.95162258074782,False
Test year,-170.0,-167.9646355643414,False
Test year,-70.0,-175.5013189174564,False
Test year,-130.0,-148.82986648979892,False
Test year,-231.0,-148.1658778090433,False
Test year,-196.0,-200.21416200166703,False
Test year,-227.0,-145.37853241242522,False
Test year,-102.0,-138.08783676157208,False
Test year,-44.0,-57.333843349189294,False
Test year,24.0,-1.1999798580574748,False
Test year,-14.0,101.13826575147834,False
Test year,82.0,36.92218429143384,False
Test year,202.0,213.38298412500228,False
Test year,187.0,208.49848711973294,False
Test year,390.0,325.48818166110993,False
Test year,462.0,362.8411490301264,False
Test year,420.0,366.1574223077731,False
Test year,178.0,197.38937569799293,False
Test year,62.0,-36.4099643883514,False
Test year,-167.0,-181.85509566406893,False
Test year,-103.0,-174.18214426624667,False
Test year,-81.0,-203.33905928458597,False
Test year,-88.0,-184.08252493095625,False
Test year,-260.0,-157.54546876419226,False
Test year,-87.0,-269.6056211123608,False
Test year,-197.0,-175.90088736207005,False
Test year,-224.0,-189.19479221023158,False
Test year,-122.0,-186.57765565998915,False
Test year,-64.0,-31.358081392134068,False
Test year,-216.0,23.60814423948534,False
Test year,-13.0,-26.71088620631997,False
Test year,194.0,169.30661756642104,False
Test year,296.0,256.32292088532415,False
Test year,493.0,381.0578414273745,False
Test year,385.0,461.7925247980275,False
Test year,378.0,447.49966502246764,False
Test year,300.0,318.6467584932369,False
Test year,205.0,253.04228614641465,False
Test year,-72.0,-30.24392778147046,False
Test year,-131.0,-119.75549543611348,False
Test year,-187.0,-168.91329656711514,False
Test year,-156.0,-166.88690797394088,False
Test year,-108.0,-176.49086256464466,False
Test year,-93.0,-178.58892501677866,False
Test year,-174.0,-133.4120418507997,False
Test year,-199.0,-190.74227931758827,False
Test year,27.0,-154.8429839408508,False
Test year,-187.0,-108.9170691032457,False
Test year,-70.0,-179.3621638386992,False
Test year,-210.0,-136.28744576219543,False
Test year,-64.0,-191.34897354488527,False
Test year,-181.0,-165.07761730946328,False
Test year,-197.0,-180.46753929641508,False
Test year,-134.0,-205.72028999887755,False
Test year,-208.0,-129.72131976526163,False
Test year,-226.0,-136.94989627821576,False
Test year,-103.0,-116.01115243074577,False
Test year,-159.0,-52.13455392453514,False
Test year,-28.0,8.162727100584846,False
Test year,17.0,6.394922397285086,False
Test year,98.0,171.05227239475778,False
Test year,125.0,138.95221079223035,False
Test year,254.0,282.4712656093455,False
Test year,249.0,267.7986447413032,False
Test year,327.0,224.1375156015843,False
Test year,70.0,116.38774325498639,False
Test year,96.0,-140.63301857606695,False
Test year,-223.0,-189.76352102901595,False
Test year,-246.0,-281.01026095250745,False
Test year,-346.0,-302.6283394580044,False
Test year,-322.0,-335.33171345851537,False
Test year,-304.0,-240.78564466642212,False
Test year,-135.0,-235.83354833567782,False
Test year,-102.0,-117.45253482503023,False
Test year,-124.0,-14.226202256480803,False
Test year,4.0,-43.12641495607869,False
Test year,75.0,83.435967170499,False
Test year,208.0,135.60197746061488,False
Test year,262.0,226.05583251183947,False
Test year,328.0,327.7579751011458,False
Test year,408.0,338.4283738344615,False
Test year,427.0,465.2424285400407,False
Test year,478.0,404.2720259385579,False
Test year,560.0,516.354189990724,False
Test year,294.0,447.3118856144846,False
Test year,227.0,236.23883507122662,False
Test year,-82.0,-24.036508639251906,False
Test year,-91.0,-130.23087190202847,False
Test year,-134.0,-161.07099057132638,False
Test year,-102.0,-151.4222869711773,False
Test year,-110.0,-159.70482407127975,False
Test year,-103.0,-184.9133037266766,False
Test year,-137.0,-148.39333099025788,False
Test year,-151.0,-188.758289512923,False
Test year,-45.0,-145.00467683486374,False
Test year,-157.0,-147.07057154688061,False
Test year,-252.0,-183.63009048005725,False
Test year,-141.0,-201.81163688576083,False
Test year,-20.0,-183.5993554889277,False
Test year,-69.0,-136.96138917642327,False
Test year,-264.0,-133.86497687282318,False
Test year,-213.0,-220.95402550886354,False
Test year,-188.0,-170.42809159567557,False
Test year,-173.0,-138.74963232134485,False
Test year,-154.0,-92.82560997653519,False
Test year,-58.0,-65.41305027178151,False
Test year,-17.0,44.04932779611863,False
Test year,-13.0,20.334569298058454,False
Test year,69.0,157.98915770367256,False
Test year,70.0,123.15218435257833,False
Test year,195.0,254.34940968006669,False
Test year,183.0,233.6577916041451,False
Test year,175.0,185.34765724206773,False
Test year,82.0,6.998949111431784,False
Test year,-207.0,-139.68437206406867,False
Test year,-154.0,-380.02395928475573,False
Test year,-291.0,-200.10708921451283,False
Test year,-269.0,-312.15863905708227,False
Test year,-224.0,-249.7311766396807,False
Test year,-323.0,-167.30072161399116,False
Test year,-59.0,-216.767047066733,False
Test year,-106.0,-92.05504922764493,False
Test year,64.0,-22.700510318227145,False
Test year,28.0,80.16493798299845,False
Test year,82.0,109.1832395159447,False
Test year,184.0,127.07080814777274,False
Test year,171.0,214.59315897741675,False
Test year,340.0,280.1547570689229,False
Test year,466.0,352.12996664604293,False
Test year,556.0,514.0077834079628,False
Test year,639.0,498.4820837620688,False
Test year,597.0,632.3359431845928,False
Test year,437.0,463.90723580895235,False
Test year,350.0,324.6163431215668,False
Test year,37.0,37.36048297217599,False
Test year,-114.0,-99.91243493908814,False
Test year,-85.0,-182.4139492778871,False
Test year,-131.0,-153.9838894226104,False
Test year,-118.0,-185.89582444655508,False
Test year,-188.0,-209.20176640640045,False
Test year,-220.0,-197.87196499343156,False
Test year,-281.0,-242.18710748966217,False
Test year,-153.0,-212.72823330146298,False
Test year,-198.0,-212.8827212116518,False
Test year,-227.0,-211.19053293080844,False
Test year,-208.0,-159.9482624253618,False
Test year,54.0,-167.61949243325068,False
Test year,-206.0,-73.73766333553641,False
Test year,-219.0,-146.34922753658586,False
Test year,-175.0,-179.46550992227753,False
Test year,-120.0,-110.27414120967376,False
Test year,8.0,-69.23614383387542,False
Test year,-107.0,26.10330983899385,False
Test year,-94.0,3.820954441400886,False
Test year,34.0,69.55724095454718,False
Test year,116.0,76.31998679255051,False
Test year,311.0,258.059823580236,False
Test year,331.0,302.0687040105111,False
Test year,689.0,436.38104794729793,False
Test year,612.0,606.8033887264857,False
Test year,494.0,459.32912362220077,False
Test year,40.0,173.52236006704635,False
Test year,-356.0,-210.23855561318567,False
Test year,-611.0,-456.29899150270796,False
Test year,-488.0,-437.45381880848845,False
Test year,-429.0,-464.7208852162989,False
Test year,-305.0,-311.82960849942896,False
Test year,-449.0,-219.53810036803938,False
Test year,-114.0,-205.42960058613738,False
Test year,-316.0,-56.51633480690987,False
Test year,-97.0,-83.89735547863637,False
Test year,-116.0,31.877371355442165,False
Test year,57.0,88.93755241880547,False
Test year,92.0,177.51150958651664,False
Test year,276.0,220.00643503955916,False
Test year,365.0,383.76694126409006,False
Test year,527.0,400.72631462536316,False
Test year,658.0,562.1636401956702,False
Test year,692.0,590.2101814897981,False
Test year,724.0,682.4896645324689,False
Test year,511.0,576.0620252602037,False
Test year,469.0,372.7290423915978,False
Test year,59.0,118.73223938868682,False
Test year,-60.0,-97.6362679066508,False
Test year,-172.0,-165.0004912491294,False
Test year,-207.0,-186.5794238394725,False
Test year,-132.0,-223.36290660061542,False
Test year,-235.0,-221.56840065074334,False
Test year,-262.0,-212.53625288783263,False
Test year,-453.0,-257.122275436387,False
Test year,-227.0,-266.2311810266975,False
Test year,-318.0,-256.498923170917,False
Test year,-275.0,-241.68438473508238,False
Test year,-230.0,-206.41960078966486,False
Test year,-70.0,-190.7637781895728,False
Test year,-52.0,-137.3943352850311,False
Test year,-190.0,-97.52106344857964,False
Test year,-303.0,-158.9808390439834,False
Test year,-186.0,-159.07230873802325,False
Test year,-142.0,-116.76569756371032,False
Test year,9.0,-45.12454096908249,False
Test year,-131.0,40.966019465750946,False
Test year,11.0,62.05724240522443,False
Test year,104.0,61.61874998869001,False
Test year,276.0,249.7605651036593,False
Test year,332.0,276.5475153865366,False
Test year,607.0,434.0528742291839,False
Test year,608.0,534.8000220915496,False
Test year,470.0,463.46860852292696,False
Test year,259.0,206.10452388489145,False
Test year,-57.0,2.3113284761320187,False
Test year,-280.0,-225.43703363914523,False
Test year,-29.0,-211.92336614294697,False
Test year,-161.0,-167.11354584494262,False
Test year,20.0,-210.3265461688107,False
Test year,-490.0,-81.70314361708432,False
Test year,-212.0,-445.7933764075201,False
Test year,681.0,-209.8814681430536,False
Test year,24.0,473.75372415684546,False
Test year,-53.0,-60.11645894736404,False
Test year,54.0,-56.14584439015266,False
Test year,41.0,19.119953903509497,False
Test year,-167.0,74.39990374181184,False
Test year,-60.0,72.26147487673933,False
Test year,101.0,77.41407969894203,False
Test year,84.0,267.15988137364087,False
Test year,424.0,186.82385041414636,False
Test year,459.0,477.7102694669892,False
Test year,444.0,357.02251931577246,False
Test year,313.0,324.2412326901059,False
Test year,-9.0,7.727765323782535,False
Test year,-90.0,-123.88774707142056,False
Test year,-245.0,-179.47368599426932,False
Test year,-197.0,-214.26083579530916,False
Test year,-169.0,-227.7468006420815,False
Test year,-240.0,-232.20685228918165,False
Test year,-341.0,-216.5318971609624,False
Test year,-404.0,-283.3388045612159,False
Test year,-248.0,-261.23959264298105,False
Test year,-266.0,-252.01365898324437,False
Test year,-300.0,-225.37690736691502,False
Test year,-216.0,-210.89098571848092,False
Test year,-54.0,-194.1099757659988,False
Test year,-116.0,-132.970008310671,False
Test year,-278.0,-126.47387776842777,False
Test year,-200.0,-200.15405990381333,False
Test year,-169.0,-136.028720825883,False
Test year,-107.0,-97.3733371912366,False
Test year,-189.0,-32.174662529077125,False
Test year,-63.0,-39.42603828043346,False
Test year,-11.0,71.12360224546126,False
Test year,94.0,56.06635103867475,False
Test year,270.0,242.11391704914814,False
Test year,294.0,271.87940538598673,False
Test year,570.0,409.20617268256905,False
Test year,639.0,509.4540158879374,False
Test year,322.0,492.7202955193487,False
Test year,-73.0,68.12920827193562,False
Test year,-394.0,-221.79933284746795,False
Test year,-555.0,-444.7778495402324,False
Test year,-411.0,-401.49674760473806,False
Test year,-197.0,-409.709014964423,False
Test year,-285.0,-215.66843385973291,False
Test year,-264.0,-173.88396218947634,False
Test year,-24.0,-142.6721122138233,False
Test year,-161.0,-27.015229313775507,False
Test year,-34.0,-66.66412678563125,False
Test year,-82.0,56.08598849601822,False
Test year,50.0,70.54235439732054,False
Test year,204.0,144.88463084433397,False
Test year,109.0,255.80079618396306,False
Test year,301.0,271.6272160828406,False
Test year,395.0,349.72653975140526,False
Test year,567.0,468.0687632826803,False
Test year,572.0,528.2991514970172,False
Test year,525.0,594.3913836494023,False
Test year,431.0,432.3433416579084,False
Test year,334.0,345.09200270682857,False
Test year,27.0,51.661931474162145,False
Test year,-116.0,-79.48617398891278,False
Test year,-215.0,-159.3719023745532,False
Test year,-150.0,-178.28097573886038,False
Test year,-109.0,-180.37053591245495,False
Test year,-193.0,-181.08680799599688,False
Test year,-225.0,-173.09410779779438,False
Test year,-313.0,-219.42669236205398,False
Test year,-174.0,-199.13130075950073,False
Test year,-214.0,-199.31053891565222,False
Test year,-233.0,-191.50658359296852,False
Test year,-205.0,-172.10147758336507,False
Test year,-44.0,-174.3127133447485,False
Test year,-133.0,-122.94392603003428,False
Test year,-216.0,-127.91603640191985,False
Test year,-191.0,-174.4684821593653,False
Test year,-109.0,-120.26371987379258,False
Test year,-212.0,-70.62910312146687,False
Test year,11.0,-64.77812050417305,False
Test year,-106.0,33.0832173964332,False
Test year,-7.0,71.66004693856877,False
Test year,47.0,55.538025853018695,False
Test year,252.0,220.28401768087417,False
Test year,358.0,260.9534161505489,False
Test year,551.0,454.5464116982187,False
Test year,596.0,493.53332372641853,False
Test year,196.0,462.5227850781818,False
Test year,59.0,7.512907229605162,False
Test year,-91.0,-156.2413519764653,False
Test year,-438.0,-300.07848837051677,False
Test year,-272.0,-279.7595995497925,False
Test year,-185.0,-298.5981181813981,False
Test year,-390.0,-225.40265052470576,False
Test year,-262.0,-310.73924186352616,False
Test year,27.0,-179.23388800227488,False
Test year,84.0,67.76205513406362,False
Test year,191.0,116.58772261999763,False
Test year,77.0,138.72820965471908,False
Test year,-253.0,90.49876922477699,False
Test year,-309.0,-91.71857472538022,False
Test year,183.0,-28.15972106851342,False
Test year,207.0,290.49076137451107,False
Test year,423.0,295.5866473491508,False
Test year,574.0,491.6869180055114,False
Test year,515.0,531.9324731001477,False
Test year,632.0,547.0813646084054,False
Test year,483.0,503.67941883716117,False
Test year,344.0,352.3743004843505,False
Test year,41.0,33.50131814357434,False
Test year,-24.0,-97.16563260549071,False
Test year,-154.0,-147.752339929764,False
Test year,-154.0,-176.17714090752827,False
Test year,-148.0,-201.9782864011923,False
Test year,-144.0,-222.46988783584567,False
Test year,-302.0,-183.61204266200696,False
Test year,-353.0,-264.27268803514795,False
Test year,-274.0,-244.33569604674295,False
Test year,-293.0,-258.9510410073163,False
Test year,-255.0,-245.85241988142798,False
Test year,-263.0,-203.1258913593054,False
Test year,-87.0,-207.74284022136032,False
Test year,-127.0,-155.99576563519793,False
Test year,-288.0,-134.6198854603619,False
Test year,-257.0,-205.36451183038764,False
Test year,-197.0,-159.29408527072292,False
Test year,-102.0,-116.00557943976995,False
Test year,-116.0,-32.64062294434399,False
Test year,-26.0,-9.676715259187546,False
Test year,28.0,94.94464907562059,False
Test year,67.0,75.71871585068394,False
Test year,256.0,229.61628433730635,False
Test year,329.0,261.4402254937746,False
Test year,622.0,431.182474059593,False
Test year,553.0,546.095083300809,False
Test year,504.0,422.8289683802699,False
Test year,304.0,235.6257705540612,False
Test year,-80.0,-37.40583251456593,False
Test year,-442.0,-291.5595012618651,False
Test year,-543.0,-369.86246218324277,False
Test year,-434.0,-507.1101166035197,False
Test year,-449.0,-383.3585305675383,False
Test year,-390.0,-278.4437760418304,False
Test year,-195.0,-258.295369432656,False
Test year,-197.0,-128.2431243283222,False
Test year,-7.0,-44.18739523188418,False
Test year,51.0,82.03835835084413,False
Test year,-32.0,120.28423719225657,False
Test year,57.0,95.31661368434345,False
Test year,235.0,165.12674808106271,False
Test year,397.0,336.5463001225419,False
Test year,332.0,412.48987450033985,False
Test year,391.0,431.0855268456167,False
Test year,517.0,407.742361550326,False
Test year,573.0,556.7548605630141,False
Test year,401.0,466.23310135130873,False
Test year,306.0,313.7488878358016,False
Test year,-48.0,28.65597769464273,False
Test year,-95.0,-114.19932495036863,False
Test year,-159.0,-156.83621157732335,False
Test year,-111.0,-157.71896078530006,False
Test year,-111.0,-162.15632674863332,False
Test year,-123.0,-182.35635440940007,False
Test year,-139.0,-152.1372869861156,False
Test year,-268.0,-187.32899315482462,False
Test year,-118.0,-182.43481452680186,False
Test year,-186.0,-182.14638582553437,False
Test year,-233.0,-187.78051001231063,False
Test year,-220.0,-194.68390356616862,False
Test year,-61.0,-205.10174341215992,False
Test year,-153.0,-156.43309540918557,False
Test year,-276.0,-160.03340582661568,False
Test year,-277.0,-220.14221355704336,False
Test year,-269.0,-180.1859224009362,False
Test year,-156.0,-160.29390230014133,False
Test year,-50.0,-77.73839950886867,False
Test year,-129.0,-0.707979132462242,False
Test year,16.0,45.328708794432885,False
Test year,27.0,50.00131526434683,False
Test year,115.0,198.19352905125578,False
Test year,136.0,167.07422158855206,False
Test year,346.0,305.4477819973433,False
Test year,339.0,341.8831868267809,False
Test year,327.0,289.6589729628738,False
Test year,130.0,106.33173656277467,False
Test year,-89.0,-128.66855474648906,False
Test year,-337.0,-330.5735661699951,False
Test year,-372.0,-298.13985487030095,False
Test year,-406.0,-364.2381813400186,False
Test year,-420.0,-312.7001810282318,False
Test year,-359.0,-268.1687812753468,False
Test year,-274.0,-219.06084675214908,False
Test year,-185.0,-142.1550613933788,False
Test year,-123.0,-53.470774132326596,False
Test year,-61.0,14.936933293214736,False
Test year,-59.0,98.51776301728438,False
Test year,82.0,114.83543288229447,False
Test year,201.0,191.80383723764334,False
Test year,410.0,322.8137118018221,False
Test year,523.0,424.25537101024537,False
Test year,607.0,556.8366389950111,False
Test year,544.0,551.3235415823785,False
Test year,662.0,575.1338980668361,False
Test year,472.0,554.3330113541124,False
Test year,316.0,372.598454522381,False
Test year,11.0,43.2867810100513,False
Test year,-86.0,-79.72462321829167,False
Test year,-89.0,-142.1695987233245,False
Test year,-34.0,-123.8336931380984,False
Test year,-78.0,-120.73764353028105,False
Test year,-61.0,-161.76130383645534,False
Test year,-180.0,-124.93426628998503,False
Test year,-226.0,-197.56417912242983,False
Test year,-149.0,-171.9399833402681,False
Test year,-129.0,-188.17716080525537,False
Test year,-207.0,-170.83308533954244,False
Test year,-235.0,-170.58409720682704,False
Test year,-72.0,-200.18775047891796,False
Test year,-223.0,-156.26363562703324,False
Test year,-233.0,-180.18199680435947,False
Test year,-255.0,-206.65661002166655,False
Test year,-201.0,-160.46277953930405,False
Test year,-118.0,-127.54857979315989,False
Test year,-93.0,-50.197569633088506,False
Test year,-15.0,-12.556535504307078,False
Test year,59.0,91.06152329469043,False
Test year,32.0,80.18461903956052,False
Test year,33.0,202.95706396952545,False
Test year,98.0,127.94632905098226,False
Test year,269.0,286.6866264879526,False
Test year,267.0,296.66613258956676,False
Test year,341.0,254.57741640336317,False
Test year,176.0,138.2522832178932,False
Test year,-63.0,-75.66406441699075,False
Test year,-261.0,-311.9306018734585,False
Test year,-328.0,-254.39026584183318,False
Test year,-340.0,-330.4393715623655,False
Test year,-356.0,-265.5253045513458,False
Test year,-413.0,-234.5181100439355,False
Test year,-238.0,-241.62464113068833,False
Test year,-261.0,-140.05473022676046,False
Test year,-137.0,-95.40130354808406,False
Test year,-138.0,-14.416863030880108,False
Test year,-66.0,56.55139457044811,False
Test year,95.0,97.44598230885381,False
Test year,234.0,194.46212654699667,False
Test year,348.0,346.6666175738074,False
Test year,542.0,384.74901475157446,False
Test year,604.0,579.4735321846651,False
Test year,623.0,560.6280069617897,False
Test year,596.0,645.1493053761782,False
Test year,405.0,499.24102689423114,False
Test year,331.0,333.7829793402519,False
Test year,39.0,63.07486821650201,False
Test year,-81.0,-61.61594856750477,False
Test year,-48.0,-133.62423328911726,False
Test year,-22.0,-102.0645216189343,False
Test year,-63.0,-108.40659739276526,False
Test year,-139.0,-151.20035936690857,False
Test year,-112.0,-149.22980157573505,False
Test year,-225.0,-173.17627918628028,False
Test year,-128.0,-159.89266615487043,False
Test year,-262.0,-176.07593925653686,False
Test year,-211.0,-213.24421689838505,False
Test year,-216.0,-169.81972878729647,False
Test year,-60.0,-174.34734129266224,False
Test year,-216.0,-129.81439787795387,False
Test year,-188.0,-158.22488848830062,False
Test year,-204.0,-171.22691240954487,False
Test year,-167.0,-119.0544615468819,False
Test year,-161.0,-92.48293698867951,False
Test year,-35.0,-48.89579349329142,False
Test year,-23.0,20.999883529770358,False
Test year,115.0,105.00441029911349,False
Test year,-31.0,121.39567054945377,False
Test year,67.0,188.8732732993072,False
Test year,126.0,154.59727400239697,False
Test year,282.0,316.17235733219803,False
Test year,346.0,319.1465517070884,False
Test year,282.0,321.4728866289078,False
Test year,92.0,115.478920774176,False
Test year,-82.0,-94.38200200987723,False
Test year,-278.0,-280.7739657172586,False
Test year,-229.0,-249.71155492692174,False
Test year,-333.0,-284.9506204000197,False
Test year,-257.0,-245.60011817706874,False
Test year,-409.0,-176.29185874789775,False
Test year,-43.0,-226.64687984821813,False
Test year,-108.0,-15.414312310427533,False
Test year,-17.0,35.62797443927013,False
Test year,-36.0,55.982890665807474,False
Test year,-7.0,82.1808178281371,False
Test year,37.0,115.41362806328425,False
Test year,103.0,161.7954928022085,False
Test year,305.0,271.6188856220148,False
Test year,431.0,372.7162958532125,False
Test year,584.0,517.4822260509757,False
Test year,582.0,566.378702369313,False
Test year,563.0,627.3224822292857,False
Test year,565.0,473.0866711822051,False
Test year,335.0,453.3770621025708,False
Test year,-48.0,50.10528472764565,False
Test year,-54.0,-104.91770838936012,False
Test year,-201.0,-131.3672105783457,False
Test year,-149.0,-160.30545746094697,False
Test year,-167.0,-169.71312678501238,False
Test year,-182.0,-193.0391204496508,False
Test year,-186.0,-163.47439499425855,False
Test year,-322.0,-192.20162296106452,False
Test year,-154.0,-186.42550629385164,False
Test year,-216.0,-183.21825488099154,False
Test year,-216.0,-180.39577719142846,False
Test year,-181.0,-157.33816633042335,False
Test year,-13.0,-155.01783392775752,False
Test year,-153.0,-99.54980213978601,False
Test year,-193.0,-126.78494304857179,False
Test year,-228.0,-161.82677026575107,False
Test year,-58.0,-125.76586061679745,False
Test year,-141.0,-49.89328584448003,False
Test year,-78.0,-29.148379129814828,False
Test year,-112.0,6.602467537875867,False
Test year,20.0,66.92298393207773,False
Test year,116.0,70.11318251275145,False
Test year,296.0,259.80311974938206,False
Test year,363.0,294.87876233172824,False
Test year,643.0,461.5789627811247,False
Test year,691.0,571.3650430682767,False
Test year,534.0,543.131903296098,False
Test year,69.0,245.9789762884194,False
Test year,-301.0,-159.68227177331755,False
Test year,-441.0,-395.09350877111893,False
Test year,-440.0,-364.3865772437455,False
Test year,-296.0,-399.3857544539858,False
Test year,-372.0,-274.38620645328376,False
Test year,-316.0,-235.08887580784062,False
Test year,-96.0,-203.92271579644137,False
Test year,-97.0,-65.80112714349411,False
Test year,-19.0,-24.17241039922027,False
Test year,64.0,38.39485447219272,False
Test year,44.0,145.3084390631933,False
Test year,150.0,130.77776243161685,False
Test year,103.0,196.24191417213495,False
Test year,0.0,258.6487908844763,False
Test year,339.0,188.44336311294558,False
Test year,550.0,446.3935784331762,False
Test year,413.0,531.9815206743968,False
Test year,491.0,488.3792038142039,False
Test year,541.0,413.7495704924732,False
Test year,398.0,424.8449712746252,False
Test year,-7.0,83.23743228536199,False
Test year,-65.0,-104.85630096543301,False
Test year,-195.0,-148.92017925169716,False
Test year,-165.0,-174.47570078903578,False
Test year,-204.0,-190.26307728416128,False
Test year,-167.0,-222.66492732419482,False
Test year,-286.0,-175.59847566990942,False
Test year,-268.0,-237.9924079601583,False
Test year,-156.0,-190.66523272979072,False
Test year,-287.0,-183.56988858739885,False
Test year,-145.0,-213.83963157750583,False
Test year,-272.0,-151.8743911856506,False
Test year,-42.0,-189.78552641189077,False
Test year,-146.0,-133.32309085358474,False
Test year,-309.0,-133.4972825174473,False
Test year,-233.0,-210.38645924891983,False
Test year,-196.0,-149.926795562574,False
Test year,-155.0,-109.02146892270201,False
Test year,-35.0,-51.067205524115764,False
Test year,-85.0,20.72913576216385,False
Test year,87.0,78.40084440795033,False
Test year,108.0,102.55135977718382,False
Test year,225.0,254.2509299666143,False
Test year,299.0,244.97322992949395,False
Test year,571.0,414.54318841752416,False
Test year,580.0,511.5100564776374,False
Test year,470.0,456.2048249188799,False
Test year,80.0,215.88499050472745,False
Test year,-311.0,-157.69921862244905,False
Test year,-507.0,-398.0253486464278,False
Test year,-299.0,-364.33797138619866,False
Test year,-278.0,-353.79903252531665,False
Test year,-257.0,-244.5033364768494,False
Test year,-272.0,-155.7334509184038,False
Test year,-81.0,-190.24126136547514,False
Test year,-94.0,-11.680412487782803,False
Test year,115.0,-42.09178481659745,False
Test year,-61.0,117.48254811847079,False
Test year,-51.0,37.49393335719924,False
Test year,153.0,64.82462283425369,False
Test year,151.0,201.19223949657635,False
Test year,243.0,276.3393044536965,False
Test year,386.0,312.8099252618526,False
Test year,398.0,465.9484052112674,False
Test year,314.0,425.3451381744428,False
Test year,373.0,430.5140778811651,False
Test year,343.0,326.03702395152294,False
Test year,199.0,289.4318459403679,False
Test year,-52.0,-16.008152715800065,False
Test year,-77.0,-96.81202937234778,False
Test year,-204.0,-132.8667825865162,False
Test year,-167.0,-155.63225840920546,False
Test year,-125.0,-169.78233483758328,False
Test year,-195.0,-173.0874821473367,False
Test year,-225.0,-158.81607215975657,False
Test year,-288.0,-203.20285303040004,False
Test year,-134.0,-174.78236987256895,False
Test year,-156.0,-165.88374786483865,False
Test year,-199.0,-153.31965162843574,False
Test year,-183.0,-142.82314031841508,False
Test year,47.0,-153.29549635444573,False
Test year,-156.0,-73.02779219529074,False
Test year,-225.0,-126.85342803656025,False
Test year,-240.0,-175.19787872322405,False
Test year,-225.0,-135.15717584509184,False
Test year,-161.0,-117.15725501496371,False
Test year,-32.0,-53.6244678186996,False
Test year,-47.0,24.941479197739795,False
Test year,-25.0,97.64699841565425,False
Test year,124.0,55.657098654561565,False
Test year,214.0,262.3897316119085,False
Test year,288.0,243.889370117736,False
Test year,490.0,414.3162701712349,False
Test year,414.0,459.2267310921254,False
Test year,452.0,355.795165899473,False
Test year,284.0,268.4965969319354,False
Test year,-31.0,65.19091095205908,False
Test year,-255.0,-214.8066297628866,False
Test year,-99.0,-186.9783408624757,False
Test year,0.0,-240.52111392662937,False
Test year,-250.0,-112.0609375140985,False
Test year,-242.0,-188.10087160789118,False
Test year,-260.0,-261.45699338123904,False
Test year,-124.0,-231.5449987692275,False
Test year,-105.0,-79.9507417472434,False
Test year,-106.0,-23.375107106232065,False
Test year,-142.0,-1.624630413255204,False
Test year,98.0,12.876571242373075,False
Test year,87.0,167.77280141380544,False
Test year,297.0,243.1719378351789,False
Test year,355.0,338.9087827774212,False
Test year,289.0,453.72571899898355,False
Test year,241.0,350.23097385570406,False
Test year,337.0,388.34399910190604,False
Test year,398.0,312.25927141641785,False
Test year,293.0,337.61851267770174,False
Test year,-21.0,40.95808585780628,False
Test year,-25.0,-85.26229125324221,False
Test year,-189.0,-111.51266925186138,False
Test year,-145.0,-149.0406937254835,False
Test year,-133.0,-162.23213884197423,False
Test year,-185.0,-176.07893059029948,False
Test year,-263.0,-157.78259379037866,False
Test year,-239.0,-216.60464598493303,False
Test year,-110.0,-162.6411961100141,False
Test year,-152.0,-149.4107188727496,False
Test year,-201.0,-150.42622177119028,False
Test year,-176.0,-145.54089667476006,False
Test year,-5.0,-153.17099977315172,False
Test year,-170.0,-98.21705224555825,False
Test year,-241.0,-135.74845586873892,False
Test year,-259.0,-183.891672679995,False
Test year,-167.0,-145.24754407544935,False
Test year,-111.0,-98.31733247933352,False
Test year,-75.0,-27.26219505952986,False
Test year,-42.0,10.81141651819317,False
Test year,46.0,95.66493573322919,False
Test year,187.0,87.47651071013965,False
Test year,252.0,299.6275136726916,False
Test year,161.0,264.9385047660557,False
Test year,465.0,332.87673870263035,False
Test year,485.0,438.65781336765866,False
Test year,402.0,402.65449063939997,False
Test year,122.0,196.5705197834281,False
Test year,-145.0,-69.27417841186383,False
Test year,-356.0,-300.57426636275915,False
Test year,-284.0,-262.7316980697347,False
Test year,-184.0,-334.2217487497619,False
Test year,-299.0,-187.04924995615056,False
Test year,-185.0,-173.18321945294417,False
Test year,-105.0,-200.886749431076,False
Test year,10.0,-94.65663540126727,False
Test year,-15.0,46.112425587282246,False
Test year,62.0,4.4016664529731315,False
Test year,-60.0,113.05340712488453,False
Test year,-7.0,47.52520902787012,False
Test year,129.0,111.89422639997116,False
Test year,207.0,262.013018053495,False
Test year,226.0,290.44370321256497,False
Test year,284.0,374.65583732990194,False
Test year,358.0,351.0224286522675,False
Test year,379.0,467.60548915690526,False
Test year,294.0,343.77272073827766,False
Test year,215.0,272.11515533156125,False
Test year,-127.0,2.913012532368157,False
Test year,-90.0,-114.57754735702895,False
Test year,-110.0,-130.6754103187899,False
Test year,-163.0,-108.6783490648545,False
Test year,-67.0,-146.93664162740845,False
Test year,-166.0,-140.0779105009682,False
Test year,-150.0,-134.64985074659887,False
Test year,-170.0,-164.65422949980052,False
Test year,-101.0,-117.49093687582075,False
Test year,-129.0,-134.22412029744646,False
Test year,-139.0,-139.18105009067585,False
Test year,-166.0,-130.66208455521883,False
Test year,-59.0,-154.27536616697773,False
Test year,-140.0,-131.69757708772482,False
Test year,-233.0,-138.8930307631577,False
Test year,-225.0,-189.26015391745352,False
Test year,-178.0,-143.2624905810501,False
Test year,-198.0,-109.82200596615178,False
Test year,-53.0,-74.8121524515833,False
Test year,-133.0,-1.3715881480679855,False
Test year,69.0,48.55400906423159,False
Test year,10.0,80.12748681309097,False
Test year,52.0,197.03739464740858,False
Test year,66.0,139.73268385860678,False
Test year,247.0,275.02081741515684,False
Test year,244.0,286.76856427381097,False
Test year,334.0,251.66086422885527,False
Test year,138.0,164.9966593134624,False
Test year,7.0,-51.97670103489986,False
Test year,-195.0,-228.32630895376138,False
Test year,-94.0,-206.87574383923197,False
Test year,-300.0,-219.1495591963381,False
Test year,-352.0,-267.15073105768215,False
Test year,-287.0,-249.03223250422997,False
Test year,-134.0,-207.56967919310188,False
Test year,-107.0,-89.03663474604548,False
Test year,-6.0,1.75933445465688,False
Test year,-24.0,49.445530589687905,False
Test year,167.0,81.209283172001,False
Test year,233.0,191.43753374345397,False
Test year,225.0,242.1585595809625,False
Test year,392.0,317.26479620140844,False
Test year,357.0,407.45013396667366,False
Test year,232.0,448.4969999714302,False
Test year,293.0,318.15138990232566,False
Test year,361.0,426.4337023458412,False
Test year,283.0,333.4610905350502,False
Test year,94.0,259.27073533150286,False
Test year,-99.0,-56.903763902021865,False
Test year,-104.0,-99.83515171838067,False
Test year,-147.0,-128.98844081741248,False
Test year,-106.0,-118.9061484846149,False
Test year,-145.0,-124.11969862897342,False
Test year,-92.0,-160.19818340841653,False
Test year,-159.0,-108.87534828612758,False
Test year,-163.0,-158.1091412647699,False
Test year,-21.0,-114.28704393512487,False
Test year,-105.0,-100.42413041024196,False
Test year,-172.0,-125.82533603639172,False
Test year,-171.0,-132.40908462671536,False
Test year,5.0,-151.72661032684687,False
Test year,-112.0,-97.00311628184036,False
Test year,-223.0,-117.90354342511137,False
Test year,-250.0,-177.9836271667354,False
Test year,-100.0,-147.77385540834308,False
Test year,-131.0,-80.01426514236783,False
Test year,-111.0,-38.58453444057608,False
Test year,9.0,-16.24900571695983,False
Test year,-106.0,104.81605038484327,False
Test year,-41.0,13.42099555830157,False
Test year,68.0,166.0626071356176,False
Test year,38.0,148.14312175296922,False
Test year,181.0,266.1129296419656,False
Test year,173.0,252.6928518343192,False
Test year,247.0,223.8954026984976,False
Test year,197.0,152.15907470234146,False
Test year,257.0,70.67985893206918,False
Test year,60.0,17.95276412065749,False
Test year,231.0,-13.79947003842642,False
Test year,90.0,40.58368787040007,False
Test year,-14.0,-9.436778220588451,False
Test year,-50.0,-96.47869496896487,False
Test year,-124.0,-134.6502708887851,False
Test year,-422.0,-260.8510298175778,False
Test year,-182.0,-234.8697714982585,False
Test year,-164.0,-159.5541944390181,False
Test year,-14.0,-72.00846443752721,False
Test year,1.0,95.55293861717749,False
Test year,-1.0,103.16716699421386,False
Test year,265.0,188.9763606507998,False
Test year,387.0,321.7509801670894,False
Test year,422.0,479.11782219030835,False
Test year,399.0,447.68474648869585,False
Test year,343.0,490.5914292876466,False
Test year,338.0,304.16959263007203,False
Test year,186.0,293.4801731834775,False
Test year,3.0,-22.570353059543322,False
Test year,-83.0,-72.2984692924768,False
Test year,-228.0,-131.3270999326275,False
Test year,-162.0,-163.16922015053598,False
Test year,-149.0,-168.66830718111032,False
Test year,-187.0,-178.2074153227855,False
Test year,-192.0,-154.6018737750107,False
Test year,-274.0,-186.66764551922938,False
Test year,-95.0,-163.2249967915924,False
Test year,-224.0,-147.63623102092515,False
Test year,-135.0,-175.50779609505054,False
Test year,-231.0,-116.83551311157288,False
Test year,31.0,-155.12672709232703,False
Test year,-127.0,-77.72849508078639,False
Test year,-243.0,-107.63388345317819,False
Test year,-219.0,-172.2769094034639,False
Test year,-100.0,-124.71695797691632,False
Test year,2.0,-61.95429444241773,False
Test year,-86.0,29.995036711727494,False
Test year,-91.0,15.9463269054377,False
Test year,141.0,75.77475422640896,False
Test year,31.0,135.11759888778747,False
Test year,212.0,221.35204022036777,False
Test year,281.0,242.0414712767916,False
Test year,513.0,413.73678688137386,False
Test year,500.0,483.9016224255609,False
Test year,530.0,423.19277465446896,False
Test year,188.0,296.287517790187,False
Test year,-60.0,-7.659007309912283,False
Test year,-224.0,-240.35147603902436,False
Test year,-255.0,-206.78035225862766,False
Test year,-168.0,-299.5779405274069,False
Test year,-258.0,-216.36289328295965,False
Test year,-140.0,-170.7703128943642,False
Test year,49.0,-133.93339962207358,False
Test year,149.0,15.487779295801062,False
Test year,42.0,111.37263130980972,False
Test year,-38.0,-13.249727658320296,False
Test year,81.0,23.57378666043809,False
Test year,-47.0,98.08460751828795,False
Test year,-16.0,68.47036761763354,False
Test year,106.0,177.5979211139093,False
Test year,113.0,217.82957588450796,False
Test year,299.0,303.82345066404946,False
Test year,309.0,354.5241166111326,False
Test year,415.0,426.7786268418547,False
Test year,458.0,355.35898133737885,False
Test year,312.0,367.9955627562508,False
Test year,-34.0,34.012739771240774,False
Test year,-64.0,-106.6632614475154,False
Test year,-232.0,-142.6080915584866,False
Test year,-203.0,-179.5283179126929,False
Test year,-130.0,-199.43770259368512,False
Test year,-230.0,-189.9326769802874,False
Test year,-226.0,-180.77067303170168,False
Test year,-349.0,-214.9595243174979,False
Test year,-123.0,-200.6717490335646,False
Test year,-213.0,-175.33308970229706,False
Test year,-159.0,-174.9443557894786,False
Test year,-228.0,-134.8997356206272,False
Test year,-49.0,-164.91032290960345,False
Test year,-156.0,-120.12728201036879,False
Test year,-220.0,-128.92503113360326,False
Test year,-215.0,-170.81210843237653,False
Test year,-85.0,-123.01734770833059,False
Test year,-158.0,-58.08999642421563,False
Test year,-115.0,-37.1384074160992,False
Test year,-4.0,-9.266012348396913,False
Test year,56.0,109.98276335677005,False
Test year,86.0,95.31123313073081,False
Test year,297.0,245.30337295411232,False
Test year,297.0,294.42781158997684,False
Test year,572.0,416.1950406193422,False
Test year,637.0,516.4725661429493,False
Test year,464.0,505.09801247952936,False
Test year,77.0,207.86568661128933,False
Test year,-315.0,-130.25693039059496,False
Test year,-593.0,-404.80866577871654,False
Test year,-341.0,-416.681238449323,False
Test year,-406.0,-422.22695639604797,False
Test year,-418.0,-315.174322276048,False
Test year,-374.0,-281.0184100663878,False
Test year,-201.0,-267.39234182124864,False
Test year,-168.0,-95.31677894767535,False
Test year,-134.0,-33.430601086681975,False
Test year,-14.0,13.018090438987997,False
Test year,30.0,102.81020449977632,False
Test year,139.0,149.46771903615254,False
Test year,187.0,229.43789978339936,False
Test year,345.0,322.871104200766,False
Test year,408.0,380.1976000961257,False
Test year,498.0,485.2134361682796,False
Test year,513.0,485.48954878108856,False
Test year,537.0,565.1807978033336,False
Test year,392.0,460.635210663114,False
Test year,319.0,324.4097698281679,False
Test year,-25.0,58.60740655077126,False
Test year,-53.0,-87.0586585919174,False
Test year,-156.0,-122.30103941763596,False
Test year,-159.0,-137.89053662687525,False
Test year,-120.0,-163.64795464827978,False
Test year,-157.0,-172.89630346338987,False
Test year,-203.0,-147.08283833544152,False
Test year,-256.0,-193.8549847505962,False
Test year,-170.0,-163.488237980826,False
Test year,-232.0,-177.45859977431076,False
Test year,-212.0,-187.1455775608477,False
Test year,-199.0,-161.26084551438262,False
Test year,-17.0,-164.10770924138984,False
Test year,-160.0,-106.18665875139249,False
Test year,-190.0,-132.42601536313157,False
Test year,-223.0,-163.9623099221053,False
Test year,-185.0,-125.97149621556667,False
Test year,-147.0,-101.96583441796292,False
Test year,-59.0,-45.42911396465172,False
Test year,-33.0,12.570787641372647,False
Test year,104.0,99.31635288940072,False
Test year,84.0,115.51642055081572,False
Test year,257.0,242.56688525716348,False
Test year,240.0,264.94235986830404,False
Test year,546.0,377.4984820415786,False
Test year,597.0,495.80100368607214,False
Test year,409.0,478.9829003265387,False
Test year,84.0,208.15790159862394,False
Test year,-154.0,-97.87195513140097,False
Test year,-351.0,-287.0140394483316,False
Test year,-100.0,-223.72335554247582,False
Test year,-57.0,-187.50193477535115,False
Test year,-83.0,-138.9091105141896,False
Test year,-135.0,-113.43383036792068,False
Test year,-5.0,-172.04931186703982,False
Test year,-80.0,-126.62312940668073,False
Test year,-216.0,-85.40451171245007,False
Test year,-126.0,-101.89919333490991,False
Test year,-120.0,-21.01661042909177,False
Test year,164.0,-17.768692655974746,False
Test year,35.0,204.99002630439287,False
Test year,141.0,206.4741180031569,False
Test year,62.0,242.3192651830849,False
Test year,350.0,277.06309572011315,False
Test year,299.0,387.9296099724115,False
Test year,485.0,418.9054756159931,False
Test year,503.0,413.5330851854761,False
Test year,290.0,395.4219591727253,False
Test year,24.0,19.154198787349742,False
Test year,-63.0,-80.87909150865946,False
Test year,-154.0,-140.2390635468754,False
Test year,-167.0,-153.45469943536511,False
Test year,-176.0,-181.41226890033943,False
Test year,-223.0,-208.50419105543892,False
Test year,-165.0,-188.59969529096907,False
Test year,-308.0,-197.80872471243924,False
Test year,-141.0,-186.66988181328696,False
Test year,-182.0,-183.47952867355565,False
Test year,-244.0,-174.07842460862213,False
Test year,-219.0,-170.63159061459834,False
Test year,-22.0,-179.48623278287852,False
Test year,-191.0,-114.02270695477841,False
Test year,-237.0,-146.6950312585635,False
Test year,-242.0,-186.6241609973742,False
Test year,-187.0,-139.7090399140195,False
Test year,-108.0,-104.69996941663999,False
Test year,-64.0,-29.453653311558924,False
Test year,-89.0,14.866024562600103,False
Test year,139.0,76.3346571149678,False
Test year,36.0,131.19009944165794,False
Test year,222.0,220.28152454926413,False
Test year,280.0,242.7545368757468,False
Test year,576.0,404.8373183047361,False
Test year,599.0,519.1582385185488,False
Test year,477.0,477.77225990043416,False
Test year,73.0,254.3303740284927,False
Test year,-471.0,-139.34404423133861,False
Test year,-444.0,-419.74729311309864,False
Test year,7.0,-352.80290942024976,False
Test year,-72.0,-185.7846959177661,False
Test year,-210.0,-132.11298518753887,False
Test year,-129.0,-187.4754983713057,False
Test year,-183.0,-140.0778895901966,False
Test year,-250.0,-174.11253019436535,False
Test year,-17.0,-127.48280500457696,False
Test year,-84.0,3.846060026876472,False
Test year,119.0,38.22074018322144,False
Test year,102.0,151.91994978326403,False
Test year,203.0,163.30942796331118,False
Test year,203.0,295.5938357211114,False
Test year,156.0,279.9360921821514,False
Test year,447.0,327.72135881560257,False
Test year,337.0,458.89319285314195,False
Test year,492.0,439.96747036074123,False
Test year,340.0,406.26398794953053,False
Test year,321.0,269.8138206020502,False
Test year,-51.0,47.450009912487474,False
Test year,-92.0,-114.02003668229457,False
Test year,-169.0,-154.2335525984907,False
Test year,-197.0,-158.9831620796205,False
Test year,-134.0,-191.3028368728775,False
Test year,-193.0,-193.78015975971303,False
Test year,-261.0,-171.6889789447947,False
Test year,-294.0,-227.3581631273649,False
Test year,-86.0,-191.79871702485667,False
Test year,-238.0,-157.6449008869871,False
Test year,-275.0,-188.3312496412886,False
Test year,-204.0,-189.3497929265863,False
Test year,-24.0,-178.25884726802258,False
Test year,-162.0,-112.44951512811627,False
Test year,-229.0,-135.68622389753784,False
Test year,-233.0,-180.32881336069926,False
Test year,-134.0,-135.5499965332121,False
Test year,-154.0,-83.48856853211811,False
Test year,-87.0,-42.51281045091213,False
Test year,-34.0,0.11730308752748897,False
Test year,49.0,97.07289053509922,False
Test year,68.0,87.83107223260066,False
Test year,212.0,233.64637068690203,False
Test year,231.0,237.96958649864243,False
Test year,443.0,374.4515531688968,False
Test year,455.0,421.362217112053,False
Test year,512.0,384.6422265424375,False
Test year,317.0,310.95103339866006,False
Test year,122.0,114.61502006711333,False
Test year,-43.0,-101.40243235740024,False
Test year,-70.0,-65.42753764849749,False
Test year,-174.0,-196.2234944357017,False
Test year,-150.0,-221.8797855483462,False
Test year,-235.0,-194.68312646735058,False
Test year,-88.0,-261.16188525649386,False
Test year,-1.0,-147.8258671743214,False
Test year,81.0,12.844215610027732,False
Test year,39.0,1.9417813806692834,False
Test year,38.0,30.827080429348257,False
Test year,-101.0,55.09749628271277,False
Test year,88.0,16.51309888021831,False
Test year,53.0,207.66964338214217,False
Test year,37.0,167.51446912350139,False
Test year,174.0,243.1942147952502,False
Test year,174.0,263.19319680240517,False
Test year,360.0,336.66670402344295,False
Test year,266.0,308.17928153030806,False
Test year,177.0,230.67907064263767,False
Test year,-107.0,-34.09982257845843,False
Test year,-107.0,-124.71167583771867,False
Test year,-220.0,-153.3430418793331,False
Test year,-198.0,-167.06188027734743,False
Test year,-109.0,-185.50900575547115,False
Test year,-76.0,-172.00708604185178,False
Test year,-192.0,-114.92504080075724,False
Test year,-223.0,-184.05668954436686,False
Test year,-88.0,-152.88851849679986,False
Test year,-210.0,-145.65620718440087,False
Test year,-183.0,-176.9485690955362,False
Test year,-180.0,-162.92098154785157,False
Test year,-5.0,-169.1444746398176,False
Test year,-192.0,-115.1092774058979,False
Test year,-241.0,-159.9834130110283,False
Test year,-272.0,-201.75850614291176,False
Test year,-196.0,-164.59445071747666,False
Test year,-125.0,-125.78455625282112,False
Test year,-126.0,-49.99980823137463,False
Test year,-55.0,-24.056118213156594,False
Test year,-1.0,73.10455136749226,False
Test year,55.0,52.28500923605134,False
Test year,174.0,214.59477572966549,False
Test year,111.0,205.33315544737678,False
Test year,252.0,297.45317382272697,False
Test year,220.0,286.4210628078731,False
Test year,236.0,232.72443466925571,False
Test year,70.0,97.16065365647762,False
Test year,-53.0,-89.20575409130811,False
Test year,-246.0,-267.4184382035411,False
Test year,-294.0,-243.2788172077204,False
Test year,-214.0,-321.2437914334336,False
Test year,-294.0,-222.20272743015508,False
Test year,-242.0,-188.15294955716848,False
Test year,-49.0,-164.42732905860026,False
Test year,-15.0,-29.242204433627023,False
Test year,-15.0,10.139267027910194,False
Test year,-5.0,18.531739926305306,False
Test year,-11.0,87.19185600741594,False
Test year,36.0,71.07799085732364,False
Test year,150.0,143.5508822480026,False
Test year,265.0,278.7996120146951,False
Test year,339.0,322.1525151846125,False
Test year,472.0,437.5077836946058,False
Test year,448.0,473.68258979919034,False
Test year,454.0,518.5130211141933,False
Test year,372.0,396.0213220802241,False
Test year,267.0,320.9383187173574,False
Test year,-19.0,27.780289362851022,False
Test year,-98.0,-79.32867538619377,False
Test year,-166.0,-135.2424594372743,False
Test year,-90.0,-139.70529456156305,False
Test year,-91.0,-133.9455629253876,False
Test year,-70.0,-152.4729723221314,False
Test year,-143.0,-110.63090281174482,False
Test year,-200.0,-165.98384592014185,False
Test year,-49.0,-141.21591582751284,False
Test year,-131.0,-130.58417763457368,False
Test year,-215.0,-150.00625597856492,False
Test year,-196.0,-161.5863597839181,False
Test year,-15.0,-175.56858564144943,False
Test year,-124.0,-117.37017691604228,False
Test year,-272.0,-130.99033071879384,False
Test year,-203.0,-203.22899996449348,False
Test year,-230.0,-141.6948434756701,False
Test year,-106.0,-127.1894830747271,False
Test year,-112.0,-46.135503701709524,False
Test year,-3.0,-15.89949985968829,False
Test year,-45.0,97.54063356893596,False
Test year,-35.0,36.66291117961356,False
Test year,97.0,171.7741906654146,False
Test year,98.0,160.8898548611667,False
Test year,253.0,293.622938051408,False
Test year,298.0,293.1611956728734,False
Test year,295.0,289.1186093025271,False
Test year,128.0,136.3415814531227,False
Test year,-66.0,-79.54509751494356,False
Test year,-247.0,-288.8180672033331,False
Test year,-237.0,-242.8151483643834,False
Test year,-318.0,-287.07024708088386,False
Test year,-297.0,-248.23900807347258,False
Test year,-282.0,-188.39567169449427,False
Test year,-136.0,-180.5245212640791,False
Test year,-187.0,-84.4355841851143,False
Test year,11.0,-37.800269709963686,False
Test year,31.0,63.61834291506909,False
Test year,84.0,118.36051777866555,False
Test year,220.0,157.65243979682344,False
Test year,200.0,254.24316155168964,False
Test year,416.0,307.2534295084913,False
Test year,417.0,429.4248189842629,False
Test year,473.0,494.7689759704657,False
Test year,609.0,476.45643409385474,False
Test year,581.0,637.1952903932604,False
Test year,439.0,467.9980489791181,False
Test year,309.0,340.14763606735727,False
Test year,2.0,28.21061651266143,False
Test year,-63.0,-96.1336025161061,False
Test year,-137.0,-145.8290666880863,False
Test year,-139.0,-151.64011272825707,False
Test year,-153.0,-174.33102070465128,False
Test year,-91.0,-202.9985500755954,False
Test year,-252.0,-145.01935875609263,False
Test year,-305.0,-225.18240380250535,False
Test year,-233.0,-206.20727658927808,False
Test year,-213.0,-225.26911075465273,False
Test year,-199.0,-203.78203766898218,False
Test year,-223.0,-154.27744214338537,False
Test year,40.0,-171.89695418739007,False
Test year,-174.0,-84.79585324011293,False
Test year,-192.0,-136.59992641175296,False
Test year,-215.0,-167.24275510068895,False
Test year,-158.0,-123.84667075493348,False
Test year,-5.0,-90.44706395704497,False
Test year,-141.0,15.432527671804337,False
Test year,31.0,-10.814731802267914,False
Test year,37.0,119.4716427102073,False
Test year,91.0,83.8131327760988,False
Test year,286.0,243.1449248342735,False
Test year,324.0,282.9347774971576,False
Test year,650.0,429.985592132419,False
Test year,739.0,572.6775650086261,False
Test year,559.0,576.028486251091,False
Test year,115.0,266.10349957584765,False
Test year,-218.0,-140.79785109158797,False
Test year,-434.0,-399.4482297349583,False
Test year,-325.0,-361.5800734325576,False
Test year,-377.0,-386.4630396698639,False
Test year,-461.0,-308.83945203099876,False
Test year,-443.0,-287.89554569672237,False
Test year,-290.0,-301.63629942730597,False
Test year,-169.0,-179.40274168906944,False
Test year,-90.0,-60.07812175779986,False
Test year,-7.0,35.4955751956623,False
Test year,197.0,107.4447238763081,False
Test year,249.0,222.75937581842746,False
Test year,148.0,269.7476619872048,False
Test year,334.0,276.3339552065336,False
Test year,221.0,366.78802220132377,False
Test year,453.0,362.3639160534157,False
Test year,548.0,451.4698143980288,False
Test year,576.0,574.9552127940244,False
Test year,483.0,454.6909845373837,False
Test year,420.0,358.5174556480733,False
Test year,86.0,83.43522731612023,False
Test year,-66.0,-83.58291868465082,False
Test year,-151.0,-168.45074720360859,False
Test year,-144.0,-181.5356697729341,False
Test year,-146.0,-201.643256932278,False
Test year,-201.0,-224.59391536563407,False
Test year,-305.0,-207.35426574542754,False
Test year,-330.0,-273.47051119320435,False
Test year,-228.0,-238.15893714752679,False
Test year,-255.0,-240.11248303927675,False
Test year,-274.0,-228.47818912788978,False
Test year,-257.0,-205.28424632234965,False
Test year,-34.0,-209.43586238784638,False
Test year,-168.0,-135.30073372366502,False
Test year,-215.0,-148.32293028926347,False
Test year,-226.0,-184.51869642355354,False
Test year,-91.0,-138.61130217439165,False
Test year,-163.0,-72.90796954529779,False
Test year,-77.0,-49.08746042578093,False
Test year,-44.0,-3.040998497957901,False
Test year,125.0,87.33593445015842,False
Test year,107.0,119.1108818174955,False
Test year,273.0,246.7344004735331,False
Test year,425.0,264.7517097730103,False
Test year,686.0,486.38393898588015,False
Test year,786.0,576.3055191104781,False
Test year,571.0,584.3641124917123,False
Test year,164.0,238.07212913900167,False
Test year,-245.0,-163.5038135278694,False
Test year,-567.0,-443.4420600356814,False
Test year,-529.0,-426.79970755559896,False
Test year,-517.0,-521.0595376764037,False
Test year,-368.0,-418.72780620156243,False
Test year,-462.0,-286.70899498828607,False
Test year,-45.0,-243.9557030875991,False
Test year,-205.0,-62.479751663595465,False
Test year,-113.0,-86.19099985956683,False
Test year,-255.0,14.335244379881658,False
Test year,39.0,-34.92365726887368,False
Test year,57.0,131.72291614094922,False
Test year,386.0,175.00353629405345,False
Test year,450.0,405.96500716137297,False
Test year,299.0,426.29375739544196,False
Test year,421.0,399.8712930440118,False
Test year,535.0,421.2412328326062,False
Test year,622.0,558.876826686228,False
Test year,479.0,487.0467896206171,False
Test year,419.0,341.68063338860713,False
Test year,141.0,79.38245657423414,False
Test year,33.0,-60.1228005351862,False
Test year,-107.0,-134.08955075405473,False
Test year,-110.0,-171.858752888984,False
Test year,-120.0,-199.30571160676044,False
Test year,-248.0,-228.2505296267109,False
Test year,-273.0,-239.15086449008817,False
Test year,-348.0,-286.3464904858083,False
Test year,-324.0,-257.07579565304013,False
Test year,-309.0,-294.0387928782294,False
Test year,-331.0,-276.66748963759943,False
Test year,-248.0,-249.5073162388896,False
Test year,-127.0,-229.63011597723667,False
Test year,-74.0,-182.90572983919083,False
Test year,-293.0,-130.69136239820398,False
Test year,-250.0,-215.3831487387008,False
Test year,-188.0,-169.1093405202383,False
Test year,-117.0,-122.23580467433334,False
Test year,-61.0,-47.66457279812704,False
Test year,-29.0,1.5980546127134403,False
Test year,155.0,88.18021425498824,False
Test year,113.0,128.66622896101904,False
Test year,329.0,241.49957951686886,False
Test year,382.0,291.4571814062811,False
Test year,711.0,442.6677096169386,False
Test year,832.0,586.9935219575788,False
Test year,606.0,608.5409798880007,False
Test year,186.0,243.4907353622869,False
Test year,-300.0,-167.38121345668827,False
Test year,-550.0,-476.0650114905408,False
Test year,-465.0,-460.14332043807826,False
Test year,-515.0,-498.38180175278706,False
Test year,-493.0,-419.37318612481135,False
Test year,-624.0,-364.4851329020673,False
Test year,-263.0,-362.1336677925747,False
Test year,-161.0,-212.38024103551837,False
Test year,-249.0,-51.416800631042975,False
Test year,-137.0,-48.93356481139591,False
Test year,44.0,48.78599334219638,False
Test year,83.0,153.25090005141317,False
Test year,146.0,196.68246151749872,False
Test year,363.0,290.9037390555492,False
Test year,395.0,381.5447160701033,False
Test year,597.0,455.30162984264666,False
Test year,594.0,534.9936124525486,False
Test year,454.0,584.0013478137207,False
Test year,447.0,361.8555340084962,False
Test year,345.0,345.95306237123737,False
Test year,80.0,40.23774789707602,False
Test year,109.0,-71.83125089427182,False
Test year,-60.0,-80.60202916187541,False
Test year,-128.0,-135.82506084136793,False
Test year,-68.0,-187.93714998466118,False
Test year,-215.0,-196.22275899152885,False
Test year,-313.0,-211.92743027708002,False
Test year,-371.0,-285.7503516171589,False
Test year,-209.0,-261.9549361087892,False
Test year,-280.0,-249.72893633725064,False
Test year,-272.0,-244.06492578284403,False
Test year,-257.0,-217.76028512064357,False
Test year,-51.0,-218.45760280179866,False
Test year,-157.0,-150.93581219731993,False
Test year,-268.0,-154.03844061701182,False
Test year,-209.0,-210.7798439419197,False
Test year,-181.0,-147.18465554174196,False
Test year,-162.0,-111.43749636361537,False
Test year,-49.0,-62.20816195379928,False
Test year,-67.0,4.188010042957529,False
Test year,100.0,75.56601848833384,False
Test year,104.0,99.65881478868378,False
Test year,299.0,240.18005390751551,False
Test year,385.0,276.63001319911746,False
Test year,676.0,452.6185836888096,False
Test year,662.0,567.6498291119738,False
Test year,576.0,487.4947748183253,False
Test year,267.0,276.27769160647813,False
Test year,-70.0,-30.600962387290622,False
Test year,-258.0,-304.1408916902014,False
Test year,-160.0,-229.89209109366323,False
Test year,-140.0,-268.59435606568326,False
Test year,-197.0,-249.91945504722702,False
Test year,-106.0,-223.95650572205366,False
Test year,-121.0,-172.7152032440365,False
Test year,-70.0,-200.95790571425377,False
Test year,-131.0,-81.49449574127499,False
Test year,-144.0,-122.9565987049848,False
Test year,-164.0,-96.06138464407218,False
Test year,122.0,-73.0596071618898,False
Test year,-81.0,133.8478099133282,False
Test year,60.0,119.0531530681663,False
Test year,94.0,156.32711658470117,False
Test year,388.0,261.35451266821394,False
Test year,439.0,379.0397482699974,False
Test year,473.0,471.4687632112901,False
Test year,413.0,348.6309918893039,False
Test year,411.0,291.50162717034397,False
Test year,18.0,58.14158454479593,False
Test year,-34.0,-134.61670171975675,False
Test year,-201.0,-175.33918927867416,False
Test year,-163.0,-215.2129379281434,False
Test year,-289.0,-231.28918112685005,False
Test year,-136.0,-292.29931032806365,False
Test year,-236.0,-215.4853494683472,False
Test year,-411.0,-256.97348736385345,False
Test year,-283.0,-271.6563667914521,False
Test year,-283.0,-290.7726789077193,False
Test year,-307.0,-260.1105385916288,False
Test year,-232.0,-235.49945423107044,False
Test year,-84.0,-219.26809594838247,False
Test year,-157.0,-164.46446652974606,False
Test year,-218.0,-159.58218973935163,False
Test year,-254.0,-195.65329000264745,False
Test year,-201.0,-159.7715208514561,False
Test year,-174.0,-128.07977843461828,False
Test year,-100.0,-71.03311808808638,False
Test year,-91.0,-19.08863250784998,False
Test year,17.0,61.733441671351954,False
Test year,154.0,58.38532565945765,False
Test year,279.0,266.309680287692,False
Test year,327.0,266.06538652868466,False
Test year,593.0,415.69374615337773,False
Test year,708.0,507.912824422914,False
Test year,533.0,536.5930674255985,False
Test year,202.0,232.85611173393497,False
Test year,-68.0,-70.90474074106464,False
Test year,-389.0,-330.6970935165466,False
Test year,-290.0,-319.64866384323625,False
Test year,-260.0,-343.01123722954594,False
Test year,-171.0,-283.18176278613373,False
Test year,-253.0,-154.16543231109316,False
Test year,-95.0,-283.19009630610515,False
Test year,-164.0,-115.29644247083945,False
Test year,-34.0,-96.56162273408358,False
Test year,35.0,-22.99336748176404,False
Test year,-39.0,46.166322920864445,False
Test year,-33.0,35.81290718589281,False
Test year,-32.0,57.62247141059737,False
Test year,103.0,152.42078365049838,False
Test year,309.0,197.724309095026,False
Test year,404.0,397.84494983287715,False
Test year,479.0,397.47059394933746,False
Test year,507.0,509.40130091340353,False
Test year,359.0,385.20851887627845,False
Test year,284.0,264.99582418254124,False
Test year,-48.0,-6.752199046461783,False
Test year,-88.0,-135.6328437804419,False
Test year,-128.0,-176.24373398849178,False
Test year,-153.0,-169.1516116374538,False
Test year,-110.0,-198.72103572536088,False
Test year,-184.0,-210.6504369004419,False
Test year,-222.0,-198.12389377032264,False
Test year,-312.0,-245.23109156981127,False
Test year,-183.0,-226.23629534839176,False
Test year,-231.0,-230.0270907180954,False
Test year,-314.0,-225.2638475087777,False
Test year,-215.0,-241.27189867622343,False
Test year,-105.0,-226.0728439298624,False
Test year,-125.0,-182.08779736145834,False
Test year,-299.0,-161.08389403861975,False
Test year,-234.0,-233.77163861461003,False
Test year,-238.0,-176.03216566251677,False
Test year,-158.0,-149.74672811384744,False
Test year,-91.0,-80.75043540992755,False
Test year,-42.0,-24.277074366541115,False
Test year,26.0,71.58367882785461,False
Test year,46.0,54.92854870053384,False
Test year,139.0,199.77020914440595,False
Test year,85.0,171.79251252812344,False
Test year,254.0,269.5855048535884,False
Test year,338.0,272.04102762608613,False
Test year,373.0,295.0409773792442,False
Test year,284.0,192.8436035662038,False
Test year,37.0,24.603195415459425,False
Test year,-154.0,-233.8989020613152,False
Test year,-68.0,-178.13176453911,False
Test year,-35.0,-191.17064333319212,False
Test year,-234.0,-121.72232251536104,False
Test year,-372.0,-220.55779031828297,False
Test year,-90.0,-329.07111599683407,False
Test year,-70.0,-104.83351246303948,False
Test year,91.0,-34.53173653241271,False
Test year,142.0,20.076048879813698,False
Test year,125.0,109.48680233392383,False
Test year,78.0,86.85951554959246,False
Test year,52.0,109.68469085017153,False
Test year,158.0,180.99652124076573,False
Test year,232.0,219.57302535974355,False
Test year,348.0,342.3624248981787,False
Test year,338.0,356.1034479918153,False
Test year,374.0,409.22368161409173,False
Test year,379.0,290.5842423546849,False
Test year,261.0,280.3700404150963,False
Test year,-60.0,-20.487465342920586,False
Test year,-107.0,-141.23051127908644,False
Test year,-205.0,-185.29044889882192,False
Test year,-196.0,-197.46182952752974,False
Test year,-22.0,-218.84806416044538,False
Test year,-256.0,-174.77025563293796,False
Test year,-185.0,-212.9982578100267,False
Test year,-194.0,-236.0465173406642,False
Test year,-169.0,-175.35115187389812,False
Test year,-224.0,-206.08677174967272,False
Test year,-246.0,-221.60140680580844,False
Test year,-299.0,-206.65887578908809,False
Test year,-57.0,-237.11613486009912,False
Test year,-164.0,-167.31755394671114,False
Test year,-287.0,-164.0627705573374,False
Test year,-276.0,-225.81614813902019,False
Test year,-201.0,-182.46354531443495,False
Test year,-171.0,-135.86357395833136,False
Test year,-85.0,-75.07202549328582,False
Test year,-63.0,-18.319790823139897,False
Test year,-25.0,67.95675670840808,False
Test year,21.0,35.767033085790274,False
Test year,61.0,191.91424502823367,False
Test year,86.0,138.64997352827902,False
Test year,217.0,279.20391560565173,False
Test year,282.0,262.36669160721476,False
Test year,332.0,272.7636839028549,False
Test year,260.0,194.1149041889975,False
Test year,186.0,66.19500983873041,False
Test year,-19.0,-116.16425332056173,False
Test year,1.0,-97.57229443682479,False
Test year,-139.0,-175.52506819200724,False
Test year,-165.0,-211.3904434083001,False
Test year,-247.0,-151.55997666287865,False
Test year,-22.0,-267.3991120746981,False
Test year,-36.0,-57.04515857844103,False
Test year,73.0,-32.59423080259705,False
Test year,-5.0,29.46883669238474,False
Test year,148.0,12.481328327068297,False
Test year,52.0,136.43799838283786,False
Test year,51.0,86.60305724547743,False
Test year,168.0,189.3336323338582,False
Test year,129.0,233.54138854184384,False
Test year,325.0,288.24979460591436,False
Test year,488.0,348.4396119600574,False
Test year,498.0,524.9537864680055,False
Test year,440.0,380.80728548278626,False
Test year,317.0,322.7332078001378,False
Test year,30.0,8.555680120512648,False
Test year,-90.0,-109.4600676335055,False
Test year,-174.0,-181.38243607463198,False
Test year,-191.0,-193.36826358356973,False
Test year,-171.0,-222.41227358748705,False
Test year,-191.0,-238.50270164298655,False
Test year,-304.0,-205.9977942441531,False
Test year,-294.0,-272.2635825630205,False
Test year,-261.0,-227.42312188310933,False
Test year,-280.0,-249.13181548482515,False
Test year,-229.0,-246.20590178117732,False
Test year,-244.0,-187.41985696203454,False
Test year,-88.0,-194.08342145357574,False
Test year,-206.0,-151.16693193838978,False
Test year,-207.0,-162.1381025239629,False
Test year,-178.0,-181.93199381885717,False
Test year,-169.0,-115.88331106501738,False
Test year,-70.0,-93.82719067323035,False
Test year,-119.0,-16.58606562422358,False
Test year,-56.0,-8.571518579314244,False
Test year,73.0,81.54435243160714,False
Test year,137.0,95.27220694983626,False
Test year,246.0,266.98338397171074,False
Test year,300.0,255.7127895236265,False
Test year,612.0,412.3620891977654,False
Test year,622.0,540.9118283054613,False
Test year,636.0,486.5390189301611,False
Test year,364.0,368.8120929334688,False
Test year,8.0,63.17391252248734,False
Test year,-234.0,-261.59171210732103,False
Test year,-330.0,-245.08708797266542,False
Test year,-214.0,-365.9395175466118,False
Test year,-92.0,-249.36668054309354,False
Test year,-313.0,-129.61899637358005,False
Test year,-174.0,-292.6994505824033,False
Test year,-353.0,-203.37768225069715,False
Test year,-123.0,-282.42731340151096,False
Test year,16.0,-68.23119547210555,False
Test year,8.0,64.54891512344034,False
Test year,93.0,68.87615674177997,False
Test year,74.0,129.19874415111303,False
Test year,137.0,208.7272018834693,False
Test year,231.0,222.0561650633564,False
Test year,355.0,350.97643701818527,False
Test year,367.0,368.5973453394871,False
Test year,527.0,435.6682314717108,False
Test year,429.0,413.1578279781073,False
Test year,394.0,312.64307844287555,False
Test year,22.0,62.65020464101519,False
Test year,-88.0,-115.97230241607303,False
Test year,-215.0,-181.1536338434836,False
Test year,-185.0,-207.67396357745633,False
Test year,-157.0,-224.08857668761317,False
Test year,-218.0,-231.91233357442297,False
Test year,-246.0,-213.1645483720236,False
Test year,-341.0,-254.3433977412157,False
Test year,-213.0,-233.54740117387655,False
Test year,-314.0,-238.3865714229064,False
Test year,-377.0,-248.81462795759322,False
Test year,-189.0,-250.77759721611193,False
Test year,-60.0,-201.527938262126,False
Test year,-168.0,-134.82922623040292,False
Test year,-235.0,-148.3156687553269,False
Test year,-209.0,-190.19352154812094,False
Test year,-199.0,-133.61667012200854,False
Test year,-180.0,-110.42587112345899,False
Test year,-30.0,-64.10532339534063,False
Test year,-74.0,17.546901688458348,False
Test year,65.0,81.0894312161617,False
Test year,136.0,89.62109146183128,False
Test year,308.0,265.2144432783555,False
Test year,379.0,292.906813504268,False
Test year,575.0,458.77458286756075,False
Test year,654.0,499.115108965883,False
Test year,536.0,503.50798633185224,False
Test year,227.0,268.0907435147544,False
Test year,-44.0,-55.27410228539378,False
Test year,-280.0,-286.9241236900426,False
Test year,-172.0,-226.15225985131622,False
Test year,-13.0,-274.0119031510525,False
Test year,-196.0,-120.78137299639292,False
Test year,-266.0,-232.81909090783103,False
Test year,14.0,-239.70330107549466,False
Test year,-22.0,-73.42318742562418,False
Test year,123.0,-32.55031404015972,False
Test year,27.0,25.21328887391411,False
Test year,-14.0,-23.510993038634524,False
Test year,104.0,1.3080376291361517,False
Test year,-135.0,107.6718113995289,False
Test year,72.0,52.37267151584757,False
Test year,63.0,163.15876934159758,False
Test year,333.0,244.69561063246937,False
Test year,275.0,342.71076642078214,False
Test year,443.0,364.49728780763746,False
Test year,388.0,331.27726544838674,False
Test year,289.0,273.925697871733,False
Test year,-45.0,-9.908278515317932,False
Test year,-183.0,-144.41496819831215,False
Test year,-211.0,-220.50580225130392,False
Test year,-204.0,-214.192390511749,False
Test year,-201.0,-228.4907416567434,False
Test year,-252.0,-247.5831479749172,False
Test year,-282.0,-226.56525615539107,False
Test year,-282.0,-266.7554312460975,False
Test year,-280.0,-213.6771228732073,False
Test year,-242.0,-247.92760008988262,False
Test year,-311.0,-229.17283215876267,False
Test year,-208.0,-218.1792104328352,False
Test year,-37.0,-199.903483483649,False
Test year,-199.0,-131.9352960965278,False
Test year,-246.0,-162.81144953862653,False
Test year,-228.0,-201.9101131714769,False
Test year,-204.0,-145.686524104324,False
Test year,-152.0,-117.87506338837579,False
Test year,-158.0,-56.422010184846215,False
Test year,-35.0,-33.388405186205375,False
Test year,60.0,84.8365231965874,False
Test year,65.0,88.28216677390071,False
Test year,262.0,226.90591588254605,False
Test year,285.0,261.6497331289113,False
Test year,530.0,398.5700196060435,False
Test year,573.0,473.8283058459038,False
Test year,477.0,453.46832911899446,False
Test year,225.0,249.86309232309628,False
Test year,-88.0,-23.674049489750473,False
Test year,-369.0,-287.27207667959453,False
Test year,-219.0,-278.7374609758764,False
Test year,-217.0,-285.08695094165466,False
Test year,-298.0,-280.8491977319219,False
Test year,-266.0,-274.8912749315194,False
Test year,-146.0,-222.95569291755032,False
Test year,-151.0,-139.65373515156085,False
Test year,-188.0,-100.04218091316807,False
Test year,-193.0,-107.1499825969886,False
Test year,-21.0,-25.538739601999225,False
Test year,232.0,81.30852479195559,False
Test year,293.0,230.72269598509615,False
Test year,429.0,336.20667732545905,False
Test year,221.0,389.58576630921823,False
Test year,205.0,357.98052631349196,False
Test year,147.0,279.3023980266261,False
Test year,463.0,320.0846731925466,False
Test year,434.0,396.5483965029145,False
Test year,334.0,345.0479020058216,False
Test year,-28.0,54.89937264829268,False
Test year,-69.0,-101.82700591681981,False
Test year,-191.0,-142.94250587162298,False
Test year,-143.0,-165.7802757968126,False
Test year,-184.0,-175.6737487133488,False
Test year,-172.0,-208.92667749544546,False
Test year,-199.0,-172.57703631457082,False
Test year,-331.0,-207.0597399866249,False
Test year,-132.0,-202.10645185431775,False
Test year,-205.0,-187.37842851017888,False
Test year,-217.0,-185.20118822112528,False
Test year,-260.0,-167.16722464326898,False
Test year,-4.0,-194.39809568817213,False
Test year,-125.0,-115.62758168672534,False
Test year,-200.0,-124.40450677259412,False
Test year,-257.0,-169.9357364541052,False
Test year,-198.0,-144.67832152723747,False
Test year,-169.0,-114.9955113841188,False
Test year,-70.0,-57.7345657406301,False
Test year,-45.0,4.191562102736725,False
Test year,-9.0,92.45343524291192,False
Test year,114.0,59.448742416603096,False
Test year,291.0,254.003282220215,False
Test year,268.0,286.8232508840356,False
Test year,478.0,392.8294435224146,False
Test year,533.0,441.4513292671688,False
Test year,413.0,433.17455149879004,False
Test year,188.0,193.96235951971659,False
Test year,-299.0,-55.29956162713455,False
Test year,-546.0,-399.24757750549486,False
Test year,-295.0,-387.1147613506825,False
Test year,-303.0,-377.1815137419509,False
Test year,-296.0,-268.1820133159698,False
Test year,-310.0,-222.31486674268046,False
Test year,-167.0,-215.76530083227715,False
Test year,-108.0,-95.0240333761771,False
Test year,-138.0,-49.7465749325425,False
Test year,-203.0,-26.394382803519818,False
Test year,111.0,22.088006073762983,False
Test year,12.0,183.0407013184767,False
Test year,97.0,166.26407147139383,False
Test year,289.0,276.5058963509441,False
Test year,419.0,348.5398177671812,False
Test year,502.0,490.4515366337644,False
Test year,551.0,478.44664980153755,False
Test year,501.0,582.1995972510595,False
Test year,400.0,425.9216328831104,False
Test year,358.0,344.28020329249756,False
Test year,31.0,77.16382608850955,False
Test year,3.0,-67.94739677837484,False
Test year,-129.0,-102.41587513175077,False
Test year,-126.0,-132.38726583219938,False
Test year,-104.0,-157.33067457673042,False
Test year,-136.0,-173.3507995427155,False
Test year,-241.0,-148.36563711556641,False
Test year,-282.0,-215.90906508342698,False
Test year,-138.0,-187.41731936366324,False
Test year,-220.0,-178.29385068929832,False
Test year,-228.0,-188.2224765110406,False
Test year,-242.0,-171.88620194883453,False
Test year,-48.0,-187.59002380075452,False
Test year,-76.0,-129.7483385786936,False
Test year,-223.0,-105.92251704372805,False
Test year,-222.0,-173.19882288305757,False
Test year,-135.0,-133.66078226353386,False
Test year,-153.0,-85.11396867649523,False
Test year,-54.0,-44.435298615241265,False
Test year,-105.0,11.693227504683989,False
Test year,33.0,68.1383338712896,False
Test year,25.0,73.64371537222286,False
Test year,248.0,211.2110662968877,False
Test year,305.0,257.09508146990186,False
Test year,541.0,418.87871023273385,False
Test year,545.0,489.17090467766695,False
Test year,494.0,435.7680636441869,False
Test year,141.0,239.7304473347587,False
Test year,-201.0,-104.37085813461334,False
Test year,-392.0,-375.00383598016344,False
Test year,-351.0,-329.9480267354487,False
Test year,-194.0,-362.1535523433514,False
Test year,-170.0,-200.73104181066319,False
Test year,-190.0,-109.17630764973103,False
Test year,46.0,-171.58067006462443,False
Test year,-89.0,30.77119712751673,False
Test year,-506.0,-69.05762272445526,False
Test year,-198.0,-321.7151817065682,False
Test year,-132.0,-17.362136762803686,False
Test year,16.0,75.4413773368114,False
Test year,122.0,165.46183135321064,False
Test year,296.0,287.06820306614867,False
Test year,393.0,357.14682068076786,False
Test year,523.0,471.16571855935695,False
Test year,602.0,487.2299878343165,False
Test year,621.0,609.9060156654159,False
Test year,464.0,500.250257630788,False
Test year,396.0,361.3876003574379,False
Test year,-30.0,75.73159243823073,False
Test year,-45.0,-120.15648928207409,False
Test year,-158.0,-147.41775312285284,False
Test year,-119.0,-165.52830932583942,False
Test year,-96.0,-176.26691482226306,False
Test year,-146.0,-187.8817232489559,False
Test year,-186.0,-169.36851038267156,False
Test year,-230.0,-214.77636049778522,False
Test year,-205.0,-180.02282543018902,False
Test year,-191.0,-213.80844002358248,False
Test year,-257.0,-202.25382479916925,False
Test year,-252.0,-205.70207664512878,False
Test year,17.0,-220.95270647739613,False
Test year,-249.0,-128.84442510909457,False
Test year,-249.0,-192.49590458833296,False
Test year,-185.0,-223.02299461678047,False
Test year,-244.0,-142.59915673979606,False
Test year,-180.0,-139.9055147218378,False
Test year,-115.0,-85.14615084935377,False
Test year,-22.0,-31.613113975308323,False
Test year,154.0,82.82881747364891,False
Test year,-8.0,125.77251462048751,False
Test year,132.0,182.00021850286106,False
Test year,154.0,170.2479098278532,False
Test year,286.0,310.6853350248629,False
Test year,291.0,296.03148961602267,False
Test year,400.0,260.6524605134709,False
Test year,133.0,176.5177911588259,False
Test year,-71.0,-118.44958810396247,False
Test year,-392.0,-339.34236839760945,False
Test year,-429.0,-334.06641817928727,False
Test year,-438.0,-408.9067984898584,False
Test year,-412.0,-346.8979071609208,False
Test year,-429.0,-265.79751125833764,False
Test year,-229.0,-254.82831992312006,False
Test year,-182.0,-146.2800005515688,False
Test year,-107.0,-52.18022281868747,False
Test year,-129.0,17.238645802189694,False
Test year,-24.0,64.10767939486095,False
Test year,95.0,120.92724555550063,False
Test year,145.0,205.2893121911917,False
Test year,324.0,298.5420948098656,False
Test year,498.0,372.51084676144785,False
Test year,569.0,544.2142179472006,False
Test year,659.0,519.7092379036353,False
Test year,639.0,660.19840232705,False
Test year,525.0,523.784344562618,False
Test year,434.0,422.5052159589346,False
Test year,89.0,113.9491535983853,False
Test year,-1.0,-55.92218341356477,False
Test year,-144.0,-116.01396779717183,False
Test year,-54.0,-151.79650065033047,False
Test year,-40.0,-145.25999357591218,False
Test year,-84.0,-158.9749917388508,False
Test year,-173.0,-143.03413534829184,False
Test year,-226.0,-207.9410566353465,False
Test year,-154.0,-182.06112100837515,False
Test year,-189.0,-200.7303267926721,False
Test year,-264.0,-203.46950474794784,False
Test year,-222.0,-205.4550443927833,False
Test year,-89.0,-209.41890869411142,False
Test year,-181.0,-166.7522678682073,False
Test year,-248.0,-170.78561489190508,False
Test year,-213.0,-211.59061636699045,False
Test year,-146.0,-151.9393667229955,False
Test year,-161.0,-105.4221439403344,False
Test year,-93.0,-65.25035000097688,False
Test year,-44.0,-20.99607152523282,False
Test year,31.0,74.55286089556193,False
Test year,3.0,60.557905919512166,False
Test year,109.0,184.64912096954868,False
Test year,76.0,160.12004598784284,False
Test year,225.0,272.2938191949755,False
Test year,300.0,263.0779838960889,False
Test year,395.0,278.132038145712,False
Test year,313.0,194.67110141265943,False
Test year,54.0,42.28033146875316,False
Test year,-213.0,-236.2979909936841,False
Test year,-131.0,-252.48727005437644,False
Test year,-182.0,-224.77623095456983,False
Test year,-240.0,-224.4513275761426,False
Test year,-404.0,-183.1724014372397,False
Test year,-144.0,-274.80320456418997,False
Test year,-12.0,-129.53615773594203,False
Test year,243.0,72.51182097296538,False
Test year,133.0,159.7744292882811,False
Test year,-39.0,126.12808926671175,False
Test year,30.0,46.184123835967114,False
Test year,75.0,105.90405709223535,False
Test year,244.0,226.52639406242375,False
Test year,279.0,297.0408789530955,False
Test year,498.0,383.78029522773227,False
Test year,588.0,472.15606279819553,False
Test year,597.0,585.0918096442788,False
Test year,492.0,443.7172702004873,False
Test year,363.0,349.20049144973336,False
Test year,11.0,16.784211473746552,False
Test year,-83.0,-135.90780395375438,False
Test year,-161.0,-195.06184764462552,False
Test year,-194.0,-203.1834429411516,False
Test year,-173.0,-236.62092511084848,False
Test year,-275.0,-254.05286120692267,False
Test year,-274.0,-248.76210380713542,False
Test year,-357.0,-284.0914076864231,False
Test year,-290.0,-253.56089123669312,False
Test year,-320.0,-278.06293162080567,False
Test year,-261.0,-270.45674333065557,False
Test year,-285.0,-209.68862457855016,False
Test year,46.0,-216.2867814962205,False
Test year,-243.0,-103.16374213674335,False
Test year,-259.0,-172.2150842551333,False
Test year,-223.0,-209.62695737074745,False
Test year,-156.0,-142.59082835810062,False
Test year,-164.0,-96.37892753874348,False
Test year,-58.0,-53.42198875133107,False
Test year,-57.0,6.6880798307063,False
Test year,43.0,85.33329791206006,False
Test year,123.0,79.48138100790936,False
Test year,274.0,257.6756379697574,False
Test year,359.0,272.3555715234355,False
Test year,598.0,449.9316501558555,False
Test year,577.0,524.8654362972998,False
Test year,550.0,448.06984882139045,False
Test year,289.0,275.1077066420059,False
Test year,37.0,-2.5782412446633316,False
Test year,-284.0,-272.26120942320784,False
Test year,-195.0,-295.6515558119884,False
Test year,-185.0,-308.4335050372894,False
Test year,-141.0,-224.33273964273354,False
Test year,-111.0,-132.87472053982634,False
Test year,-113.0,-144.1963994077393,False
Test year,-66.0,-178.6741867540184,False
Test year,-60.0,-44.095396629001414,False
Test year,-60.0,-34.39887457381974,False
Test year,-144.0,-31.119192213019403,False
Test year,55.0,-6.51995154581914,False
Test year,-22.0,100.06522368943189,False
Test year,36.0,150.68104785905695,False
Test year,294.0,163.96210797630727,False
Test year,472.0,378.676218546343,False
Test year,519.0,436.67879232687625,False
Test year,531.0,521.5682984775406,False
Test year,492.0,388.542799516497,False
Test year,426.0,351.4477219264039,False
Test year,-29.0,57.8659516035645,False
Test year,-82.0,-159.24824214245632,False
Test year,-248.0,-200.40109021896484,False
Test year,-217.0,-237.8199929776704,False
Test year,-195.0,-258.279356276747,False
Test year,-280.0,-266.569807905709,False
Test year,-285.0,-254.84139837494405,False
Test year,-397.0,-290.3318428438955,False
Test year,-307.0,-269.5669289655156,False
Test year,-266.0,-291.07376422542177,False
Test year,-293.0,-252.5308044360163,False
Test year,-238.0,-220.38756261181692,False
Test year,-74.0,-211.79996766097094,False
Test year,-173.0,-154.58732939346066,False
Test year,-302.0,-157.76909336258694,False
Test year,-210.0,-220.29550108609044,False
Test year,-160.0,-148.21623548912572,False
Test year,-168.0,-98.91105741022199,False
Test year,-73.0,-57.6064674955731,False
Test year,12.0,-1.9519657997371098,False
Test year,60.0,112.03143019208403,False
Test year,156.0,88.60229417329165,False
Test year,229.0,271.74117643150964,False
Test year,291.0,237.71936580413387,False
Test year,559.0,396.5459800317883,False
Test year,622.0,486.6757166932578,False
Test year,479.0,474.55671900794755,False
Test year,302.0,202.54042623766995,False
Test year,-108.0,-7.334994497295554,False
Test year,-362.0,-340.97402425297423,False
Test year,-192.0,-324.1813648166409,False
Test year,-284.0,-322.91732943010095,False
Test year,-431.0,-267.25948256743476,False
Test year,-292.0,-244.77800141525293,False
Test year,109.0,-279.7628188686093,False
Test year,76.0,29.712294690003574,False
Test year,110.0,42.130745543197065,False
Test year,-223.0,31.447007496560502,False
Test year,12.0,-79.9507111650891,False
Test year,137.0,17.920664177986993,False
Test year,-155.0,158.47637629211903,False
Test year,35.0,101.37102181253562,False
Test year,470.0,156.08423690538677,False
Test year,399.0,508.6883395758159,False
Test year,393.0,380.9949044781633,False
Test year,596.0,441.30721118943416,False
Test year,423.0,453.31349472669444,False
Test year,418.0,308.0198320373236,False
Test year,8.0,69.01754860098168,False
Test year,-92.0,-130.31675092465898,False
Test year,-169.0,-190.3532852264156,False
Test year,-254.0,-200.36359425827095,False
Test year,-183.0,-253.3432265351866,False
Test year,-212.0,-260.0834288468711,False
Test year,-280.0,-223.27044809320324,False
Test year,-388.0,-274.91986479454044,False
Test year,-286.0,-263.4634420803208,False
Test year,-274.0,-280.4715371958431,False
Test year,-269.0,-251.2024668372606,False
Test year,-270.0,-217.29389338322824,False
Test year,-54.0,-224.09119011660977,False
Test year,-156.0,-155.46278753145572,False
Test year,-267.0,-154.70933781395922,False
Test year,-205.0,-210.98810820263282,False
Test year,-220.0,-146.35824332959356,False
Test year,-99.0,-126.35848877762498,False
Test year,-27.0,-43.30429654061254,False
Test year,-38.0,18.589102034252676,False
Test year,31.0,87.03946869145182,False
Test year,131.0,66.28964580122849,False
Test year,265.0,251.29546208525971,False
Test year,250.0,254.37849715776218,False
Test year,564.0,364.6947319694707,False
Test year,640.0,486.8927696499227,False
Test year,435.0,484.0977040445282,False
Test year,244.0,163.10572046967715,False
Test year,-121.0,-54.92709929063136,False
Test year,-392.0,-345.1193007186471,False
Test year,-433.0,-359.0624270067956,False
Test year,-356.0,-441.0537563881734,False
Test year,-370.0,-326.0732461683702,False
Test year,-403.0,-297.0759604874563,False
Test year,-64.0,-261.0777547202682,False
Test year,95.0,-49.79068822632735,False
Test year,89.0,94.74986605876273,False
Test year,-85.0,66.40652329432066,False
Test year,-43.0,6.737937770467795,False
Test year,-98.0,34.58443144601773,False
Test year,-29.0,72.91911169547558,False
Test year,367.0,169.29725132423266,False
Test year,222.0,371.2042025453604,False
Test year,422.0,348.75520286536744,False
Test year,535.0,412.18139774566805,False
Test year,582.0,551.7326911047355,False
Test year,533.0,451.9849135387939,False
Test year,418.0,403.83289405355504,False
Test year,49.0,71.56397936467727,False
Test year,18.0,-103.2164898932686,False
Test year,-136.0,-137.70987637361924,False
Test year,-184.0,-177.76751921222524,False
Test year,-148.0,-223.36719187764436,False
Test year,-187.0,-238.5678930915132,False
Test year,-208.0,-212.26889481055758,False
Test year,-271.0,-249.76728193060268,False
Test year,-189.0,-219.4088655292038,False
Test year,-278.0,-235.36720373393916,False
Test year,-328.0,-251.82765657897318,False
Test year,-231.0,-246.99571710790872,False
Test year,-88.0,-226.91475927171314,False
Test year,-242.0,-169.91882616059854,False
Test year,-248.0,-194.27828884783946,False
Test year,-292.0,-218.67300315604888,False
Test year,-153.0,-177.7112393973432,False
Test year,-125.0,-115.30547481754621,False
Test year,-72.0,-46.74298378857776,False
Test year,-65.0,-3.8674552748559563,False
Test year,22.0,72.53834744018383,False
Test year,164.0,60.62461583841278,False
Test year,205.0,269.4805625210076,False
Test year,217.0,217.8235204763039,False
Test year,518.0,346.3891266737802,False
Test year,615.0,454.4505043887778,False
Test year,505.0,471.3776397412536,False
Test year,225.0,229.36297422113165,False
Test year,-48.0,-60.593225013197014,False
Test year,-345.0,-331.2666004062563,False
Test year,-414.0,-338.6307612867711,False
Test year,-472.0,-428.05697930322316,False
Test year,-391.0,-364.1357507485866,False
Test year,-264.0,-269.7969912210033,False
Test year,-89.0,-211.59790498305543,False
Test year,-15.0,-71.25891320255229,False
Test year,-31.0,30.664512300552758,False
Test year,-113.0,-8.62406064199007,False
Test year,-193.0,-42.02976114165409,False
Test year,-96.0,15.590869019665888,False
Test year,106.0,80.11457012519435,False
Test year,253.0,247.87972960392364,False
Test year,299.0,311.5940404797516,False
Test year,475.0,410.57805132079943,False
Test year,496.0,455.28385967571825,False
Test year,692.0,519.1399848397164,False
Test year,575.0,549.7905021721057,False
Test year,390.0,432.10809965531087,False
Test year,83.0,50.50976017313883,False
Test year,84.0,-83.3974253673207,False
Test year,-131.0,-104.30541525941058,False
Test year,-129.0,-173.3678016249685,False
Test year,-92.0,-202.6339098920986,False
Test year,-177.0,-213.4171318161947,False
Test year,-292.0,-206.94159405532167,False
Test year,-325.0,-280.98038104126476,False
Test year,-253.0,-250.52128982256278,False
Test year,-275.0,-264.81340227652015,False
Test year,-288.0,-255.52755647335403,False
Test year,-220.0,-231.15696576613607,False
Test year,59.0,-215.94575318578126,False
Test year,-251.0,-107.64761092413602,False
Test year,-285.0,-194.24817091719558,False
Test year,-248.0,-237.9315066011073,False
Test year,-194.0,-171.23646136297037,False
Test year,-156.0,-127.74114398993402,False
Test year,-91.0,-66.62778404503479,False
Test year,-51.0,-16.827256286744756,False
Test year,53.0,75.11323390731229,False
Test year,104.0,74.11382754668158,False
Test year,343.0,235.77063685877008,False
Test year,292.0,302.5884248432868,False
Test year,550.0,385.0955813906687,False
Test year,596.0,469.0697834564384,False
Test year,498.0,444.25958323463294,False
Test year,229.0,215.24387775025042,False
Test year,-80.0,-104.54315289108831,False
Test year,-351.0,-353.43098483164783,False
Test year,-210.0,-337.03536285011694,False
Test year,-382.0,-317.3873375867192,False
Test year,-420.0,-330.45572552394,False
Test year,-467.0,-370.91125513959247,False
Test year,-199.0,-307.76913492578467,False
Test year,-31.0,-122.61992963484309,False
Test year,-63.0,36.43676469759049,False
Test year,162.0,1.7308619835394552,False
Test year,51.0,137.30488000175632,False
Test year,37.0,98.13238016128588,False
Test year,54.0,109.72497782548294,False
Test year,253.0,205.51850634298134,False
Test year,241.0,291.49683805944164,False
Test year,366.0,353.39183048354255,False
Test year,427.0,364.7100434200802,False
Test year,529.0,467.8604919224981,False
Test year,471.0,403.8861141479703,False
Test year,302.0,349.50298990574026,False
Test year,17.0,-10.366843314058599,False
Test year,-120.0,-116.81207697247908,False
Test year,-129.0,-192.81176473903508,False
Test year,-114.0,-178.68263392902668,False
Test year,-101.0,-190.5869127522165,False
Test year,-129.0,-209.1327801937498,False
Test year,-198.0,-184.22586608409858,False
Test year,-276.0,-239.6201578629637,False
Test year,-187.0,-220.2179390966631,False
Test year,-218.0,-235.90239627504786,False
Test year,-296.0,-231.52297971513758,False
Test year,-239.0,-243.58887303514945,False
Test year,-92.0,-241.91501975589958,False
Test year,-225.0,-190.41646475046616,False
Test year,-269.0,-205.98474687118187,False
Test year,-254.0,-241.34845923825083,False
Test year,-235.0,-184.31255207869037,False
Test year,-21.0,-156.88324673223588,False
Test year,-167.0,-31.424472898592455,False
Test year,-119.0,-49.34043221358377,False
Test year,-76.0,27.185380688537123,False
Test year,19.0,0.8078929990064978,False
Test year,155.0,178.77601289401747,False
Test year,151.0,177.23568947149766,False
Test year,318.0,302.0541949676823,False
Test year,403.0,310.3121591791945,False
Test year,397.0,329.6430208359104,False
Test year,214.0,173.51030428525524,False
Test year,15.0,-78.37541178418098,False
Test year,-120.0,-272.0955443273826,False
Test year,-207.0,-221.26612228191993,False
Test year,-258.0,-313.2174691835911,False
Test year,-351.0,-272.0468322073069,False
Test year,-494.0,-270.7592709868019,False
Test year,-488.0,-316.63402284057975,False
Test year,-393.0,-341.8877010466151,False
Test year,-142.0,-187.47020748813276,False
Test year,-166.0,-49.44085751018764,False
Test year,-141.0,44.12025235360608,False
Test year,28.0,61.786856175543875,False
Test year,135.0,150.77324144325584,False
Test year,383.0,268.2360917241882,False
Test year,561.0,404.21148040801296,False
Test year,532.0,583.0978379497492,False
Test year,551.0,486.8895909311656,False
Test year,614.0,572.4632490135045,False
Test year,550.0,494.05363223442885,False
Test year,406.0,437.0894881155142,False
Test year,52.0,79.63514452598707,False
Test year,-55.0,-82.41116513389568,False
Test year,-80.0,-148.2758772797719,False
Test year,-36.0,-139.1368504578337,False
Test year,-115.0,-142.60425888455268,False
Test year,-95.0,-197.4482408305326,False
Test year,-167.0,-161.64300955877303,False
Test year,-227.0,-215.18120858259414,False
Test year,-148.0,-190.84164893552344,False
Test year,-241.0,-208.01674209654522,False
Test year,-271.0,-230.83637729303274,False
Test year,-321.0,-223.05660694284978,False
Test year,-41.0,-252.85089128084397,False
Test year,-205.0,-168.43051954969837,False
Test year,-244.0,-181.73291266813476,False
Test year,-277.0,-218.30223590068647,False
Test year,-106.0,-179.24425253150622,False
Test year,-155.0,-103.17805312893051,False
Test year,-162.0,-63.54409359630557,False
Test year,-64.0,-51.27779020341666,False
Test year,-53.0,56.77593234310291,False
Test year,-8.0,21.4195833387505,False
Test year,97.0,175.15460835080668,False
Test year,145.0,153.46205331593097,False
Test year,157.0,308.545491327064,False
Test year,406.0,224.31042641412898,False
Test year,347.0,349.6156983379916,False
Test year,226.0,157.92795895704646,False
Test year,2.0,-19.990697628910425,False
Test year,-352.0,-306.4611990081255,False
Test year,-271.0,-320.9753131126813,False
Test year,-366.0,-340.5795923196366,False
Test year,-218.0,-297.99156413038503,False
Test year,-346.0,-185.00517539308584,False
Test year,-264.0,-212.79212935655414,False
Test year,-113.0,-144.63539058957036,False
Test year,-103.0,-14.604381363243306,False
Test year,-96.0,12.336881126891399,False
Test year,-38.0,70.65625440635654,False
Test year,12.0,106.71473438043381,False
Test year,201.0,164.33772550987266,False
Test year,376.0,327.9864737730618,False
Test year,522.0,412.691875375058,False
Test year,597.0,558.9096805116151,False
Test year,651.0,531.2441753172333,False
Test year,757.0,631.5076690720117,False
Test year,581.0,593.6264606592315,False
Test year,585.0,437.837852939932,False
Test year,104.0,187.67906083261585,False
Test year,-9.0,-94.6851499756971,False
Test year,-153.0,-156.65631537926194,False
Test year,-140.0,-192.05950734735995,False
Test year,-131.0,-213.70262574285744,False
Test year,-175.0,-232.4587640887769,False
Test year,-237.0,-211.15500158174152,False
Test year,-324.0,-262.9491490318507,False
Test year,-283.0,-244.27719844274344,False
Test year,-270.0,-277.9487043030081,False
Test year,-297.0,-260.63544550450166,False
Test year,-283.0,-223.32806154722675,False
Test year,-72.0,-229.45659391293634,False
Test year,-211.0,-160.50248767921482,False
Test year,-181.0,-171.5018950302279,False
Test year,-99.0,-181.1978093231981,False
Test year,-251.0,-90.6417195401607,False
Test year,-135.0,-125.12269850332007,False
Test year,-94.0,-60.63231730089319,False
Test year,-58.0,-9.789775482146183,False
Test year,39.0,77.75274769535042,False
Test year,96.0,73.43267779637686,False
Test year,349.0,239.0163812798437,False
Test year,363.0,316.24715637478266,False
Test year,622.0,442.6395591462878,False
Test year,617.0,533.4494041310406,False
Test year,464.0,459.96958007652023,False
Test year,192.0,168.4541541335355,False
Test year,-71.0,-132.20061809254133,False
Test year,-446.0,-366.35104206514603,False
Test year,-452.0,-370.25231206317915,False
Test year,-390.0,-435.03429655647176,False
Test year,-352.0,-343.6654365033521,False
Test year,-487.0,-266.33283006464217,False
Test year,-203.0,-290.04771960569855,False
Test year,-208.0,-145.5417430040681,False
Test year,-170.0,-70.97688508899813,False
Test year,-142.0,-28.829600316571884,False
Test year,-2.0,51.33667885954662,False
Test year,88.0,133.50150572641468,False
Test year,171.0,201.8104397070951,False
Test year,279.0,314.2290825235354,False
Test year,385.0,342.9652382272466,False
Test year,494.0,457.0310149931871,False
Test year,558.0,456.92819503046235,False
Test year,650.0,560.0341202906191,False
Test year,608.0,508.7086519450553,False
Test year,538.0,468.0803191778997,False
Test year,110.0,150.211699649254,False
Test year,53.0,-85.77713192006337,False
Test year,-147.0,-127.17101189859395,False
Test year,-201.0,-187.83774440558597,False
Test year,-145.0,-236.31793758747483,False
Test year,-161.0,-244.21980694987644,False
Test year,-299.0,-206.9354241766705,False
Test year,-358.0,-282.50855402787045,False
Test year,-291.0,-263.30040102902785,False
Test year,-239.0,-283.3412759284896,False
Test year,-312.0,-246.72495661170683,False
Test year,-282.0,-229.84281715813609,False
Test year,-47.0,-236.99075423417017,False
Test year,-161.0,-155.52039134523153,False
Test year,-288.0,-156.73051921583533,False
Test year,-203.0,-219.5698761106736,False
Test year,-131.0,-149.42816098596495,False
Test year,-147.0,-92.56827900126666,False
Test year,-117.0,-52.34171936523103,False
Test year,-55.0,-22.582043417770507,False
Test year,-27.0,74.90060124975085,False
Test year,120.0,42.016926282053504,False
Test year,323.0,246.30517228112464,False
Test year,404.0,295.1341093118664,False
Test year,629.0,466.77045971488315,False
Test year,657.0,529.5874899939274,False
Test year,492.0,483.8256860857811,False
Test year,117.0,182.16694293646935,False
Test year,-210.0,-179.40947485584195,False
Test year,-525.0,-414.8347168091234,False
Test year,-459.0,-408.6658815852858,False
Test year,-456.0,-462.443613891654,False
Test year,-362.0,-361.7938857521683,False
Test year,-357.0,-250.06499790818066,False
Test year,-62.0,-251.76427354417478,False
Test year,-275.0,-69.96863898290917,False
Test year,-208.0,-96.56093010596766,False
Test year,-200.0,-56.51670739836652,False
Test year,-15.0,8.284685401051831,False
Test year,14.0,117.94669609333653,False
Test year,95.0,159.9093419994694,False
Test year,267.0,265.38550538107734,False
Test year,424.0,330.842275593774,False
Test year,495.0,498.08034081841384,False
Test year,567.0,475.08864121556604,False
Test year,663.0,578.6755088764035,False
Test year,598.0,526.1566600571741,False
Test year,543.0,470.5879609770089,False
Test year,84.0,166.36722346370118,False
Test year,-30.0,-86.85612678794786,False
Test year,-137.0,-149.11510887695846,False
Test year,-143.0,-171.24506886962774,False
Test year,-174.0,-199.00896281891897,False
Test year,-200.0,-234.59337768430848,False
Test year,-277.0,-210.1886469250117,False
Test year,-347.0,-265.38690640582456,False
Test year,-214.0,-243.12884846235886,False
Test year,-290.0,-242.90176232336202,False
Test year,-337.0,-244.14939921422604,False
Test year,-240.0,-241.75443190854617,False
Test year,-31.0,-222.0203803765887,False
Test year,-177.0,-139.04038369661413,False
Test year,-224.0,-159.4315279371703,False
Test year,-230.0,-196.4405378006594,False
Test year,-141.0,-148.68351967002513,False
Test year,37.0,-99.95022923125566,False
Test year,-135.0,22.331302988945538,False
Test year,-41.0,-19.742777398293498,False
Test year,-5.0,75.60447667304518,False
Test year,87.0,49.18417571293796,False
Test year,354.0,226.79685158479649,False
Test year,357.0,312.2378103760371,False
Test year,623.0,429.67143445714123,False
Test year,600.0,524.6640532521994,False
Test year,495.0,438.59087638743193,False
Test year,130.0,190.56496934680172,False
Test year,-269.0,-181.5775327492957,False
Test year,-543.0,-446.74789643811243,False
Test year,-582.0,-430.42558732613327,False
Test year,-642.0,-530.7125038719588,False
Test year,-482.0,-455.61532326714837,False
Test year,-630.0,-351.4129059001948,False
Test year,-110.0,-314.61722590845864,False
Test year,43.0,-127.6532647740492,False
Test year,-39.0,77.58796448724564,False
Test year,-19.0,87.22207023592199,False
Test year,191.0,122.86840471600578,False
Test year,86.0,233.82638558000173,False
Test year,-56.0,200.1186958889939,False
Test year,250.0,207.78936783826134,False
Test year,416.0,324.41109923238247,False
Test year,608.0,490.3307417069782,False
Test year,641.0,544.7013362711223,False
Test year,695.0,617.9685236479999,False
Test year,634.0,539.0820970755078,False
Test year,499.0,493.433330609519,False
Test year,228.0,120.02309851049665,False
Test year,17.0,-16.0251935498664,False
Test year,-71.0,-143.66449449213854,False
Test year,-128.0,-161.56435226529874,False
Test year,-220.0,-206.81357369869374,False
Test year,-152.0,-268.8839033853895,False
Test year,-269.0,-217.05678841429528,False
Test year,-322.0,-275.71058149453995,False
Test year,-261.0,-251.84960077933653,False
Test year,-292.0,-272.9689218982289,False
Test year,-314.0,-267.67439729819074,False
Test year,-263.0,-244.53920596787833,False
Test year,-33.0,-235.89350119412873,False
Test year,-192.0,-152.64657843182005,False
Test year,-243.0,-173.33454168695297,False
Test year,-222.0,-212.26299547727143,False
Test year,-147.0,-154.0989602091896,False
Test year,-164.0,-106.07426975105011,False
Test year,-89.0,-65.45164989616035,False
Test year,-34.0,-17.903986130760387,False
Test year,73.0,81.22468875460044,False
Test year,160.0,83.48295001096032,False
Test year,435.0,264.6846373088444,False
Test year,324.0,362.8482651113777,False
Test year,574.0,393.73722617425335,False
Test year,522.0,475.9033724215313,False
Test year,474.0,372.1927351805765,False
Test year,222.0,177.59934673331327,False
Test year,-122.0,-77.12345715583092,False
Test year,-392.0,-357.03879183571144,False
Test year,-355.0,-342.44603344676705,False
Test year,-315.0,-376.2535771622911,False
Test year,-378.0,-370.6989199203026,False
Test year,-322.0,-247.1917954425354,False
Test year,-67.0,-278.46346738884716,False
Test year,-196.0,-100.51772050411665,False
Test year,97.0,-142.17746635204065,False
Test year,34.0,103.95900529180847,False
Test year,-139.0,68.18023602067109,False
Test year,-124.0,-14.167827302744627,False
Test year,71.0,39.33241444564737,False
Test year,278.0,220.2073139710267,False
Test year,394.0,305.6790077602301,False
Test year,354.0,451.89678393864733,False
Test year,390.0,355.0049900085525,False
Test year,591.0,433.6467193288273,False
Test year,438.0,447.4120533539567,False
Test year,395.0,328.77479106052715,False
Test year,74.0,47.15838751747975,False
Test year,-14.0,-99.12898699486746,False
Test year,-238.0,-157.9663754946128,False
Test year,-99.0,-220.64733449562692,False
Test year,-116.0,-206.03193471466102,False
Test year,-160.0,-222.09945971812192,False
Test year,-299.0,-204.74374482028134,False
Test year,-344.0,-284.181325476084,False
Test year,-272.0,-260.93786614043046,False
Test year,-284.0,-277.23901016725335,False
Test year,-291.0,-263.18379440186135,False
Test year,-249.0,-234.80766384582836,False
Test year,-54.0,-227.6095575973102,False
Test year,-165.0,-159.99693729962075,False
Test year,-322.0,-165.65651891747513,False
Test year,-273.0,-238.38988201526757,False
Test year,-185.0,-185.6545157440633,False
Test year,-166.0,-126.99589648448233,False
Test year,-130.0,-68.03679043891026,False
Test year,-44.0,-31.743419324059914,False
Test year,56.0,76.24687847171387,False
Test year,127.0,77.63044087239211,False
Test year,281.0,249.68568227034027,False
Test year,287.0,263.47910779751555,False
Test year,480.0,386.6299363157796,False
Test year,558.0,422.22565277077535,False
Test year,454.0,427.0830718280557,False
Test year,271.0,186.10925704094967,False
Test year,-53.0,-14.509965545877094,False
Test year,-325.0,-309.18762188095064,False
Test year,-233.0,-296.83626485634625,False
Test year,-212.0,-293.69256683405655,False
Test year,-253.0,-235.09547504104287,False
Test year,-297.0,-219.13036391444646,False
Test year,-93.0,-285.62817896677234,False
Test year,-72.0,-114.49268274116292,False
Test year,-4.0,-79.00192792856876,False
Test year,-122.0,6.7376699681349805,False
Test year,14.0,-22.358466443121642,False
Test year,-48.0,53.681915542903994,False
Test year,-91.0,78.26217780082646,False
Test year,209.0,133.0804539173559,False
Test year,224.0,262.78532808842414,False
Test year,397.0,345.4553618599991,False
Test year,474.0,396.7310637870654,False
Test year,470.0,502.74717929808827,False
Test year,382.0,362.62943554580687,False
Test year,322.0,312.88282586611905,False
Test year,9.0,18.744515574253626,False
Test year,-58.0,-106.37291020977298,False
Test year,-150.0,-156.04115292233524,False
Test year,-188.0,-170.68080471791052,False
Test year,-106.0,-207.8631469222172,False
Test year,-187.0,-205.00485313566344,False
Test year,-186.0,-190.92028233892705,False
Test year,-223.0,-225.61692505572648,False
Test year,-153.0,-185.02595164202188,False
Test year,-232.0,-202.7219937364032,False
Test year,-245.0,-221.31742199185663,False
Test year,-280.0,-217.0828976409714,False
Test year,-48.0,-239.30849265956078,False
Test year,-135.0,-170.00985359263103,False
Test year,-289.0,-162.0140888636408,False
Test year,-236.0,-232.39285305579756,False
Test year,-223.0,-176.22969897596835,False
Test year,-183.0,-145.68600006476728,False
Test year,-103.0,-89.32402464585954,False
Test year,-69.0,-32.688918417713325,False
Test year,15.0,58.832431622780234,False
Test year,20.0,47.677508813983195,False
Test year,133.0,187.28775105700436,False
Test year,76.0,168.043710127382,False
Test year,249.0,266.01259866648365,False
Test year,375.0,270.31278252942104,False
Test year,371.0,316.00010008163247,False
Test year,125.0,150.1848413026852,False
Test year,-63.0,-107.05694751184234,False
Test year,-290.0,-290.0941809000229,False
Test year,-317.0,-297.5684699690612,False
Test year,-308.0,-360.51464667336467,False
Test year,-298.0,-262.2210719699436,False
Test year,-293.0,-191.91916737991204,False
Test year,30.0,-211.87139269464723,False
Test year,-104.0,8.092518350417691,False
Test year,-153.0,-22.03269114869323,False
Test year,-180.0,-101.14659561574751,False
Test year,-115.0,30.05631935448133,False
Test year,-10.0,35.236776938051634,False
Test year,45.0,132.29268111930372,False
Test year,209.0,233.59257492066408,False
Test year,363.0,287.47310021059684,False
Test year,479.0,449.93519495509446,False
Test year,536.0,465.6428410510535,False
Test year,614.0,565.4445535913865,False
Test year,513.0,500.4791694438104,False
Test year,387.0,433.5825321782695,False
Test year,90.0,77.86665340598927,False
Test year,-15.0,-50.96292891985149,False
Test year,-174.0,-118.79020896734161,False
Test year,-131.0,-160.01190208502504,False
Test year,-72.0,-173.59921941090658,False
Test year,-133.0,-171.22020418812303,False
Test year,-146.0,-155.80441030300506,False
Test year,-184.0,-193.67061073165553,False
Test year,-150.0,-156.47891473861176,False
Test year,-183.0,-187.8753219523822,False
Test year,-229.0,-195.82759230002262,False
Test year,-227.0,-188.08314781295138,False
Test year,-27.0,-203.15910986880533,False
Test year,-174.0,-139.9808574202637,False
Test year,-262.0,-163.22738462794422,False
Test year,-235.0,-215.69704196550765,False
Test year,-161.0,-161.91590607257757,False
Test year,-153.0,-113.84691757194207,False
Test year,-78.0,-63.31205053249357,False
Test year,-16.0,-13.755010266615955,False
Test year,-35.0,87.98850624444935,False
Test year,-39.0,33.69469391853215,False
Test year,64.0,164.3884401955192,False
Test year,165.0,137.0479370385038,False
Test year,169.0,321.8790354240882,False
Test year,291.0,234.45305608082157,False
Test year,303.0,272.6114200964151,False
Test year,139.0,128.83522536482454,False
Test year,-41.0,-73.59402125001543,False
Test year,-221.0,-267.74644462439835,False
Test year,-228.0,-214.98773012287342,False
Test year,-215.0,-275.2192168262792,False
Test year,-173.0,-216.2659356518125,False
Test year,-258.0,-105.45629084125733,False
Test year,16.0,-188.67179587774888,False
Test year,-39.0,-12.474561277156766,False
Test year,0.0,-12.87324023041532,False
Test year,-103.0,3.277820717780628,False
Test year,-156.0,-21.46479289823634,False
Test year,-42.0,31.196498117082456,False
Test year,69.0,115.51312830083697,False
Test year,186.0,242.1469675495351,False
Test year,246.0,288.27300383881015,False
Test year,452.0,381.35796018649904,False
Test year,520.0,455.63289742561284,False
Test year,610.0,554.290152516021,False
Test year,590.0,496.2198725324954,False
Test year,568.0,493.9176891408152,False
Test year,116.0,198.23773275586882,False
Test year,-52.0,-60.363962072842924,False
Test year,-114.0,-146.0005487222827,False
Test year,-150.0,-151.7629255239142,False
Test year,-122.0,-186.37929599624812,False
Test year,-218.0,-202.97227252188117,False
Test year,-201.0,-198.81246258402587,False
Test year,-305.0,-228.1316627993411,False
Test year,-232.0,-207.08364988170115,False
Test year,-301.0,-232.8245307698462,False
Test year,-206.0,-242.35674315003,False
Test year,-215.0,-175.76091453808726,False
Test year,42.0,-174.59761889435134,False
Test year,-94.0,-87.64361282481562,False
Test year,-273.0,-110.87170809753295,False
Test year,-212.0,-194.72659978648437,False
Test year,-177.0,-138.56991994532154,False
Test year,-69.0,-100.93119091851315,False
Test year,-9.0,-16.708128861702647,False
Test year,-9.0,37.026521848772944,False
Test year,40.0,108.362910939208,False
Test year,177.0,80.21710689167762,False
Test year,413.0,286.6116517050648,False
Test year,369.0,364.72169009301945,False
Test year,675.0,445.71739429275146,False
Test year,576.0,576.5728457301842,False
Test year,441.0,422.6102403402151,False
Test year,174.0,158.6695633886846,False
Test year,-202.0,-124.13752899781457,False
Test year,-482.0,-402.227332823428,False
Test year,-466.0,-394.2532171714912,False
Test year,-462.0,-457.94988916873467,False
Test year,-404.0,-369.8720658638805,False
Test year,-402.0,-294.06719676407954,False
Test year,-174.0,-259.6446415086094,False
Test year,-258.0,-136.7575385775375,False
Test year,-235.0,-98.21477402072532,False
Test year,-184.0,-70.84312241003784,False
Test year,-138.0,46.64823484586708,False
Test year,-29.0,94.77041453996748,False
Test year,35.0,158.4724607392327,False
Test year,333.0,260.0762978799032,False
Test year,398.0,386.7527727201342,False
Test year,566.0,479.58766518610014,False
Test year,635.0,523.5593627410099,False
Test year,672.0,626.5931662442031,False
Test year,595.0,534.3884023889628,False
Test year,642.0,491.7105741877873,False
Test year,139.0,248.31321303320033,False
Test year,40.0,-62.87908840307023,False
Test year,-182.0,-117.9315329462649,False
Test year,-134.0,-184.91629200885777,False
Test year,-121.0,-199.0292476691585,False
Test year,-183.0,-212.36621970500653,False
Test year,-288.0,-197.67656000484072,False
Test year,-339.0,-265.54397821852916,False
Test year,-229.0,-239.2845824660894,False
Test year,-221.0,-243.08256513448327,False
Test year,-272.0,-217.4701939054171,False
Test year,-234.0,-201.4121587518555,False
Test year,-12.0,-202.9676661229161,False
Test year,-181.0,-125.40491847500897,False
Test year,-203.0,-155.43440816878248,False
Test year,-211.0,-184.4434158814144,False
Test year,-134.0,-134.21072338002227,False
Test year,-131.0,-90.14332601966646,False
Test year,9.0,-42.441772649572385,False
Test year,-17.0,33.931082407705134,False
Test year,19.0,100.11768257220268,False
Test year,105.0,64.08361368791398,False
Test year,337.0,239.16659322403189,False
Test year,405.0,302.0012227225193,False
Test year,742.0,464.06612098218613,False
Test year,768.0,616.1738707107772,False
Test year,534.0,552.7517405684516,False
Test year,148.0,181.90015335007308,False
Test year,-326.0,-196.66379193352157,False
Test year,-653.0,-487.8056112478333,False
Test year,-583.0,-475.76380437842,False
Test year,-497.0,-560.1323024100363,False
Test year,-434.0,-431.8595545220095,False
Test year,-572.0,-307.8556467198024,False
Test year,-285.0,-296.8221875999252,False
Test year,-167.0,-182.63140007047747,False
Test year,-147.0,-17.970830202216746,False
Test year,-246.0,3.0636365282397264,False
Test year,-69.0,22.218690493969063,False
Test year,-64.0,107.77365693125725,False
Test year,135.0,150.62350439558264,False
Test year,299.0,310.7207351755695,False
Test year,371.0,374.0320995903052,False
Test year,595.0,459.6350975351234,False
Test year,645.0,548.942260409049,False
Test year,708.0,626.0821097072886,False
Test year,593.0,563.6292858198358,False
Test year,612.0,485.3444015980864,False
Test year,159.0,225.3082137577013,False
Test year,7.0,-48.173371487083614,False
Test year,-137.0,-130.23963809178673,False
Test year,-118.0,-168.21371302563563,False
Test year,-94.0,-188.12152097790084,False
Test year,-174.0,-201.99866342847855,False
Test year,-295.0,-194.67689772304834,False
Test year,-389.0,-270.5288786438521,False
Test year,-236.0,-260.8838774320872,False
Test year,-250.0,-257.8197552458921,False
Test year,-293.0,-231.22185589217804,False
Test year,-268.0,-219.06050706777398,False
Test year,20.0,-224.1015435636317,False
Test year,-135.0,-121.3022031277863,False
Test year,-313.0,-141.9211601569606,False
Test year,-211.0,-225.1798007769113,False
Test year,-159.0,-155.6678304163883,False
Test year,-145.0,-103.79293552690251,False
Test year,-17.0,-53.91231957320082,False
Test year,-34.0,17.984379369532917,False
Test year,120.0,88.93275718601535,False
Test year,53.0,110.14261618834519,False
Test year,274.0,212.77355325236832,False
Test year,378.0,257.42343264077016,False
Test year,690.0,447.0256468476432,False
Test year,767.0,578.0347805115252,False
Test year,573.0,563.8434373452012,False
Test year,127.0,218.72971164270723,False
Test year,-343.0,-198.34516106407028,False
Test year,-660.0,-478.0467692188713,False
Test year,-587.0,-503.1372246619321,False
Test year,-464.0,-550.6096944324794,False
Test year,-494.0,-399.5668995894028,False
Test year,-526.0,-315.2814424784532,False
Test year,-139.0,-302.0358339928778,False
Test year,-216.0,-99.39833671293144,False
Test year,-240.0,-27.118738938690115,False
Test year,-93.0,-24.49128125594939,False
Test year,-57.0,73.53078129517712,False
Test year,240.0,117.47100127398943,False
Test year,168.0,285.7332855179066,False
Test year,333.0,310.60369981763233,False
Test year,176.0,384.2391406400662,False
Test year,583.0,343.48068008137255,False
Test year,499.0,545.5127741094143,False
Test year,631.0,531.3867573020236,False
Test year,554.0,506.88453603292896,False
Test year,538.0,460.41872038165684,False
Test year,180.0,175.92193347079524,False
Test year,27.0,-25.236952070795837,False
Test year,-129.0,-116.05267106316796,False
Test year,-129.0,-159.49004645907607,False
Test year,-166.0,-186.68980070051958,False
Test year,-183.0,-223.97485719889062,False
Test year,-241.0,-197.26203934299517,False
Test year,-342.0,-245.37340918985302,False
Test year,-203.0,-231.68637055112674,False
Test year,-245.0,-234.03904843957514,False
Test year,-259.0,-223.5341928770511,False
Test year,-253.0,-201.45308770569216,False
Test year,25.0,-209.40704826424724,False
Test year,-132.0,-113.49812749937067,False
Test year,-237.0,-137.7797501028141,False
Test year,-181.0,-194.94765590765712,False
Test year,-106.0,-130.97473281389625,False
Test year,-189.0,-79.13979927087604,False
Test year,-121.0,-65.36661537988715,False
Test year,-94.0,-28.47906417217058,False
Test year,21.0,59.44123405303935,False
Test year,140.0,60.74846027094918,False
Test year,319.0,259.8814091949676,False
Test year,398.0,293.4692826622963,False
Test year,719.0,463.85741289536514,False
Test year,708.0,603.8065478071354,False
Test year,265.0,512.3080758565372,False
Test year,244.0,1.9909909512689978,False
Test year,-452.0,-111.66853877762787,False
Test year,-701.0,-518.9496354980677,False
Test year,-644.0,-503.54292811603204,False
Test year,-427.0,-559.2810089968574,False
Test year,-518.0,-390.95572469453174,False
Test year,-352.0,-280.25072261145556,False
Test year,-78.0,-211.75853231161608,False
Test year,26.0,-24.642180439986532,False
Test year,27.0,126.13990852372513,False
Test year,-96.0,99.40050573218986,False
Test year,-72.0,33.50894744594308,False
Test year,8.0,110.76132120566962,False
Test year,86.0,129.8372548845706,False
Test year,174.0,288.0080245165401,False
Test year,307.0,284.3947874885535,False
Test year,562.0,436.45466612625563,False
Test year,767.0,527.3602659908959,False
Test year,648.0,729.9354629223335,False
Test year,608.0,493.06233314385275,False
Test year,636.0,498.35942643513897,False
Test year,187.0,236.14771588260243,False
Test year,71.0,-43.24420348048969,False
Test year,-81.0,-111.28130972067254,False
Test year,-66.0,-156.98530475049176,False
Test year,-173.0,-177.80678053072592,False
Test year,-102.0,-242.48673635271086,False
Test year,-271.0,-190.01495233399993,False
Test year,-417.0,-270.33773582418127,False
Test year,-234.0,-281.7486951177118,False
Test year,-337.0,-277.3787487188665,False
Test year,-266.0,-274.26864252043424,False
Test year,-264.0,-232.49248300148253,False
Test year,20.0,-226.03625111787323,False
Test year,-183.0,-128.81467149951285,False
Test year,-232.0,-167.41149599791675,False
Test year,-98.0,-207.65335233769326,False
Test year,-279.0,-107.56289312027224,False
Test year,-174.0,-144.2431566460279,False
Test year,-18.0,-87.5234611568381,False
Test year,-86.0,9.949695122902853,False
Test year,-3.0,64.21406807601039,False
Test year,111.0,44.7964759704397,False
Test year,367.0,236.86288936561934,False
Test year,422.0,317.9647084188033,False
Test year,715.0,469.1662095086116,False
Test year,831.0,586.36836213745,False
Test year,612.0,595.343934270805,False
Test year,183.0,194.92101793054434,False
Test year,-426.0,-219.34021875910514,False
Test year,-734.0,-554.0293724592502,False
Test year,-665.0,-550.0491870288972,False
Test year,-583.0,-601.2085710323337,False
Test year,-507.0,-455.0416367572644,False
Test year,-388.0,-330.8265908790636,False
Test year,-264.0,-244.0284510405512,False
Test year,-239.0,-107.58919332568851,False
Test year,-211.0,-43.08585913974713,False
Test year,-138.0,-8.460823870086301,False
Test year,-65.0,75.20234785589042,False
Test year,-45.0,134.64277050866986,False
Test year,122.0,167.58348574551047,False
Test year,341.0,305.12925889664996,False
Test year,326.0,398.84717147622075,False
Test year,752.0,426.4973897721843,False
Test year,664.0,664.8462193010346,False
Test year,872.0,613.0022277398617,False
Test year,729.0,674.9635387757997,False
Test year,691.0,566.1073159091568,False
Test year,113.0,254.1625842074904,False
Test year,39.0,-105.06918058989328,False
Test year,-150.0,-140.9505336909665,False
Test year,-81.0,-196.03213459351304,False
Test year,-73.0,-199.7078356128083,False
Test year,-163.0,-216.96003093585517,False
Test year,-203.0,-215.79984322220525,False
Test year,-276.0,-265.25976703286807,False
Test year,-226.0,-240.99865846436904,False
Test year,-329.0,-269.2616283255887,False
Test year,-351.0,-292.35846555406835,False
Test year,-313.0,-292.84351592026064,False
Test year,-95.0,-287.2797725705273,False
Test year,-208.0,-210.63688335035323,False
Test year,-290.0,-206.56089218227783,False
Test year,-269.0,-252.7981048135556,False
Test year,-178.0,-199.07413667005153,False
Test year,-122.0,-143.26808564374028,False
Test year,-68.0,-69.6651395703654,False
Test year,-103.0,-22.906438289584344,False
Test year,-80.0,37.448816809667164,False
Test year,16.0,-4.618346620168637,False
Test year,140.0,171.77331611844258,False
Test year,186.0,163.13074478861066,False
Test year,388.0,315.3027853750791,False
Test year,468.0,350.1677926991888,False
Test year,472.0,354.18936509866387,False
Test year,183.0,160.71168505006528,False
Test year,-107.0,-157.62995612702395,False
Test year,-474.0,-386.53302156375184,False
Test year,-482.0,-387.19793231186867,False
Test year,-471.0,-454.5718385331358,False
Test year,-560.0,-371.27233245695044,False
Test year,-495.0,-328.3280137145759,False
Test year,-339.0,-296.3819050024264,False
Test year,-231.0,-182.05161638015227,False
Test year,-183.0,-71.09300025672377,False
Test year,-132.0,-6.7661737995235285,False
Test year,48.0,73.4770802763266,False
Test year,31.0,169.79706279392911,False
Test year,84.0,190.0895554714969,False
Test year,334.0,276.1006864532687,False
Test year,435.0,383.47307769782753,False
Test year,574.0,502.09406977097893,False
Test year,583.0,521.3451545653884,False
Test year,698.0,577.5519978470261,False
Test year,572.0,557.3734271168346,False
Test year,564.0,481.3911734402262,False
Test year,113.0,203.6187319860278,False
Test year,-35.0,-54.55423443809363,False
Test year,-49.0,-130.82859747082674,False
Test year,-107.0,-119.51466041271726,False
Test year,-62.0,-161.98828605031906,False
Test year,-117.0,-175.07080480401982,False
Test year,-159.0,-160.03077312192676,False
Test year,-209.0,-208.82464742687142,False
Test year,-212.0,-179.16915068540857,False
Test year,-212.0,-225.2920996883883,False
Test year,-257.0,-224.2064457812839,False
Test year,-267.0,-211.25183584992442,False
Test year,-24.0,-230.09429376762375,False
Test year,-168.0,-152.1776699821272,False
Test year,-334.0,-167.89099136532855,False
Test year,-241.0,-247.207714166799,False
Test year,-139.0,-181.4201572742287,False
Test year,-196.0,-111.03313692069497,False
Test year,-57.0,-82.21512034328299,False
Test year,-41.0,-14.907867970365345,False
Test year,-19.0,74.45518300358313,False
Test year,79.0,35.369350582504865,False
Test year,64.0,215.33482234654548,False
Test year,103.0,136.52856837010492,False
Test year,264.0,281.4550623263739,False
Test year,344.0,283.7709615603179,False
Test year,370.0,290.73544436343786,False
Test year,144.0,118.66696390328758,False
Test year,-90.0,-134.72791616064313,False
Test year,-286.0,-330.2917204135418,False
Test year,-306.0,-266.6308884219513,False
Test year,-281.0,-312.85241409585035,False
Test year,-374.0,-246.4381626776343,False
Test year,-391.0,-225.43701025130727,False
Test year,-81.0,-244.410562377454,False
Test year,-263.0,-54.140777918749194,False
Test year,-205.0,-123.08089972620269,False
Test year,-59.0,-3.1221367405017872,False
Test year,95.0,74.56900520857914,False
Test year,88.0,175.58020948097726,False
Test year,84.0,190.0306854077457,False
Test year,345.0,263.7889136706275,False
Test year,382.0,387.3272775305797,False
Test year,497.0,478.44711028723117,False
Test year,614.0,487.3609401844187,False
Test year,662.0,610.2822598044804,False
Test year,590.0,513.3831682745217,False
Test year,640.0,489.4044894928859,False
Test year,164.0,245.36531960042169,False
Test year,61.0,-53.5819009806217,False
Test year,-60.0,-112.12647108966425,False
Test year,-128.0,-144.4254009873759,False
Test year,-129.0,-194.68707920716616,False
Test year,-246.0,-224.68624605096892,False
Test year,-275.0,-230.1181020107898,False
Test year,-263.0,-277.3970747489658,False
Test year,-541.0,-219.88311402478865,False
Test year,-244.0,-344.34175125171254,False
Test year,-61.0,-291.53832185545093,False
Test year,-196.0,-119.39893751380384,False
Test year,-48.0,-163.5351531611061,False
Test year,-200.0,-135.07758485854362,False
Test year,-216.0,-163.99706504841757,False
Test year,-198.0,-190.8868364587421,False
Test year,-162.0,-130.4312763753585,False
Test year,-114.0,-98.92358466799448,False
Test year,-30.0,-37.986406959321016,False
Test year,4.0,19.692175486834685,False
Test year,159.0,108.83612211818263,False
Test year,100.0,137.4402678921411,False
Test year,347.0,239.81975992838687,False
Test year,329.0,310.10307023052815,False
Test year,758.0,414.545232168752,False
Test year,730.0,637.8072897388881,False
Test year,616.0,521.5164067551252,False
Test year,246.0,234.3252044221643,False
Test year,-180.0,-137.25298983985647,False
Test year,-461.0,-401.6032490266816,False
Test year,-291.0,-376.33084145217106,False
Test year,-500.0,-394.25678801365314,False
Test year,-659.0,-434.7180545476904,False
Test year,-474.0,-453.9783225686385,False
Test year,-364.0,-315.0207648376921,False
Test year,-350.0,-226.54792339420632,False
Test year,-112.0,-118.22972404489377,False
Test year,-162.0,2.4804455320986563,False
Test year,-46.0,46.575969542271366,False
Test year,50.0,103.45168385146877,False
Test year,25.0,177.50160311816865,False
Test year,183.0,241.97117639511475,False
Test year,328.0,297.18328035229234,False
Test year,490.0,440.13321850442037,False
Test year,578.0,470.6184965893127,False
Test year,705.0,582.5173810923949,False
Test year,552.0,551.1302283686813,False
Test year,657.0,454.21477343189235,False
Test year,139.0,259.28637901866495,False
Test year,43.0,-71.13829252868612,False
Test year,-73.0,-121.43294337084288,False
Test year,-84.0,-150.29404643894355,False
Test year,-187.0,-179.60417185706734,False
Test year,-233.0,-243.56838275157003,False
Test year,-239.0,-232.64298990894247,False
Test year,-375.0,-264.09099600806513,False
Test year,-266.0,-253.75101530003002,False
Test year,-359.0,-272.06780698687584,False
Test year,-312.0,-278.05635999602873,False
Test year,-256.0,-241.83661695845672,False
Test year,0.0,-219.55073593202457,False
Test year,-211.0,-124.56649117755563,False
Test year,-41.0,-166.60384737326714,False
Test year,-305.0,-127.30983451524719,False
Test year,-217.0,-156.48595391673555,False
Test year,-153.0,-138.34786467610883,False
Test year,-89.0,-61.24189426137758,False
Test year,-8.0,-8.844688729777715,False
Test year,1.0,99.72410394722482,False
Test year,110.0,58.035232995261794,False
Test year,355.0,243.22656912364147,False
Test year,435.0,317.6218400311848,False
Test year,753.0,488.77372449358705,False
Test year,792.0,628.0719443054576,False
Test year,325.0,571.4295487313466,False
Test year,178.0,13.030529064435996,False
Test year,-304.0,-171.89357292029115,False
Test year,-677.0,-469.42480698108966,False
Test year,-654.0,-458.8553533052919,False
Test year,-497.0,-574.4772721517547,False
Test year,-434.0,-412.63762860795043,False
Test year,-544.0,-303.8044974172249,False
Test year,-270.0,-284.55113165143916,False
Test year,-290.0,-165.3056031867971,False
Test year,-225.0,-83.53518095242191,False
Test year,-130.0,-29.60039352353658,False
Test year,39.0,80.9001459750254,False
Test year,103.0,176.82099717433397,False
Test year,170.0,234.67461260514887,False
Test year,281.0,336.3398196211893,False
Test year,451.0,361.0552393468319,False
Test year,592.0,521.4843152082594,False
Test year,584.0,545.5174565077826,False
Test year,613.0,581.8428559907977,False
Test year,596.0,484.9059363076746,False
Test year,714.0,510.07800876758455,False
Test year,143.0,315.57500812249225,False
Test year,71.0,-62.56613400996392,False
Test year,-102.0,-97.54061975009503,False
Test year,-92.0,-150.39600714191084,False
Test year,-177.0,-173.96027340730348,False
Test year,-179.0,-230.03335384018055,False
Test year,-264.0,-202.6915705093259,False
Test year,-327.0,-258.10528729580005,False
Test year,-237.0,-234.56134945253172,False
Test year,-302.0,-247.90901463727403,False
Test year,-262.0,-251.31562368688014,False
Test year,-270.0,-217.05744974198285,False
Test year,-95.0,-220.64199924605998,False
Test year,-155.0,-169.29477195502187,False
Test year,-259.0,-154.2323143975059,False
Test year,-182.0,-206.05788455973556,False
Test year,-156.0,-134.75161976404513,False
Test year,-173.0,-98.13955063847749,False
Test year,36.0,-63.502331802292474,False
Test year,-26.0,39.94959974887044,False
Test year,-4.0,95.50045695265317,False
Test year,72.0,51.75182835135482,False
Test year,327.0,220.68991808955536,False
Test year,420.0,295.3285495248791,False
Test year,668.0,476.69494640698326,False
Test year,722.0,558.5284559014365,False
Test year,544.0,519.5625114385684,False
Test year,-21.0,166.07816154571344,False
Test year,-495.0,-280.35503201869324,False
Test year,-751.0,-541.601773445123,False
Test year,-462.0,-518.9657747642876,False
Test year,-398.0,-490.07171360979055,False
Test year,-428.0,-342.74742962332914,False
Test year,-379.0,-249.766491217269,False
Test year,-191.0,-168.37960244473152,False
Test year,-227.0,-156.5340189926492,False
Test year,-215.0,-80.02387101193398,False
Test year,-224.0,-65.95868868954761,False
Test year,-20.0,40.91031236433537,False
Test year,57.0,155.19844840136508,False
Test year,103.0,221.49963059958623,False
Test year,256.0,301.70367627602405,False
Test year,412.0,347.7162519293591,False
Test year,677.0,495.00714882096315,False
Test year,700.0,605.4647449584141,False
Test year,793.0,655.5882898758182,False
Test year,683.0,610.6395334061709,False
Test year,695.0,553.0106736548296,False
Test year,189.0,277.1768383318643,False
Test year,99.0,-54.24856563452727,False
Test year,-45.0,-102.90909918880322,False
Test year,-78.0,-148.6500254424678,False
Test year,-110.0,-187.22950204475904,False
Test year,-212.0,-228.1878269960979,False
Test year,-308.0,-232.54754182645064,False
Test year,-395.0,-301.0997753469153,False
Test year,-272.0,-285.3151649799495,False
Test year,-315.0,-291.02230986156366,False
Test year,-314.0,-276.6500835164593,False
Test year,-287.0,-247.30870492317058,False
Test year,18.0,-242.97235980523274,False
Test year,-200.0,-133.07131249970308,False
Test year,-258.0,-173.03165659375753,False
Test year,-213.0,-217.85307796998046,False
Test year,-108.0,-152.22147747636564,False
Test year,-206.0,-89.31221590484546,False
Test year,-89.0,-76.27273127403242,False
Test year,-78.0,-22.348672620889914,False
Test year,113.0,64.217699374657,False
Test year,133.0,102.36197308260199,False
Test year,370.0,252.1136547953498,False
Test year,436.0,319.1180565222875,False
Test year,765.0,477.2977182752074,False
Test year,768.0,623.7056952161831,False
Test year,568.0,527.4759262594694,False
Test year,60.0,146.48347067724546,False
Test year,-341.0,-286.83359088375306,False
Test year,-657.0,-512.7558071474741,False
Test year,-544.0,-500.08414407249046,False
Test year,-633.0,-540.4393357534445,False
Test year,-584.0,-444.28895401921955,False
Test year,-512.0,-395.33674152389244,False
Test year,-326.0,-296.84659860387063,False
Test year,-372.0,-175.34469078578456,False
Test year,-140.0,-98.51381051309943,False
Test year,-95.0,15.946160285087274,False
Test year,-46.0,115.34225939134427,False
Test year,2.0,153.35157710834574,False
Test year,82.0,197.05392763061502,False
Test year,342.0,297.1376182014899,False
Test year,420.0,409.44378843840593,False
Test year,709.0,493.61542775811483,False
Test year,793.0,625.8522187383983,False
Test year,766.0,718.5940015798486,False
Test year,758.0,563.5567189468794,False
Test year,695.0,609.8493265372899,False
Test year,181.0,260.1150179492814,False
Test year,102.0,-69.63883238963979,False
Test year,-30.0,-111.11024697866756,False
Test year,-10.0,-152.16364178960902,False
Test year,-179.0,-170.0279413089354,False
Test year,-162.0,-261.43524072809583,False
Test year,-320.0,-233.48910162032757,False
Test year,-342.0,-312.665247147364,False
Test year,-263.0,-284.4382690569604,False
Test year,-263.0,-293.81618686454317,False
Test year,-331.0,-274.31817951679375,False
Test year,-382.0,-264.4554518662137,False
Test year,-55.0,-296.86886809370924,False
Test year,-189.0,-196.5526987076936,False
Test year,-207.0,-185.82390352575266,False
Test year,-210.0,-210.6786373765251,False
Test year,-169.0,-156.81579208885432,False
Test year,-201.0,-124.74796292057914,False
Test year,27.0,-91.34672379455037,False
Test year,-49.0,16.729543193068935,False
Test year,30.0,70.98814603282352,False
Test year,152.0,50.499281409111404,False
Test year,373.0,247.04774910107298,False
Test year,430.0,306.5212046156514,False
Test year,680.0,456.7151406991485,False
Test year,771.0,538.4349447252539,False
Test year,655.0,523.6790022223386,False
Test year,62.0,210.09073122852817,False
Test year,-425.0,-295.99609976477575,False
Test year,-716.0,-563.5217537108264,False
Test year,-603.0,-554.2648349915221,False
Test year,-642.0,-585.1087104915453,False
Test year,-522.0,-467.7779033783397,False
Test year,-504.0,-354.6633762032178,False
Test year,-308.0,-299.6518121286871,False
Test year,-297.0,-193.19900115225636,False
Test year,-238.0,-57.970735808876725,False
Test year,-181.0,-30.92658271412415,False
Test year,-139.0,54.99386093378672,False
Test year,-6.0,107.26191338363253,False
Test year,81.0,179.98609209744524,False
Test year,367.0,288.1692667912333,False
Test year,430.0,419.9057701159656,False
Test year,662.0,500.94292246105016,False
Test year,724.0,585.3610822681646,False
Test year,781.0,672.1860931397873,False
Test year,602.0,581.2555480315766,False
Test year,626.0,484.6545680644198,False
Test year,125.0,227.59097846105317,False
Test year,-16.0,-81.81374406173745,False
Test year,-109.0,-149.33562016912603,False
Test year,-104.0,-166.57779786372748,False
Test year,-53.0,-187.9725246495193,False
Test year,-112.0,-194.96369562943033,False
Test year,-170.0,-181.50684647701638,False
Test year,-294.0,-237.2052592089978,False
Test year,-180.0,-233.8656876644681,False
Test year,-265.0,-247.39594476572796,False
Test year,-298.0,-258.39770405334207,False
